postcode,locality,state,type,status,lat,lng,sa1_code_2021,sa1_name_2021,sa2_code_2021,sa2_name_2021,lga_name,lga_code
3000,MELBOURNE,VIC,Delivery Area,Updated 17-Mar-2024 AUSPOST,-37.8152065,144.963937,20604150622,North Melbourne,206041506,North Melbourne,Melbourne,24600
3002,EAST MELBOURNE,VIC,Delivery Area,Updated 17-Mar-2024 AUSPOST,-37.8161444,144.9804594,20604111915,East Melbourne,206041119,East Melbourne,Melbourne,24600
3003,WEST MELBOURNE,VIC,Delivery Area,Updated 6-Feb-2020,-37.8114504,144.9253974,20604151016,West Melbourne,206041510,West Melbourne - Residential,Melbourne,24600
3004,MELBOURNE,VIC,Delivery Area,Updated 17-Mar-2024 AUSPOST,-37.8301583,144.9804594,20605151429,Melbourne,206051514,St Kilda - West,Melbourne,24600
3004,ST KILDA ROAD CENTRAL,VIC,Delivery Area,Updated 6-Feb-2020,-37.8368,144.976,20605151429,Melbourne,206051514,St Kilda - West,Melbourne,24600
3004,ST KILDA ROAD MELBOURNE,VIC,Delivery Area,Updated 25-Jan-2020,-37.8368,144.976,20605151429,Melbourne,206051514,St Kilda - West,Melbourne,24600
3005,WORLD TRADE CENTRE,VIC,Delivery Area,Updated 6-Feb-2020,-37.8226739,144.953839,,,,,Melbourne,24600
3006,SOUTH WHARF,VIC,Delivery Area,Updated 6-Feb-2020,-37.825,144.952,20605151219,Southbank,206051512,South Melbourne,Port Phillip,25900
3006,SOUTHBANK,VIC,Delivery Area,Updated 6-Feb-2020,-37.829,144.957,20605151219,Southbank,206051512,South Melbourne,Port Phillip,25900
3008,DOCKLANDS,VIC,Delivery Area,Updated 6-Feb-2020,-37.8170652,144.9419122,20605151104,Port Melbourne,206051511,Port Melbourne Industrial,Melbourne,24600
3010,UNIVERSITY OF MELBOURNE,VIC,Delivery Area,Updated 6-Feb-2020,-37.7983459,144.960974,,,,,Melbourne,24600
3011,FOOTSCRAY,VIC,Delivery Area,Updated 6-Feb-2020,-37.7988987,144.892357,21303135123,West Footscray,213031351,West Footscray - Tottenham,Maribyrnong,24330
3011,SEDDON,VIC,Delivery Area,Updated 6-Feb-2020,-37.8055831,144.891002,21303135123,West Footscray,213031351,West Footscray - Tottenham,Maribyrnong,24330
3011,SEDDON WEST,VIC,Delivery Area,Updated 6-Feb-2020,-37.8053708,144.8918846,21303135123,West Footscray,213031351,West Footscray - Tottenham,Maribyrnong,24330
3012,BROOKLYN,VIC,Delivery Area,Updated 6-Feb-2020,-37.8173492,144.8465361,21303135128,West Footscray,213031351,West Footscray - Tottenham,Brimbank,21180
3012,KINGSVILLE,VIC,Delivery Area,Updated 6-Feb-2020,-37.809,144.878,21303135128,West Footscray,213031351,West Footscray - Tottenham,Brimbank,21180
3012,KINGSVILLE WEST,VIC,Delivery Area,Updated 6-Feb-2020,-37.809,144.878,21303135128,West Footscray,213031351,West Footscray - Tottenham,Brimbank,21180
3012,MAIDSTONE,VIC,Delivery Area,Updated 6-Feb-2020,-37.783,144.878,21303135128,West Footscray,213031351,West Footscray - Tottenham,Brimbank,21180
3012,TOTTENHAM,VIC,Delivery Area,Updated 6-Feb-2020,-37.806,144.857,21303135128,West Footscray,213031351,West Footscray - Tottenham,Brimbank,21180
3012,WEST FOOTSCRAY,VIC,Delivery Area,Updated 6-Feb-2020,-37.8006709,144.8716645,21303135128,West Footscray,213031351,West Footscray - Tottenham,Brimbank,21180
3013,YARRAVILLE,VIC,Delivery Area,Updated 6-Feb-2020,-37.819811,144.8813738,21303135234,Yarraville,213031352,Yarraville,Maribyrnong,24330
3013,YARRAVILLE WEST,VIC,Delivery Area,Updated 6-Feb-2020,-37.8148018,144.8852384,21303135234,Yarraville,213031352,Yarraville,Maribyrnong,24330
3015,NEWPORT,VIC,Delivery Area,Updated 6-Feb-2020,-37.842,144.884,21302134442,Spotswood,213021344,Newport,Hobsons Bay,23110
3015,SOUTH KINGSVILLE,VIC,Delivery Area,Updated 6-Feb-2020,-37.8300643,144.8703715,21302134442,Spotswood,213021344,Newport,Hobsons Bay,23110
3015,SPOTSWOOD,VIC,Delivery Area,Updated 6-Feb-2020,-37.8292454,144.8813515,21302134442,Spotswood,213021344,Newport,Hobsons Bay,23110
3016,WILLIAMSTOWN,VIC,Delivery Area,Updated 6-Feb-2020,-37.861,144.885,21302134635,Williamstown (Vic.),213021346,Williamstown,Hobsons Bay,23110
3016,WILLIAMSTOWN NORTH,VIC,Delivery Area,Updated 6-Feb-2020,-37.8517597,144.8689963,21302134635,Williamstown (Vic.),213021346,Williamstown,Hobsons Bay,23110
3018,ALTONA,VIC,Delivery Area,Updated 6-Feb-2020,-37.8631512,144.8120218,21302134141,Altona (Vic.),213021341,Altona,Hobsons Bay,23110
3018,SEAHOLME,VIC,Delivery Area,Updated 6-Feb-2020,-37.868,144.841,21302134141,Altona (Vic.),213021341,Altona,Hobsons Bay,23110
3019,BRAYBROOK,VIC,Delivery Area,Updated 6-Feb-2020,-37.7903679,144.8566207,21303134748,Braybrook,213031347,Braybrook,Maribyrnong,24330
3019,BRAYBROOK NORTH,VIC,Delivery Area,Updated 6-Feb-2020,-37.7903679,144.8566207,21303134748,Braybrook,213031347,Braybrook,Maribyrnong,24330
3019,ROBINSON,VIC,Delivery Area,Updated 6-Feb-2020,-37.793488,144.860535,21303134748,Braybrook,213031347,Braybrook,Maribyrnong,24330
3020,ALBION,VIC,Delivery Area,Updated 6-Feb-2020,-37.7755151,144.8154448,21301157017,Sunshine West,213011570,Derrimut,Brimbank,21180
3020,GLENGALA,VIC,Delivery Area,Updated 6-Feb-2020,-37.78827,144.8087985,21301157017,Sunshine West,213011570,Derrimut,Brimbank,21180
3020,SUNSHINE,VIC,Delivery Area,Updated 6-Feb-2020,-37.783657,144.8375652,21301157017,Sunshine West,213011570,Derrimut,Brimbank,21180
3020,SUNSHINE NORTH,VIC,Delivery Area,Updated 6-Feb-2020,-37.7645428,144.8312453,21301157017,Sunshine West,213011570,Derrimut,Brimbank,21180
3020,SUNSHINE WEST,VIC,Delivery Area,Updated 17-Mar-2024 AUSPOST,-37.7946685,144.818759,21301157017,Sunshine West,213011570,Derrimut,Brimbank,21180
3021,ALBANVALE,VIC,Delivery Area,Updated 6-Feb-2020,-37.746,144.765,21301133538,St Albans (Vic.),213011335,St Albans - South,Brimbank,21180
3021,KEALBA,VIC,Delivery Area,Updated 6-Feb-2020,-37.7327512,144.8238362,21301133538,St Albans (Vic.),213011335,St Albans - South,Brimbank,21180
3021,KINGS PARK,VIC,Delivery Area,Updated 6-Feb-2020,-37.734,144.772,21301133538,St Albans (Vic.),213011335,St Albans - South,Brimbank,21180
3021,ST ALBANS,VIC,Delivery Area,Updated 6-Feb-2020,-37.7442306,144.7999941,21301133538,St Albans (Vic.),213011335,St Albans - South,Brimbank,21180
3022,ARDEER,VIC,Delivery Area,Updated 6-Feb-2020,-37.7776716,144.7988921,21301156931,Deer Park,213011569,Deer Park,Brimbank,21180
3022,DEER PARK EAST,VIC,Delivery Area,Updated 6-Feb-2020,-37.7776716,144.7988921,21301156931,Deer Park,213011569,Deer Park,Brimbank,21180
3023,BURNSIDE,VIC,Delivery Area,Updated 6-Feb-2020,-37.753,144.754,21304146344,Caroline Springs,213041463,Caroline Springs,Brimbank,21180
3023,BURNSIDE HEIGHTS,VIC,Delivery Area,Updated 6-Feb-2020,-37.727,144.76,21304146344,Caroline Springs,213041463,Caroline Springs,Brimbank,21180
3023,CAIRNLEA,VIC,Delivery Area,Updated 6-Feb-2020,-37.7578477,144.7913339,21304146344,Caroline Springs,213041463,Caroline Springs,Brimbank,21180
3023,CAROLINE SPRINGS,VIC,Delivery Area,Updated 6-Feb-2020,-37.745,144.74,21304146344,Caroline Springs,213041463,Caroline Springs,Brimbank,21180
3023,DEER PARK,VIC,Delivery Area,Updated 6-Feb-2020,-37.7702749,144.7747728,21304146344,Caroline Springs,213041463,Caroline Springs,Brimbank,21180
3023,DEER PARK NORTH,VIC,Delivery Area,Updated 6-Feb-2020,-37.7561,144.7735655,21304146344,Caroline Springs,213041463,Caroline Springs,Brimbank,21180
3023,RAVENHALL,VIC,Delivery Area,Updated 6-Feb-2020,-37.7910708,144.7257546,21304146344,Caroline Springs,213041463,Caroline Springs,Brimbank,21180
3024,FIELDSTONE,VIC,Delivery Area,Updated 6-Feb-2020,-37.7472,144.649,21305159035,Wyndham Vale,213051590,Wyndham Vale - South,Melton,24650
3024,MAMBOURIN,VIC,Delivery Area,Updated 6-Feb-2020,-37.892471,144.5964645,21305159035,Wyndham Vale,213051590,Wyndham Vale - South,Melton,24650
3024,MANOR LAKES,VIC,Delivery Area,Updated 6-Feb-2020,-37.8734,144.582,21305159035,Wyndham Vale,213051590,Wyndham Vale - South,Melton,24650
3024,MOUNT COTTRELL,VIC,Delivery Area,Updated 6-Feb-2020,-37.7968182,144.6229115,21305159035,Wyndham Vale,213051590,Wyndham Vale - South,Melton,24650
3024,WYNDHAM VALE,VIC,Delivery Area,Updated 6-Feb-2020,-37.89,144.63,21305159035,Wyndham Vale,213051590,Wyndham Vale - South,Melton,24650
3025,ALTONA EAST,VIC,Delivery Area,Updated 6-Feb-2020,-37.8388686,144.8346241,21302134432,South Kingsville,213021344,Newport,Hobsons Bay,23110
3025,ALTONA GATE,VIC,Delivery Area,Updated 6-Feb-2020,-37.8277061,144.8477003,21302134432,South Kingsville,213021344,Newport,Hobsons Bay,23110
3025,ALTONA NORTH,VIC,Delivery Area,Updated 6-Feb-2020,-37.8388686,144.8346241,21302134432,South Kingsville,213021344,Newport,Hobsons Bay,23110
3026,DERRIMUT,VIC,Delivery Area,Updated 6-Feb-2020,-37.7927082,144.7715559,21305136307,Laverton North,213051363,Laverton,Wyndham,27260
3026,LAVERTON NORTH,VIC,Delivery Area,Updated 6-Feb-2020,-37.8280477,144.7854874,21305136307,Laverton North,213051363,Laverton,Wyndham,27260
3027,LAVERTON RAAF,VIC,Delivery Area,Updated 6-Feb-2020,-37.8655231,144.7613154,21305158720,Williams Landing,213051587,Truganina - South East,Wyndham,27260
3027,WILLIAMS LANDING,VIC,Delivery Area,Updated 6-Feb-2020,-37.8615,144.744,21305158720,Williams Landing,213051587,Truganina - South East,Wyndham,27260
3027,WILLIAMS RAAF,VIC,Delivery Area,Updated 6-Feb-2020,-37.9232,144.749,21305158720,Williams Landing,213051587,Truganina - South East,Wyndham,27260
3028,ALTONA MEADOWS,VIC,Delivery Area,Updated 6-Feb-2020,-37.8715626,144.7775818,21305136315,Laverton (Vic.),213051363,Laverton,Wyndham,27260
3028,LAVERTON,VIC,Delivery Area,Updated 6-Feb-2020,-37.8592043,144.7704046,21305136315,Laverton (Vic.),213051363,Laverton,Wyndham,27260
3028,SEABROOK,VIC,Delivery Area,Updated 6-Feb-2020,-37.876,144.758,21305136315,Laverton (Vic.),213051363,Laverton,Wyndham,27260
3029,HOPPERS CROSSING,VIC,Delivery Area,Updated 6-Feb-2020,-37.8629027,144.6854533,21305158834,Truganina,213051588,Truganina - South West,Melton,24650
3029,TARNEIT,VIC,Delivery Area,Updated 6-Feb-2020,-37.8091678,144.6672079,21305158834,Truganina,213051588,Truganina - South West,Melton,24650
3029,TRUGANINA,VIC,Delivery Area,Updated 6-Feb-2020,-37.8282806,144.7082568,21305158834,Truganina,213051588,Truganina - South West,Melton,24650
3030,CHARTWELL,VIC,Delivery Area,Updated 6-Feb-2020,-37.7935,144.764,21305158120,Point Cook,213051581,Point Cook - North West,Wyndham,27260
3030,COCOROC,VIC,Delivery Area,Updated 6-Feb-2020,-37.9686685,144.6215012,21305158120,Point Cook,213051581,Point Cook - North West,Wyndham,27260
3030,POINT COOK,VIC,Delivery Area,Updated 6-Feb-2020,-37.9178086,144.7477259,21305158120,Point Cook,213051581,Point Cook - North West,Wyndham,27260
3030,QUANDONG,VIC,Delivery Area,Updated 6-Feb-2020,-37.8414477,144.5470351,21305158120,Point Cook,213051581,Point Cook - North West,Wyndham,27260
3030,WERRIBEE,VIC,Delivery Area,Updated 6-Feb-2020,-37.8997995,144.6641401,21305158120,Point Cook,213051581,Point Cook - North West,Wyndham,27260
3030,WERRIBEE SOUTH,VIC,Delivery Area,Updated 6-Feb-2020,-37.937,144.697,21305158120,Point Cook,213051581,Point Cook - North West,Wyndham,27260
3031,FLEMINGTON,VIC,Delivery Area,Updated 6-Feb-2020,-37.7833035,144.9277474,20604112129,Kensington (Vic.),206041121,Kensington (Vic.),Moonee Valley,25060
3031,KENSINGTON,VIC,Delivery Area,Updated 6-Feb-2020,-37.7941207,144.9276659,20604112129,Kensington (Vic.),206041121,Kensington (Vic.),Moonee Valley,25060
3032,ASCOT VALE,VIC,Delivery Area,Updated 6-Feb-2020,-37.7767444,144.9110705,21303134937,Maribyrnong,213031349,Maribyrnong,Maribyrnong,24330
3032,HIGHPOINT CITY,VIC,Delivery Area,Updated 6-Feb-2020,-37.7732279,144.8893046,21303134937,Maribyrnong,213031349,Maribyrnong,Maribyrnong,24330
3032,MARIBYRNONG,VIC,Delivery Area,Updated 6-Feb-2020,-37.7695602,144.8820803,21303134937,Maribyrnong,213031349,Maribyrnong,Maribyrnong,24330
3032,TRAVANCORE,VIC,Delivery Area,Updated 6-Feb-2020,-37.778,144.935,21303134937,Maribyrnong,213031349,Maribyrnong,Maribyrnong,24330
3033,KEILOR EAST,VIC,Delivery Area,Updated 6-Feb-2020,-37.7343192,144.8566207,21001153436,Keilor East,210011534,Keilor East,Brimbank,21180
3034,AVONDALE HEIGHTS,VIC,Delivery Area,Updated 6-Feb-2020,-37.7628247,144.8648709,21001153329,Avondale Heights,210011533,Avondale Heights,Moonee Valley,25060
3036,KEILOR,VIC,Delivery Area,Updated 6-Feb-2020,-37.712,144.831,21301134013,Keilor North,213011340,Taylors Lakes,Hume,23270
3036,KEILOR NORTH,VIC,Delivery Area,Updated 6-Feb-2020,-37.68,144.784,21301134013,Keilor North,213011340,Taylors Lakes,Hume,23270
3037,CALDER PARK,VIC,Delivery Area,Updated 6-Feb-2020,-37.679,144.762,21304157537,Hillside (Melton - Vic.),213041575,Hillside,Brimbank,21180
3037,DELAHEY,VIC,Delivery Area,Updated 6-Feb-2020,-37.719,144.777,21304157537,Hillside (Melton - Vic.),213041575,Hillside,Brimbank,21180
3037,HILLSIDE,VIC,Delivery Area,Updated 6-Feb-2020,-37.687,144.743,21304157537,Hillside (Melton - Vic.),213041575,Hillside,Brimbank,21180
3037,PLUMPTON,VIC,Delivery Area,Updated 6-Feb-2020,-37.694,144.752,21304157537,Hillside (Melton - Vic.),213041575,Hillside,Brimbank,21180
3037,SYDENHAM,VIC,Delivery Area,Updated 6-Feb-2020,-37.702,144.767,21304157537,Hillside (Melton - Vic.),213041575,Hillside,Brimbank,21180
3037,TAYLORS HILL,VIC,Delivery Area,Updated 6-Feb-2020,-37.715,144.751,21304157537,Hillside (Melton - Vic.),213041575,Hillside,Brimbank,21180
3038,KEILOR DOWNS,VIC,Delivery Area,Updated 6-Feb-2020,-37.722,144.803,21301134049,Taylors Lakes,213011340,Taylors Lakes,Brimbank,21180
3038,KEILOR LODGE,VIC,Delivery Area,Updated 6-Feb-2020,-37.6982783,144.7988921,21301134049,Taylors Lakes,213011340,Taylors Lakes,Brimbank,21180
3038,TAYLORS LAKES,VIC,Delivery Area,Updated 6-Feb-2020,-37.6973477,144.7811982,21301134049,Taylors Lakes,213011340,Taylors Lakes,Brimbank,21180
3038,WATERGARDENS,VIC,Delivery Area,Updated 6-Feb-2020,-37.699141,144.776823,21301134049,Taylors Lakes,213011340,Taylors Lakes,Brimbank,21180
3039,MOONEE PONDS,VIC,Delivery Area,Updated 6-Feb-2020,-37.7675363,144.9198932,20603111636,Moonee Ponds,206031116,Moonee Ponds,Moonee Valley,25060
3040,ABERFELDIE,VIC,Delivery Area,Updated 6-Feb-2020,-37.762,144.901,21001123012,Essendon West,210011230,Niddrie - Essendon West,Moonee Valley,25060
3040,ESSENDON,VIC,Delivery Area,Updated 6-Feb-2020,-37.7504821,144.9143187,21001123012,Essendon West,210011230,Niddrie - Essendon West,Moonee Valley,25060
3040,ESSENDON WEST,VIC,Delivery Area,Updated 6-Feb-2020,-37.755,144.883,21001123012,Essendon West,210011230,Niddrie - Essendon West,Moonee Valley,25060
3041,CROSS KEYS,VIC,Delivery Area,Updated 6-Sep-2025,-37.7263,144.897,21001123122,Strathmore (Vic.),210011231,Strathmore,Moonee Valley,25060
3041,ESSENDON FIELDS,VIC,Delivery Area,Updated 2-Dec-2022,-37.7263,144.897,21001123122,Strathmore (Vic.),210011231,Strathmore,Moonee Valley,25060
3041,ESSENDON NORTH,VIC,Delivery Area,Updated 2-Dec-2022,-37.7383196,144.8992556,21001123122,Strathmore (Vic.),210011231,Strathmore,Moonee Valley,25060
3041,STRATHMORE,VIC,Delivery Area,Updated 2-Dec-2022,-37.7358112,144.9191456,21001123122,Strathmore (Vic.),210011231,Strathmore,Moonee Valley,25060
3041,STRATHMORE HEIGHTS,VIC,Delivery Area,Updated 2-Dec-2022,-37.713,144.897,21001123122,Strathmore (Vic.),210011231,Strathmore,Moonee Valley,25060
3042,AIRPORT WEST,VIC,Delivery Area,Updated 6-Feb-2020,-37.726234,144.8813526,21001153428,Keilor East,210011534,Keilor East,Brimbank,21180
3042,KEILOR PARK,VIC,Delivery Area,Updated 6-Feb-2020,-37.7200817,144.8514577,21001153428,Keilor East,210011534,Keilor East,Brimbank,21180
3042,NIDDRIE,VIC,Delivery Area,Updated 6-Feb-2020,-37.7392692,144.8864718,21001153428,Keilor East,210011534,Keilor East,Brimbank,21180
3042,NIDDRIE NORTH,VIC,Delivery Area,Updated 25-Jan-2020,-37.7393,144.886,21001153428,Keilor East,210011534,Keilor East,Brimbank,21180
3043,GLADSTONE PARK,VIC,Delivery Area,Updated 6-Feb-2020,-37.6926696,144.8951801,21005125019,Tullamarine,210051250,Tullamarine,Brimbank,21180
3043,GOWANBRAE,VIC,Delivery Area,Updated 6-Feb-2020,-37.7062908,144.8948907,21005125019,Tullamarine,210051250,Tullamarine,Brimbank,21180
3043,TULLAMARINE,VIC,Delivery Area,Updated 6-Feb-2020,-37.6994841,144.8803113,21005125019,Tullamarine,210051250,Tullamarine,Brimbank,21180
3044,PASCOE VALE,VIC,Delivery Area,Updated 6-Feb-2020,-37.727,144.942,21003153837,Pascoe Vale,210031538,Pascoe Vale,Moreland,25250
3044,PASCOE VALE SOUTH,VIC,Delivery Area,Updated 6-Feb-2020,-37.7457735,144.9384576,21003153837,Pascoe Vale,210031538,Pascoe Vale,Moreland,25250
3045,MELBOURNE AIRPORT,VIC,Delivery Area,Updated 6-Feb-2020,-37.6679317,144.8401227,21005125008,Tullamarine,210051250,Tullamarine,Hume,23270
3046,GLENROY,VIC,Delivery Area,Updated 6-Feb-2020,-37.7062465,144.9161373,21003153816,Oak Park,210031538,Pascoe Vale,Moreland,25250
3046,HADFIELD,VIC,Delivery Area,Updated 6-Feb-2020,-37.71,144.95,21003153816,Oak Park,210031538,Pascoe Vale,Moreland,25250
3046,OAK PARK,VIC,Delivery Area,Updated 6-Feb-2020,-37.718,144.919,21003153816,Oak Park,210031538,Pascoe Vale,Moreland,25250
3047,BROADMEADOWS,VIC,Delivery Area,Updated 6-Feb-2020,-37.6860869,144.9269889,21005124344,Dallas,210051243,Campbellfield - Coolaroo,Hume,23270
3047,DALLAS,VIC,Delivery Area,Updated 6-Feb-2020,-37.668,144.94,21005124344,Dallas,210051243,Campbellfield - Coolaroo,Hume,23270
3047,JACANA,VIC,Delivery Area,Updated 6-Feb-2020,-37.687232,144.9128564,21005124344,Dallas,210051243,Campbellfield - Coolaroo,Hume,23270
3048,COOLAROO,VIC,Delivery Area,Updated 6-Feb-2020,-37.6562333,144.9364069,21005124730,Meadow Heights,210051247,Meadow Heights,Hume,23270
3048,MEADOW HEIGHTS,VIC,Delivery Area,Updated 6-Feb-2020,-37.65,144.922,21005124730,Meadow Heights,210051247,Meadow Heights,Hume,23270
3049,ATTWOOD,VIC,Delivery Area,Updated 6-Feb-2020,-37.666,144.887,21005124553,Attwood,210051245,Gladstone Park - Westmeadows,Hume,23270
3049,WESTMEADOWS,VIC,Delivery Area,Updated 6-Feb-2020,-37.6779426,144.8843087,21005124553,Attwood,210051245,Gladstone Park - Westmeadows,Hume,23270
3050,ROYAL MELBOURNE HOSPITAL,VIC,Delivery Area,Updated 6-Feb-2020,-37.7989153,144.95617,,,,,Melbourne,24600
3051,HOTHAM HILL,VIC,Delivery Area,Updated 6-Feb-2020,-37.8009,144.953,20604150639,North Melbourne,206041506,North Melbourne,Melbourne,24600
3051,NORTH MELBOURNE,VIC,Delivery Area,Updated 6-Feb-2020,-37.7983816,144.9419122,20604150639,North Melbourne,206041506,North Melbourne,Melbourne,24600
3052,MELBOURNE UNIVERSITY,VIC,Delivery Area,Updated 6-Feb-2020,-37.7983459,144.960974,20604112422,Parkville (Vic.),206041124,Parkville,Moreland,25250
3052,PARKVILLE,VIC,Delivery Area,Updated 6-Feb-2020,-37.7862363,144.9474178,20604112422,Parkville (Vic.),206041124,Parkville,Moreland,25250
3053,CARLTON,VIC,Delivery Area,Updated 6-Feb-2020,-37.798389,144.9694441,20604111750,Carlton (Vic.),206041117,Carlton,Melbourne,24600
3053,CARLTON SOUTH,VIC,Delivery Area,Updated 6-Feb-2020,-37.804246,144.9660172,20604111750,Carlton (Vic.),206041117,Carlton,Melbourne,24600
3054,CARLTON NORTH,VIC,Delivery Area,Updated 6-Feb-2020,-37.788805,144.9719823,20607114023,Carlton North,206071140,Carlton North - Princes Hill,Moreland,25250
3054,PRINCES HILL,VIC,Delivery Area,Updated 6-Feb-2020,-37.784,144.966,20607114023,Carlton North,206071140,Carlton North - Princes Hill,Moreland,25250
3055,BRUNSWICK SOUTH,VIC,Delivery Area,Updated 6-Feb-2020,-37.7723275,144.9495859,20601149621,Brunswick West,206011496,Brunswick - South,Moreland,25250
3055,BRUNSWICK WEST,VIC,Delivery Area,Updated 6-Feb-2020,-37.761,144.9419122,20601149621,Brunswick West,206011496,Brunswick - South,Moreland,25250
3055,MOONEE VALE,VIC,Delivery Area,Updated 6-Feb-2020,-37.761,144.9419122,20601149621,Brunswick West,206011496,Brunswick - South,Moreland,25250
3055,MORELAND WEST,VIC,Delivery Area,Updated 6-Feb-2020,-37.754229,144.945438,20601149621,Brunswick West,206011496,Brunswick - South,Moreland,25250
3056,BRUNSWICK,VIC,Delivery Area,Updated 6-Feb-2020,-37.7666099,144.9584302,20601149628,Brunswick (Vic.),206011496,Brunswick - South,Moreland,25250
3056,BRUNSWICK LOWER,VIC,Delivery Area,Updated 6-Feb-2020,-37.7666099,144.9584302,20601149628,Brunswick (Vic.),206011496,Brunswick - South,Moreland,25250
3056,BRUNSWICK NORTH,VIC,Delivery Area,Updated 6-Feb-2020,-37.7579505,144.9638343,20601149628,Brunswick (Vic.),206011496,Brunswick - South,Moreland,25250
3057,BRUNSWICK EAST,VIC,Delivery Area,Updated 6-Feb-2020,-37.769412,144.9804594,20601149627,Brunswick East,206011496,Brunswick - South,Moreland,25250
3057,LYGON STREET NORTH,VIC,Delivery Area,Updated 6-Feb-2020,-37.7714,144.972,20601149627,Brunswick East,206011496,Brunswick - South,Moreland,25250
3057,SUMNER,VIC,Delivery Area,Updated 6-Feb-2020,-37.7722,144.98,20601149627,Brunswick East,206011496,Brunswick - South,Moreland,25250
3058,BATMAN,VIC,Delivery Area,Updated 6-Feb-2020,-37.7345019,144.9630404,21003123618,Coburg North,210031236,Coburg North,Darebin,21890
3058,COBURG,VIC,Delivery Area,Updated 6-Feb-2020,-37.7412988,144.9666108,21003123618,Coburg North,210031236,Coburg North,Darebin,21890
3058,COBURG NORTH,VIC,Delivery Area,Updated 6-Feb-2020,-37.726,144.96,21003123618,Coburg North,210031236,Coburg North,Darebin,21890
3058,MERLYNSTON,VIC,Delivery Area,Updated 6-Feb-2020,-37.7209299,144.9613501,21003123618,Coburg North,210031236,Coburg North,Darebin,21890
3058,MORELAND,VIC,Delivery Area,Updated 6-Feb-2020,-37.7343488,144.9666905,21003123618,Coburg North,210031236,Coburg North,Darebin,21890
3059,GREENVALE,VIC,Delivery Area,Updated 6-Feb-2020,-37.6454887,144.8841246,21005124656,Greenvale (Vic.),210051246,Greenvale - Bulla,Hume,23270
3060,FAWKNER,VIC,Delivery Area,Updated 6-Feb-2020,-37.6969273,144.9666905,21005124321,Fawkner,210051243,Campbellfield - Coolaroo,Hume,23270
3060,FAWKNER EAST,VIC,Delivery Area,Updated 6-Feb-2020,-37.6969273,144.9666905,21005124321,Fawkner,210051243,Campbellfield - Coolaroo,Hume,23270
3060,FAWKNER NORTH,VIC,Delivery Area,Updated 6-Feb-2020,-37.6959697,144.9684492,21005124321,Fawkner,210051243,Campbellfield - Coolaroo,Hume,23270
3061,CAMPBELLFIELD,VIC,Delivery Area,Updated 6-Feb-2020,-37.665113,144.955677,21005124343,Campbellfield,210051243,Campbellfield - Coolaroo,Hume,23270
3062,SOMERTON,VIC,Delivery Area,Updated 6-Feb-2020,-37.6332889,144.944665,21005154406,Somerton (Vic.),210051544,Roxburgh Park (South) - Somerton,Hume,23270
3063,OAKLANDS JUNCTION,VIC,Delivery Area,Updated 6-Feb-2020,-37.6117964,144.8401227,21005144542,Yuroke,210051445,Mickleham - Yuroke,Hume,23270
3063,YUROKE,VIC,Delivery Area,Updated 6-Feb-2020,-37.6,144.88,21005144542,Yuroke,210051445,Mickleham - Yuroke,Hume,23270
3064,CRAIGIEBURN,VIC,Delivery Area,Updated 6-Feb-2020,-37.594,144.934,21005154532,Roxburgh Park,210051545,Roxburgh Park - North,Whittlesea,27070
3064,DONNYBROOK,VIC,Delivery Area,Updated 6-Feb-2020,-37.5476567,144.9669338,21005154532,Roxburgh Park,210051545,Roxburgh Park - North,Whittlesea,27070
3064,KALKALLO,VIC,Delivery Area,Updated 6-Feb-2020,-37.5245635,144.955677,21005154532,Roxburgh Park,210051545,Roxburgh Park - North,Whittlesea,27070
3064,MICKLEHAM,VIC,Delivery Area,Updated 6-Feb-2020,-37.562,144.874,21005154532,Roxburgh Park,210051545,Roxburgh Park - North,Whittlesea,27070
3064,ROXBURGH PARK,VIC,Delivery Area,Updated 6-Feb-2020,-37.627,144.929,21005154532,Roxburgh Park,210051545,Roxburgh Park - North,Whittlesea,27070
3065,FITZROY,VIC,Delivery Area,Updated 6-Feb-2020,-37.7974551,144.9804594,20607114324,Fitzroy North,206071143,Fitzroy North,Yarra,27350
3066,COLLINGWOOD,VIC,Delivery Area,Updated 6-Feb-2020,-37.8009595,144.9873447,20607114521,Clifton Hill,206071145,Clifton Hill - Alphington,Yarra,27350
3066,COLLINGWOOD NORTH,VIC,Delivery Area,Updated 6-Feb-2020,-37.8009595,144.9873447,20607114521,Clifton Hill,206071145,Clifton Hill - Alphington,Yarra,27350
3067,ABBOTSFORD,VIC,Delivery Area,Updated 6-Feb-2020,-37.8023601,144.9983623,20607114522,Clifton Hill,206071145,Clifton Hill - Alphington,Yarra,27350
3068,CLIFTON HILL,VIC,Delivery Area,Updated 6-Feb-2020,-37.7877787,145.0002125,20607114523,Clifton Hill,206071145,Clifton Hill - Alphington,Moreland,25250
3068,FITZROY NORTH,VIC,Delivery Area,Updated 6-Feb-2020,-37.7832944,144.9838466,20607114523,Clifton Hill,206071145,Clifton Hill - Alphington,Moreland,25250
3070,NORTHCOTE,VIC,Delivery Area,Updated 6-Feb-2020,-37.7736132,144.9997396,20602150024,Northcote,206021500,Northcote - West,Moreland,25250
3070,NORTHCOTE SOUTH,VIC,Delivery Area,Updated 6-Feb-2020,-37.779531,144.996757,20602150024,Northcote,206021500,Northcote - West,Moreland,25250
3071,THORNBURY,VIC,Delivery Area,Updated 6-Feb-2020,-37.7600493,145.0080039,20602150022,Thornbury,206021500,Northcote - West,Darebin,21890
3072,GILBERTON,VIC,Delivery Area,Updated 6-Feb-2020,-37.7363,144.99,20902152630,Reservoir (Vic.),209021526,Reservoir - South West,Darebin,21890
3072,NORTHLAND CENTRE,VIC,Delivery Area,Updated 6-Feb-2020,-37.7385104,145.0300628,20902152630,Reservoir (Vic.),209021526,Reservoir - South West,Darebin,21890
3072,PRESTON,VIC,Delivery Area,Updated 6-Feb-2020,-37.7399362,145.0107588,20902152630,Reservoir (Vic.),209021526,Reservoir - South West,Darebin,21890
3072,PRESTON LOWER,VIC,Delivery Area,Updated 6-Feb-2020,-37.7508858,144.9877873,20902152630,Reservoir (Vic.),209021526,Reservoir - South West,Darebin,21890
3072,PRESTON SOUTH,VIC,Delivery Area,Updated 6-Feb-2020,-37.7514021,145.0023878,20902152630,Reservoir (Vic.),209021526,Reservoir - South West,Darebin,21890
3072,PRESTON WEST,VIC,Delivery Area,Updated 6-Feb-2020,-37.7376921,144.9955479,20902152630,Reservoir (Vic.),209021526,Reservoir - South West,Darebin,21890
3072,REGENT WEST,VIC,Delivery Area,Updated 6-Feb-2020,-37.7301,144.998,20902152630,Reservoir (Vic.),209021526,Reservoir - South West,Darebin,21890
3072,SYLVESTER,VIC,Delivery Area,Updated 6-Feb-2020,-37.7376,145.017,20902152630,Reservoir (Vic.),209021526,Reservoir - South West,Darebin,21890
3073,KEON PARK,VIC,Delivery Area,Updated 6-Feb-2020,-37.694627,145.0118427,20902152633,Reservoir (Vic.),209021526,Reservoir - South West,Darebin,21890
3073,RESERVOIR,VIC,Delivery Area,Updated 6-Feb-2020,-37.7118644,145.0107588,20902152633,Reservoir (Vic.),209021526,Reservoir - South West,Darebin,21890
3073,RESERVOIR EAST,VIC,Delivery Area,Updated 6-Feb-2020,-37.7192575,145.0215296,20902152633,Reservoir (Vic.),209021526,Reservoir - South West,Darebin,21890
3073,RESERVOIR NORTH,VIC,Delivery Area,Updated 6-Feb-2020,-37.7118644,145.0107588,20902152633,Reservoir (Vic.),209021526,Reservoir - South West,Darebin,21890
3073,RESERVOIR SOUTH,VIC,Delivery Area,Updated 6-Feb-2020,-37.730588,145.014943,20902152633,Reservoir (Vic.),209021526,Reservoir - South West,Darebin,21890
3074,THOMASTOWN,VIC,Delivery Area,Updated 6-Feb-2020,-37.6837819,145.0107588,20904153030,Thomastown,209041530,Lalor - West,Whittlesea,27070
3075,LALOR,VIC,Delivery Area,Updated 6-Feb-2020,-37.6650543,145.0107588,20904153032,Lalor,209041530,Lalor - West,Whittlesea,27070
3075,LALOR PLAZA,VIC,Delivery Area,Updated 6-Feb-2020,-37.67405,145.0364765,20904153032,Lalor,209041530,Lalor - West,Whittlesea,27070
3076,EPPING,VIC,Delivery Area,Updated 6-Feb-2020,-37.6341341,145.016269,20904153026,Lalor,209041530,Lalor - West,Whittlesea,27070
3076,EPPING DC,VIC,Delivery Area,Updated 6-Feb-2020,-37.6377,145.026,20904153026,Lalor,209041530,Lalor - West,Whittlesea,27070
3078,ALPHINGTON,VIC,Delivery Area,Updated 6-Feb-2020,-37.78,145.023,20607114520,Fairfield (Vic.),206071145,Clifton Hill - Alphington,Yarra,27350
3078,FAIRFIELD,VIC,Delivery Area,Updated 6-Feb-2020,-37.7790074,145.0181267,20607114520,Fairfield (Vic.),206071145,Clifton Hill - Alphington,Yarra,27350
3079,IVANHOE,VIC,Delivery Area,Updated 6-Feb-2020,-37.7703,145.0457,20901120118,Ivanhoe East,209011201,Ivanhoe East - Eaglemont,Banyule,20660
3079,IVANHOE EAST,VIC,Delivery Area,Updated 6-Feb-2020,-37.772,145.066,20901120118,Ivanhoe East,209011201,Ivanhoe East - Eaglemont,Banyule,20660
3079,IVANHOE NORTH,VIC,Delivery Area,Updated 6-Feb-2020,-37.7595762,145.0442237,20901120118,Ivanhoe East,209011201,Ivanhoe East - Eaglemont,Banyule,20660
3081,BELLFIELD,VIC,Delivery Area,Updated 6-Feb-2020,-37.754,145.045,20901119936,Heidelberg Heights,209011199,Heidelberg West,Banyule,20660
3081,HEIDELBERG HEIGHTS,VIC,Delivery Area,Updated 6-Feb-2020,-37.742,145.053,20901119936,Heidelberg Heights,209011199,Heidelberg West,Banyule,20660
3081,HEIDELBERG RGH,VIC,Delivery Area,Updated 6-Feb-2020,-37.7418,145.044,20901119936,Heidelberg Heights,209011199,Heidelberg West,Banyule,20660
3081,HEIDELBERG WEST,VIC,Delivery Area,Updated 6-Feb-2020,-37.744,145.047,20901119936,Heidelberg Heights,209011199,Heidelberg West,Banyule,20660
3082,MILL PARK,VIC,Delivery Area,Updated 6-Feb-2020,-37.6649616,145.0658766,20904122129,Mill Park,209041221,Mill Park - South,Whittlesea,27070
3083,BUNDOORA,VIC,Delivery Area,Updated 6-Feb-2020,-37.6987006,145.0548502,20904121718,Bundoora (Vic.),209041217,Bundoora - West,Darebin,21890
3083,KINGSBURY,VIC,Delivery Area,Updated 6-Feb-2020,-37.715,145.034,20904121718,Bundoora (Vic.),209041217,Bundoora - West,Darebin,21890
3083,LA TROBE UNIVERSITY,VIC,Delivery Area,Updated 6-Feb-2020,-37.7206639,145.0483389,20904121718,Bundoora (Vic.),209041217,Bundoora - West,Darebin,21890
3084,BANYULE,VIC,Delivery Area,Updated 6-Feb-2020,-37.7436031,145.0769045,20901120346,Viewbank,209011203,Viewbank - Yallambie,Banyule,20660
3084,EAGLEMONT,VIC,Delivery Area,Updated 6-Feb-2020,-37.7644773,145.0628446,20901120346,Viewbank,209011203,Viewbank - Yallambie,Banyule,20660
3084,HEIDELBERG,VIC,Delivery Area,Updated 6-Feb-2020,-37.752695,145.0703364,20901120346,Viewbank,209011203,Viewbank - Yallambie,Banyule,20660
3084,ROSANNA,VIC,Delivery Area,Updated 6-Feb-2020,-37.7409649,145.0683729,20901120346,Viewbank,209011203,Viewbank - Yallambie,Banyule,20660
3084,VIEWBANK,VIC,Delivery Area,Updated 6-Feb-2020,-37.731,145.1,20901120346,Viewbank,209011203,Viewbank - Yallambie,Banyule,20660
3085,MACLEOD,VIC,Delivery Area,Updated 6-Feb-2020,-37.714,145.066,20902120527,Macleod (Vic.),209021205,Kingsbury,Darebin,21890
3085,MACLEOD WEST,VIC,Delivery Area,Updated 6-Feb-2020,-37.7258716,145.0709158,20902120527,Macleod (Vic.),209021205,Kingsbury,Darebin,21890
3085,YALLAMBIE,VIC,Delivery Area,Updated 6-Feb-2020,-37.726,145.104,20902120527,Macleod (Vic.),209021205,Kingsbury,Darebin,21890
3086,LA TROBE UNIVERSITY,VIC,Delivery Area,Updated 6-Feb-2020,-37.7229498,145.0503127,,,,,Darebin,21890
3087,WATSONIA,VIC,Delivery Area,Updated 6-Feb-2020,-37.708,145.083,20901120422,Watsonia North,209011204,Watsonia,Banyule,20660
3087,WATSONIA NORTH,VIC,Delivery Area,Updated 6-Feb-2020,-37.7,145.081,20901120422,Watsonia North,209011204,Watsonia,Banyule,20660
3088,BRIAR HILL,VIC,Delivery Area,Updated 6-Feb-2020,-37.708,145.115,20903121317,Greensborough,209031213,Plenty - Yarrambat,Nillumbik,25710
3088,GREENSBOROUGH,VIC,Delivery Area,Updated 6-Feb-2020,-37.7043698,145.1006438,20903121317,Greensborough,209031213,Plenty - Yarrambat,Nillumbik,25710
3088,SAINT HELENA,VIC,Delivery Area,Updated 6-Feb-2020,-37.686,145.137,20903121317,Greensborough,209031213,Plenty - Yarrambat,Nillumbik,25710
3088,ST HELENA,VIC,Delivery Area,Updated 6-Feb-2020,-37.686,145.137,20903121317,Greensborough,209031213,Plenty - Yarrambat,Nillumbik,25710
3089,DIAMOND CREEK,VIC,Delivery Area,Updated 6-Feb-2020,-37.6666174,145.1541397,20903121534,Diamond Creek,209031215,Wattle Glen - Diamond Creek,Nillumbik,25710
3090,PLENTY,VIC,Delivery Area,Updated 6-Feb-2020,-37.670486,145.1099967,20903121319,Plenty (Vic.),209031213,Plenty - Yarrambat,Nillumbik,25710
3091,YARRAMBAT,VIC,Delivery Area,Updated 6-Feb-2020,-37.6404295,145.1320653,20903121325,Yarrambat,209031213,Plenty - Yarrambat,Nillumbik,25710
3093,LOWER PLENTY,VIC,Delivery Area,Updated 6-Feb-2020,-37.7393287,145.112755,20901120240,Lower Plenty,209011202,Montmorency - Briar Hill,Banyule,20660
3094,MONTMORENCY,VIC,Delivery Area,Updated 6-Feb-2020,-37.7196403,145.1237889,20901120239,Montmorency,209011202,Montmorency - Briar Hill,Banyule,20660
3095,ELTHAM,VIC,Delivery Area,Updated 6-Feb-2020,-37.715,145.158,20903121415,Research,209031214,Research - North Warrandyte,Banyule,20660
3095,ELTHAM NORTH,VIC,Delivery Area,Updated 6-Feb-2020,-37.698,145.144,20903121415,Research,209031214,Research - North Warrandyte,Banyule,20660
3095,RESEARCH,VIC,Delivery Area,Updated 6-Feb-2020,-37.707,145.18,20903121415,Research,209031214,Research - North Warrandyte,Banyule,20660
3096,WATTLE GLEN,VIC,Delivery Area,Updated 6-Feb-2020,-37.6683887,145.1872619,20903121536,Wattle Glen,209031215,Wattle Glen - Diamond Creek,Nillumbik,25710
3097,BEND OF ISLANDS,VIC,Delivery Area,Updated 6-Feb-2020,-37.6980733,145.2756505,20903121417,Kangaroo Ground,209031214,Research - North Warrandyte,Nillumbik,25710
3097,KANGAROO GROUND,VIC,Delivery Area,Updated 6-Feb-2020,-37.686,145.216,20903121417,Kangaroo Ground,209031214,Research - North Warrandyte,Nillumbik,25710
3097,WATSONS CREEK,VIC,Delivery Area,Updated 6-Feb-2020,-37.67,145.258,20903121417,Kangaroo Ground,209031214,Research - North Warrandyte,Nillumbik,25710
3099,ARTHURS CREEK,VIC,Delivery Area,Updated 6-Feb-2020,-37.583333,145.2,20903121219,Nutfield,209031212,Panton Hill - St Andrews,Nillumbik,25710
3099,COTTLES BRIDGE,VIC,Delivery Area,Updated 6-Feb-2020,-37.622,145.219,20903121219,Nutfield,209031212,Panton Hill - St Andrews,Nillumbik,25710
3099,HURSTBRIDGE,VIC,Delivery Area,Updated 6-Feb-2020,-37.638889,145.195,20903121219,Nutfield,209031212,Panton Hill - St Andrews,Nillumbik,25710
3099,NUTFIELD,VIC,Delivery Area,Updated 6-Feb-2020,-37.603,145.181,20903121219,Nutfield,209031212,Panton Hill - St Andrews,Nillumbik,25710
3099,STRATHEWEN,VIC,Delivery Area,Updated 6-Feb-2020,-37.55,145.266667,20903121219,Nutfield,209031212,Panton Hill - St Andrews,Nillumbik,25710
3101,COTHAM,VIC,Delivery Area,Updated 6-Feb-2020,-37.8086079,145.0459578,20701152231,Kew (Vic.),207011522,Kew - West,Boroondara,21110
3101,KEW,VIC,Delivery Area,Updated 6-Feb-2020,-37.803516,145.0328017,20701152231,Kew (Vic.),207011522,Kew - West,Boroondara,21110
3102,KEW EAST,VIC,Delivery Area,Updated 6-Feb-2020,-37.7922797,145.0548502,20701152230,Kew East,207011522,Kew - West,Boroondara,21110
3103,BALWYN,VIC,Delivery Area,Updated 6-Feb-2020,-37.808889,145.078889,20701114735,Balwyn,207011147,Balwyn,Boroondara,21110
3103,BALWYN EAST,VIC,Delivery Area,Updated 6-Feb-2020,-37.808889,145.078889,20701114735,Balwyn,207011147,Balwyn,Boroondara,21110
3103,DEEPDENE,VIC,Delivery Area,Updated 6-Feb-2020,-37.8131,145.068,20701114735,Balwyn,207011147,Balwyn,Boroondara,21110
3103,DEEPDENE DC,VIC,Delivery Area,Updated 6-Feb-2020,-37.8107,145.065,20701114735,Balwyn,207011147,Balwyn,Boroondara,21110
3103,STRADBROKE PARK,VIC,Delivery Area,Updated 25-Jan-2020,-37.8007,145.062,20701114735,Balwyn,207011147,Balwyn,Boroondara,21110
3104,BALWYN NORTH,VIC,Delivery Area,Updated 6-Feb-2020,-37.7941151,145.0879338,20703116433,Mont Albert North,207031164,Box Hill North,Whitehorse,26980
3104,GREYTHORN,VIC,Delivery Area,Updated 6-Feb-2020,-37.7965604,145.0984985,20703116433,Mont Albert North,207031164,Box Hill North,Whitehorse,26980
3105,BULLEEN,VIC,Delivery Area,Updated 6-Feb-2020,-37.7660476,145.0879338,20702115628,Bulleen,207021156,Bulleen,Manningham,24210
3105,BULLEEN SOUTH,VIC,Delivery Area,Updated 6-Feb-2020,-37.7748,145.092,20702115628,Bulleen,207021156,Bulleen,Manningham,24210
3106,TEMPLESTOWE,VIC,Delivery Area,Updated 6-Feb-2020,-37.7537669,145.1486206,20702115944,Templestowe,207021159,Templestowe,Manningham,24210
3107,TEMPLESTOWE LOWER,VIC,Delivery Area,Updated 6-Feb-2020,-37.7641408,145.1099967,20702116033,Templestowe Lower,207021160,Templestowe Lower,Manningham,24210
3108,DONCASTER,VIC,Delivery Area,Updated 6-Feb-2020,-37.7865824,145.1210303,20702142505,Doncaster East,207021425,Doncaster East - South,Manningham,24210
3109,DONCASTER EAST,VIC,Delivery Area,Updated 6-Feb-2020,-37.7883929,145.1541397,20702142535,Doncaster East,207021425,Doncaster East - South,Manningham,24210
3109,DONCASTER HEIGHTS,VIC,Delivery Area,Updated 6-Feb-2020,-37.7887436,145.1580383,20702142535,Doncaster East,207021425,Doncaster East - South,Manningham,24210
3109,THE PINES,VIC,Delivery Area,Updated 6-Feb-2020,-37.7622651,145.1686291,20702142535,Doncaster East,207021425,Doncaster East - South,Manningham,24210
3109,TUNSTALL SQUARE PO,VIC,Delivery Area,Updated 6-Feb-2020,-37.7904,145.17,20702142535,Doncaster East,207021425,Doncaster East - South,Manningham,24210
3111,DONVALE,VIC,Delivery Area,Updated 6-Feb-2020,-37.7901921,145.1872619,21102126211,Donvale,211021262,Warrandyte - Wonga Park,Manningham,24210
3113,NORTH WARRANDYTE,VIC,Delivery Area,Updated 6-Feb-2020,-37.726,145.216,21102126232,Warrandyte,211021262,Warrandyte - Wonga Park,Nillumbik,25710
3113,WARRANDYTE,VIC,Delivery Area,Updated 6-Feb-2020,-37.738,145.223,21102126232,Warrandyte,211021262,Warrandyte - Wonga Park,Nillumbik,25710
3114,PARK ORCHARDS,VIC,Delivery Area,Updated 6-Feb-2020,-37.7760752,145.2148736,21103126801,Ringwood North,211031268,Ringwood North,Maroondah,24410
3115,WONGA PARK,VIC,Delivery Area,Updated 6-Feb-2020,-37.7347069,145.2590707,21103126534,Wonga Park,211031265,Croydon Hills - Warranwood,Maroondah,24410
3116,CHIRNSIDE PARK,VIC,Delivery Area,Updated 6-Feb-2020,-37.7373267,145.3088196,21105127525,Chirnside Park,211051275,Chirnside Park,Yarra Ranges,27450
3121,BURNLEY,VIC,Delivery Area,Updated 6-Feb-2020,-37.8296728,145.0126479,20607151833,Richmond (Vic.),206071518,Richmond - North,Yarra,27350
3121,BURNLEY NORTH,VIC,Delivery Area,Updated 6-Feb-2020,-37.8160149,145.0089483,20607151833,Richmond (Vic.),206071518,Richmond - North,Yarra,27350
3121,CREMORNE,VIC,Delivery Area,Updated 6-Feb-2020,-37.83,144.993,20607151833,Richmond (Vic.),206071518,Richmond - North,Yarra,27350
3121,RICHMOND,VIC,Delivery Area,Updated 6-Feb-2020,-37.823,144.998,20607151833,Richmond (Vic.),206071518,Richmond - North,Yarra,27350
3121,RICHMOND EAST,VIC,Delivery Area,Updated 6-Feb-2020,-37.8263413,144.9972757,20607151833,Richmond (Vic.),206071518,Richmond - North,Yarra,27350
3121,RICHMOND NORTH,VIC,Delivery Area,Updated 6-Feb-2020,-37.8103629,144.9924115,20607151833,Richmond (Vic.),206071518,Richmond - North,Yarra,27350
3121,RICHMOND SOUTH,VIC,Delivery Area,Updated 6-Feb-2020,-37.823,144.998,20607151833,Richmond (Vic.),206071518,Richmond - North,Yarra,27350
3121,VICTORIA GARDENS,VIC,Delivery Area,Updated 6-Feb-2020,-37.8132,145.012,20607151833,Richmond (Vic.),206071518,Richmond - North,Yarra,27350
3122,AUBURN SOUTH,VIC,Delivery Area,Updated 6-Feb-2020,-37.8297567,145.0438836,20701152028,Hawthorn (Vic.),207011520,Hawthorn - South,Boroondara,21110
3122,GLENFERRIE SOUTH,VIC,Delivery Area,Updated 6-Feb-2020,-37.8311,145.034,20701152028,Hawthorn (Vic.),207011520,Hawthorn - South,Boroondara,21110
3122,HAWTHORN,VIC,Delivery Area,Updated 6-Feb-2020,-37.8222114,145.0328017,20701152028,Hawthorn (Vic.),207011520,Hawthorn - South,Boroondara,21110
3122,HAWTHORN NORTH,VIC,Delivery Area,Updated 6-Feb-2020,-37.8146746,145.0216968,20701152028,Hawthorn (Vic.),207011520,Hawthorn - South,Boroondara,21110
3122,HAWTHORN WEST,VIC,Delivery Area,Updated 6-Feb-2020,-37.820148,145.0180561,20701152028,Hawthorn (Vic.),207011520,Hawthorn - South,Boroondara,21110
3123,AUBURN,VIC,Delivery Area,Updated 6-Feb-2020,-37.830327,145.0435616,20701115237,Hawthorn East,207011152,Hawthorn East,Boroondara,21110
3123,HAWTHORN EAST,VIC,Delivery Area,Updated 6-Feb-2020,-37.8310813,145.0520938,20701115237,Hawthorn East,207011152,Hawthorn East,Boroondara,21110
3124,CAMBERWELL,VIC,Delivery Area,Updated 6-Feb-2020,-37.8334095,145.0658766,20701115542,Surrey Hills,207011155,Surrey Hills (West) - Canterbury,Boroondara,21110
3124,CAMBERWELL NORTH,VIC,Delivery Area,Updated 6-Feb-2020,-37.8243246,145.0581423,20701115542,Surrey Hills,207011155,Surrey Hills (West) - Canterbury,Boroondara,21110
3124,CAMBERWELL SOUTH,VIC,Delivery Area,Updated 6-Feb-2020,-37.8334095,145.0658766,20701115542,Surrey Hills,207011155,Surrey Hills (West) - Canterbury,Boroondara,21110
3124,CAMBERWELL WEST,VIC,Delivery Area,Updated 6-Feb-2020,-37.8438471,145.0540534,20701115542,Surrey Hills,207011155,Surrey Hills (West) - Canterbury,Boroondara,21110
3124,HARTWELL,VIC,Delivery Area,Updated 6-Feb-2020,-37.84407,145.075599,20701115542,Surrey Hills,207011155,Surrey Hills (West) - Canterbury,Boroondara,21110
3124,MIDDLE CAMBERWELL,VIC,Delivery Area,Updated 6-Feb-2020,-37.8440237,145.056869,20701115542,Surrey Hills,207011155,Surrey Hills (West) - Canterbury,Boroondara,21110
3125,BENNETTSWOOD,VIC,Delivery Area,Updated 6-Feb-2020,-37.854515,145.118974,21205131937,Burwood (Vic.),212051319,Ashwood - Chadstone,Monash,24970
3125,BURWOOD,VIC,Delivery Area,Updated 6-Feb-2020,-37.8483275,145.1099967,21205131937,Burwood (Vic.),212051319,Ashwood - Chadstone,Monash,24970
3125,SURREY HILLS SOUTH,VIC,Delivery Area,Updated 6-Feb-2020,-37.8259381,145.0972417,21205131937,Burwood (Vic.),212051319,Ashwood - Chadstone,Monash,24970
3126,CAMBERWELL EAST,VIC,Delivery Area,Updated 6-Feb-2020,-37.8251441,145.0693815,20701115543,Canterbury (Vic.),207011155,Surrey Hills (West) - Canterbury,Boroondara,21110
3126,CANTERBURY,VIC,Delivery Area,Updated 6-Feb-2020,-37.8245223,145.0741474,20701115543,Canterbury (Vic.),207011155,Surrey Hills (West) - Canterbury,Boroondara,21110
3127,MONT ALBERT,VIC,Delivery Area,Updated 6-Feb-2020,-37.816111,145.11,20703116723,Mont Albert,207031167,Surrey Hills (East) - Mont Albert,Boroondara,21110
3127,SURREY HILLS,VIC,Delivery Area,Updated 6-Feb-2020,-37.8259381,145.0972417,20703116723,Mont Albert,207031167,Surrey Hills (East) - Mont Albert,Boroondara,21110
3127,SURREY HILLS NORTH,VIC,Delivery Area,Updated 6-Feb-2020,-37.8259381,145.0972417,20703116723,Mont Albert,207031167,Surrey Hills (East) - Mont Albert,Boroondara,21110
3128,BOX HILL,VIC,Delivery Area,Updated 6-Feb-2020,-37.8181073,145.1238563,20703116358,Box Hill (Vic.),207031163,Box Hill,Whitehorse,26980
3128,BOX HILL CENTRAL,VIC,Delivery Area,Updated 6-Feb-2020,-37.8181073,145.1238563,20703116358,Box Hill (Vic.),207031163,Box Hill,Whitehorse,26980
3128,BOX HILL SOUTH,VIC,Delivery Area,Updated 6-Feb-2020,-37.836,145.124,20703116358,Box Hill (Vic.),207031163,Box Hill,Whitehorse,26980
3128,HOUSTON,VIC,Delivery Area,Updated 6-Feb-2020,-37.8448939,145.1300661,20703116358,Box Hill (Vic.),207031163,Box Hill,Whitehorse,26980
3128,WATTLE PARK,VIC,Delivery Area,Updated 6-Feb-2020,-37.8383693,145.1056319,20703116358,Box Hill (Vic.),207031163,Box Hill,Whitehorse,26980
3129,BOX HILL NORTH,VIC,Delivery Area,Updated 6-Feb-2020,-37.8083033,145.125759,20703116437,Box Hill North,207031164,Box Hill North,Whitehorse,26980
3129,KERRIMUIR,VIC,Delivery Area,Updated 6-Feb-2020,-37.8025133,145.1326143,20703116437,Box Hill North,207031164,Box Hill North,Whitehorse,26980
3129,MONT ALBERT NORTH,VIC,Delivery Area,Updated 6-Feb-2020,-37.808056,145.113889,20703116437,Box Hill North,207031164,Box Hill North,Whitehorse,26980
3130,BLACKBURN,VIC,Delivery Area,Updated 6-Feb-2020,-37.8197129,145.1530529,20703116225,Blackburn South,207031162,Blackburn South,Whitehorse,26980
3130,BLACKBURN NORTH,VIC,Delivery Area,Updated 6-Feb-2020,-37.8064051,145.1586444,20703116225,Blackburn South,207031162,Blackburn South,Whitehorse,26980
3130,BLACKBURN SOUTH,VIC,Delivery Area,Updated 6-Feb-2020,-37.838,145.144,20703116225,Blackburn South,207031162,Blackburn South,Whitehorse,26980
3130,LABURNUM,VIC,Delivery Area,Updated 6-Feb-2020,-37.8211429,145.1453744,20703116225,Blackburn South,207031162,Blackburn South,Whitehorse,26980
3131,BRENTFORD SQUARE,VIC,Delivery Area,Updated 6-Feb-2020,-37.8370056,145.1840103,21104127129,Nunawading,211041271,Nunawading,Manningham,24210
3131,FOREST HILL,VIC,Delivery Area,Updated 6-Feb-2020,-37.8347413,145.1727369,21104127129,Nunawading,211041271,Nunawading,Manningham,24210
3131,NUNAWADING,VIC,Delivery Area,Updated 6-Feb-2020,-37.8184273,145.1760206,21104127129,Nunawading,211041271,Nunawading,Manningham,24210
3132,MITCHAM,VIC,Delivery Area,Updated 6-Feb-2020,-37.8219905,145.1983055,21104127040,Mitcham (Vic.),211041270,Mitcham (Vic.),Whitehorse,26980
3132,MITCHAM NORTH,VIC,Delivery Area,Updated 6-Feb-2020,-37.8043443,145.1892556,21104127040,Mitcham (Vic.),211041270,Mitcham (Vic.),Whitehorse,26980
3132,RANGEVIEW,VIC,Delivery Area,Updated 6-Feb-2020,-37.8043293,145.2004016,21104127040,Mitcham (Vic.),211041270,Mitcham (Vic.),Whitehorse,26980
3133,VERMONT,VIC,Delivery Area,Updated 6-Feb-2020,-37.838,145.198,21104127330,Vermont South,211041273,Vermont South,Maroondah,24410
3133,VERMONT SOUTH,VIC,Delivery Area,Updated 6-Feb-2020,-37.8565882,145.183373,21104127330,Vermont South,211041273,Vermont South,Maroondah,24410
3134,HEATHWOOD,VIC,Delivery Area,Updated 6-Feb-2020,-37.8292,145.228,21103126823,Ringwood North,211031268,Ringwood North,Manningham,24210
3134,RINGWOOD,VIC,Delivery Area,Updated 6-Feb-2020,-37.8106372,145.2307011,21103126823,Ringwood North,211031268,Ringwood North,Manningham,24210
3134,RINGWOOD NORTH,VIC,Delivery Area,Updated 6-Feb-2020,-37.799883,145.226877,21103126823,Ringwood North,211031268,Ringwood North,Manningham,24210
3134,WARRANDYTE SOUTH,VIC,Delivery Area,Updated 6-Feb-2020,-37.7605268,145.2452567,21103126823,Ringwood North,211031268,Ringwood North,Manningham,24210
3134,WARRANWOOD,VIC,Delivery Area,Updated 6-Feb-2020,-37.777,145.249,21103126823,Ringwood North,211031268,Ringwood North,Manningham,24210
3135,BEDFORD ROAD,VIC,Delivery Area,Updated 6-Feb-2020,-37.8193028,145.2439204,21103145209,Ringwood East,211031452,Croydon South,Maroondah,24410
3135,HEATHMONT,VIC,Delivery Area,Updated 6-Feb-2020,-37.83,145.242,21103145209,Ringwood East,211031452,Croydon South,Maroondah,24410
3135,RINGWOOD EAST,VIC,Delivery Area,Updated 6-Feb-2020,-37.818,145.252,21103145209,Ringwood East,211031452,Croydon South,Maroondah,24410
3136,CROYDON,VIC,Delivery Area,Updated 6-Feb-2020,-37.794384,145.2815432,21103145213,Croydon South,211031452,Croydon South,Maroondah,24410
3136,CROYDON HILLS,VIC,Delivery Area,Updated 6-Feb-2020,-37.775,145.266,21103145213,Croydon South,211031452,Croydon South,Maroondah,24410
3136,CROYDON NORTH,VIC,Delivery Area,Updated 6-Feb-2020,-37.767,145.287,21103145213,Croydon South,211031452,Croydon South,Maroondah,24410
3136,CROYDON SOUTH,VIC,Delivery Area,Updated 6-Feb-2020,-37.814,145.271,21103145213,Croydon South,211031452,Croydon South,Maroondah,24410
3137,KILSYTH,VIC,Delivery Area,Updated 6-Feb-2020,-37.802,145.316,21105127720,Kilsyth,211051277,Kilsyth,Maroondah,24410
3137,KILSYTH SOUTH,VIC,Delivery Area,Updated 6-Feb-2020,-37.8296238,145.3115843,21105127720,Kilsyth,211051277,Kilsyth,Maroondah,24410
3138,MOOROOLBARK,VIC,Delivery Area,Updated 6-Feb-2020,-37.7822365,145.3309395,21105128147,Mooroolbark,211051281,Mooroolbark,Yarra Ranges,27450
3139,BEENAK,VIC,Delivery Area,Updated 6-Feb-2020,-37.8986154,145.6090481,21105128659,Woori Yallock,211051286,Yarra Valley,Cardinia,21450
3139,DON VALLEY,VIC,Delivery Area,Updated 6-Feb-2020,-37.761389,145.584444,21105128659,Woori Yallock,211051286,Yarra Valley,Cardinia,21450
3139,HODDLES CREEK,VIC,Delivery Area,Updated 6-Feb-2020,-37.833,145.583,21105128659,Woori Yallock,211051286,Yarra Valley,Cardinia,21450
3139,LAUNCHING PLACE,VIC,Delivery Area,Updated 6-Feb-2020,-37.774,145.588,21105128659,Woori Yallock,211051286,Yarra Valley,Cardinia,21450
3139,SEVILLE,VIC,Delivery Area,Updated 6-Feb-2020,-37.777,145.461,21105128659,Woori Yallock,211051286,Yarra Valley,Cardinia,21450
3139,SEVILLE EAST,VIC,Delivery Area,Updated 6-Feb-2020,-37.774,145.491,21105128659,Woori Yallock,211051286,Yarra Valley,Cardinia,21450
3139,WANDIN EAST,VIC,Delivery Area,Updated 6-Feb-2020,-37.811,145.453,21105128659,Woori Yallock,211051286,Yarra Valley,Cardinia,21450
3139,WANDIN NORTH,VIC,Delivery Area,Updated 6-Feb-2020,-37.769,145.411,21105128659,Woori Yallock,211051286,Yarra Valley,Cardinia,21450
3139,WOORI YALLOCK,VIC,Delivery Area,Updated 6-Feb-2020,-37.778,145.528,21105128659,Woori Yallock,211051286,Yarra Valley,Cardinia,21450
3139,YELLINGBO,VIC,Delivery Area,Updated 6-Feb-2020,-37.81,145.51,21105128659,Woori Yallock,211051286,Yarra Valley,Cardinia,21450
3140,LILYDALE,VIC,Delivery Area,Updated 6-Feb-2020,-37.7643547,145.3475331,21105128127,Mooroolbark,211051281,Mooroolbark,Yarra Ranges,27450
3141,CHAPEL STREET NORTH,VIC,Delivery Area,Updated 6-Feb-2020,-37.8417659,144.9951571,20606151624,South Yarra,206061516,South Yarra - South,Melbourne,24600
3141,DOMAIN ROAD PO,VIC,Delivery Area,Updated 6-Feb-2020,-37.8344,144.983,20606151624,South Yarra,206061516,South Yarra - South,Melbourne,24600
3141,SOUTH YARRA,VIC,Delivery Area,Updated 6-Feb-2020,-37.838568,144.9914761,20606151624,South Yarra,206061516,South Yarra - South,Melbourne,24600
3142,HAWKSBURN,VIC,Delivery Area,Updated 6-Feb-2020,-37.8447415,145.0022549,20606113832,Toorak,206061138,Toorak,Stonnington,26350
3142,TOORAK,VIC,Delivery Area,Updated 6-Feb-2020,-37.8432402,145.0190242,20606113832,Toorak,206061138,Toorak,Stonnington,26350
3143,ARMADALE,VIC,Delivery Area,Updated 6-Feb-2020,-37.857253,145.0190242,20606113638,Prahran,206061136,Prahran - Windsor,Stonnington,26350
3143,ARMADALE NORTH,VIC,Delivery Area,Updated 6-Feb-2020,-37.8554995,145.0206967,20606113638,Prahran,206061136,Prahran - Windsor,Stonnington,26350
3144,KOOYONG,VIC,Delivery Area,Updated 6-Feb-2020,-37.841944,145.035,20804119452,Malvern (Vic.),208041194,Malvern - Glen Iris,Stonnington,26350
3144,MALVERN,VIC,Delivery Area,Updated 6-Feb-2020,-37.8572432,145.0341642,20804119452,Malvern (Vic.),208041194,Malvern - Glen Iris,Stonnington,26350
3144,MALVERN NORTH,VIC,Delivery Area,Updated 6-Feb-2020,-37.8517621,145.0301857,20804119452,Malvern (Vic.),208041194,Malvern - Glen Iris,Stonnington,26350
3145,CAULFIELD EAST,VIC,Delivery Area,Updated 6-Feb-2020,-37.8791959,145.0444397,20804119556,Malvern East,208041195,Malvern East,Glen Eira,22310
3145,CENTRAL PARK,VIC,Delivery Area,Updated 6-Feb-2020,-37.8683193,145.0442351,20804119556,Malvern East,208041195,Malvern East,Glen Eira,22310
3145,DARLING,VIC,Delivery Area,Updated 6-Feb-2020,-37.876934,145.0593667,20804119556,Malvern East,208041195,Malvern East,Glen Eira,22310
3145,DARLING SOUTH,VIC,Delivery Area,Updated 6-Feb-2020,-37.8774,145.059,20804119556,Malvern East,208041195,Malvern East,Glen Eira,22310
3145,MALVERN EAST,VIC,Delivery Area,Updated 6-Feb-2020,-37.8773116,145.059272,20804119556,Malvern East,208041195,Malvern East,Glen Eira,22310
3145,WATTLETREE ROAD PO,VIC,Delivery Area,Updated 6-Feb-2020,-37.8638,145.041,20804119556,Malvern East,208041195,Malvern East,Glen Eira,22310
3146,GLEN IRIS,VIC,Delivery Area,Updated 2-Dec-2022,-37.8577136,145.0548502,20804119453,Glen Iris (Vic.),208041194,Malvern - Glen Iris,Stonnington,26350
3146,TOORONGA,VIC,Delivery Area,Updated 6-Sep-2025,-37.8577136,145.0548502,20804119453,Glen Iris (Vic.),208041194,Malvern - Glen Iris,Stonnington,26350
3147,ASHBURTON,VIC,Delivery Area,Updated 6-Feb-2020,-37.866944,145.083056,21205131946,Ashwood,212051319,Ashwood - Chadstone,Stonnington,26350
3147,ASHWOOD,VIC,Delivery Area,Updated 6-Feb-2020,-37.867,145.103,21205131946,Ashwood,212051319,Ashwood - Chadstone,Stonnington,26350
3148,CHADSTONE,VIC,Delivery Area,Updated 6-Feb-2020,-37.8819831,145.0989646,21205131947,Chadstone,212051319,Ashwood - Chadstone,Monash,24970
3148,CHADSTONE CENTRE,VIC,Delivery Area,Updated 6-Feb-2020,-37.8858532,145.0847703,21205131947,Chadstone,212051319,Ashwood - Chadstone,Monash,24970
3148,HOLMESGLEN,VIC,Delivery Area,Updated 6-Feb-2020,-37.885752,145.0917386,21205131947,Chadstone,212051319,Ashwood - Chadstone,Monash,24970
3148,JORDANVILLE,VIC,Delivery Area,Updated 6-Feb-2020,-37.8736,145.112,21205131947,Chadstone,212051319,Ashwood - Chadstone,Monash,24970
3149,MOUNT WAVERLEY,VIC,Delivery Area,Updated 6-Feb-2020,-37.8772869,145.1265477,21205132441,Mount Waverley,212051324,Mount Waverley - South,Monash,24970
3149,PINEWOOD,VIC,Delivery Area,Updated 6-Feb-2020,-37.8886721,145.1403684,21205132441,Mount Waverley,212051324,Mount Waverley - South,Monash,24970
3149,SYNDAL,VIC,Delivery Area,Updated 6-Feb-2020,-37.8766918,145.1494922,21205132441,Mount Waverley,212051324,Mount Waverley - South,Monash,24970
3150,BRANDON PARK,VIC,Delivery Area,Updated 6-Feb-2020,-37.9145,145.169,21205132752,Wheelers Hill,212051327,Wheelers Hill,Monash,24970
3150,GLEN WAVERLEY,VIC,Delivery Area,Updated 6-Feb-2020,-37.8743502,145.1668205,21205132752,Wheelers Hill,212051327,Wheelers Hill,Monash,24970
3150,WHEELERS HILL,VIC,Delivery Area,Updated 6-Feb-2020,-37.9067871,145.1890123,21205132752,Wheelers Hill,212051327,Wheelers Hill,Monash,24970
3151,BURWOOD EAST,VIC,Delivery Area,Updated 6-Feb-2020,-37.8552869,145.1513801,20703116627,Burwood East,207031166,Burwood East,Whitehorse,26980
3151,BURWOOD HEIGHTS,VIC,Delivery Area,Updated 6-Feb-2020,-37.8552869,145.1513801,20703116627,Burwood East,207031166,Burwood East,Whitehorse,26980
3152,KNOX CITY CENTRE,VIC,Delivery Area,Updated 6-Feb-2020,-37.8688889,145.2411111,21101144615,Wantirna South,211011446,Boronia,Knox,23670
3152,STUDFIELD,VIC,Delivery Area,Updated 6-Feb-2020,-37.8602,145.24,21101144615,Wantirna South,211011446,Boronia,Knox,23670
3152,WANTIRNA,VIC,Delivery Area,Updated 6-Feb-2020,-37.8479567,145.2289289,21101144615,Wantirna South,211011446,Boronia,Knox,23670
3152,WANTIRNA SOUTH,VIC,Delivery Area,Updated 6-Feb-2020,-37.8769518,145.2329617,21101144615,Wantirna South,211011446,Boronia,Knox,23670
3153,BAYSWATER,VIC,Delivery Area,Updated 6-Feb-2020,-37.843,145.268,21103126327,Bayswater North,211031263,Bayswater North,Maroondah,24410
3153,BAYSWATER NORTH,VIC,Delivery Area,Updated 6-Feb-2020,-37.827,145.28,21103126327,Bayswater North,211031263,Bayswater North,Maroondah,24410
3154,THE BASIN,VIC,Delivery Area,Updated 6-Feb-2020,-37.8534742,145.3198788,21105128232,Sassafras (Vic.),211051282,Mount Dandenong - Olinda,Knox,23670
3155,BORONIA,VIC,Delivery Area,Updated 6-Feb-2020,-37.8610682,145.2867055,21101144654,Boronia,211011446,Boronia,Knox,23670
3156,FERNTREE GULLY,VIC,Delivery Area,Updated 6-Feb-2020,-37.8826855,145.2776105,21202145326,Lysterfield South,212021453,Endeavour Hills - North,Casey,21610
3156,LYSTERFIELD,VIC,Delivery Area,Updated 6-Feb-2020,-37.93,145.301,21202145326,Lysterfield South,212021453,Endeavour Hills - North,Casey,21610
3156,LYSTERFIELD SOUTH,VIC,Delivery Area,Updated 6-Feb-2020,-37.949,145.26,21202145326,Lysterfield South,212021453,Endeavour Hills - North,Casey,21610
3156,MOUNTAIN GATE,VIC,Delivery Area,Updated 6-Feb-2020,-37.8901043,145.2735662,21202145326,Lysterfield South,212021453,Endeavour Hills - North,Casey,21610
3156,UPPER FERNTREE GULLY,VIC,Delivery Area,Updated 6-Feb-2020,-37.895,145.31,21202145326,Lysterfield South,212021453,Endeavour Hills - North,Casey,21610
3158,UPWEY,VIC,Delivery Area,Updated 6-Feb-2020,-37.9039829,145.3309395,21105128427,Upwey,211051284,Upwey - Tecoma,Yarra Ranges,27450
3159,MENZIES CREEK,VIC,Delivery Area,Updated 6-Feb-2020,-37.931,145.398,21105128201,Menzies Creek,211051282,Mount Dandenong - Olinda,Cardinia,21450
3159,SELBY,VIC,Delivery Area,Updated 6-Feb-2020,-37.914,145.369,21105128201,Menzies Creek,211051282,Mount Dandenong - Olinda,Cardinia,21450
3160,BELGRAVE,VIC,Delivery Area,Updated 6-Feb-2020,-37.912067,145.3558,21105128423,Tecoma,211051284,Upwey - Tecoma,Yarra Ranges,27450
3160,BELGRAVE HEIGHTS,VIC,Delivery Area,Updated 6-Feb-2020,-37.923,145.34,21105128423,Tecoma,211051284,Upwey - Tecoma,Yarra Ranges,27450
3160,BELGRAVE SOUTH,VIC,Delivery Area,Updated 6-Feb-2020,-37.94,145.356,21105128423,Tecoma,211051284,Upwey - Tecoma,Yarra Ranges,27450
3160,TECOMA,VIC,Delivery Area,Updated 6-Feb-2020,-37.906,145.344,21105128423,Tecoma,211051284,Upwey - Tecoma,Yarra Ranges,27450
3161,CAULFIELD JUNCTION,VIC,Delivery Area,Updated 6-Feb-2020,-37.874538,145.0245296,20802117758,Caulfield North,208021177,Caulfield - North,Glen Eira,22310
3161,CAULFIELD NORTH,VIC,Delivery Area,Updated 6-Feb-2020,-37.8712631,145.0190242,20802117758,Caulfield North,208021177,Caulfield - North,Glen Eira,22310
3162,CAULFIELD,VIC,Delivery Area,Updated 6-Feb-2020,-37.884,145.0266,20802117843,Caulfield,208021178,Caulfield - South,Glen Eira,22310
3162,CAULFIELD SOUTH,VIC,Delivery Area,Updated 6-Feb-2020,-37.891,145.026,20802117843,Caulfield,208021178,Caulfield - South,Glen Eira,22310
3162,HOPETOUN GARDENS,VIC,Delivery Area,Updated 6-Feb-2020,-37.8862817,145.010627,20802117843,Caulfield,208021178,Caulfield - South,Glen Eira,22310
3163,BOORAN ROAD PO,VIC,Delivery Area,Updated 6-Feb-2020,-37.896,145.036,20802118214,Glen Huntly,208021182,Ormond - Glen Huntly,Glen Eira,22310
3163,CARNEGIE,VIC,Delivery Area,Updated 6-Feb-2020,-37.8891994,145.0570577,20802118214,Glen Huntly,208021182,Ormond - Glen Huntly,Glen Eira,22310
3163,GLEN HUNTLY,VIC,Delivery Area,Updated 6-Feb-2020,-37.8927437,145.0410692,20802118214,Glen Huntly,208021182,Ormond - Glen Huntly,Glen Eira,22310
3163,MURRUMBEENA,VIC,Delivery Area,Updated 6-Feb-2020,-37.8978307,145.070895,20802118214,Glen Huntly,208021182,Ormond - Glen Huntly,Glen Eira,22310
3165,BENTLEIGH EAST,VIC,Delivery Area,Updated 6-Feb-2020,-37.9174873,145.0658766,20802142728,Bentleigh East,208021427,Bentleigh East - South,Glen Eira,22310
3165,COATESVILLE,VIC,Delivery Area,Updated 6-Feb-2020,-37.9201018,145.0736344,20802142728,Bentleigh East,208021427,Bentleigh East - South,Glen Eira,22310
3166,HUGHESDALE,VIC,Delivery Area,Updated 6-Feb-2020,-37.8966159,145.0832264,21205132656,Oakleigh,212051326,Oakleigh - Huntingdale,Monash,24970
3166,HUNTINGDALE,VIC,Delivery Area,Updated 6-Feb-2020,-37.9074344,145.1086176,21205132656,Oakleigh,212051326,Oakleigh - Huntingdale,Monash,24970
3166,OAKLEIGH,VIC,Delivery Area,Updated 6-Feb-2020,-37.8990236,145.0923305,21205132656,Oakleigh,212051326,Oakleigh - Huntingdale,Monash,24970
3166,OAKLEIGH EAST,VIC,Delivery Area,Updated 6-Feb-2020,-37.9085262,145.1181383,21205132656,Oakleigh,212051326,Oakleigh - Huntingdale,Monash,24970
3167,OAKLEIGH SOUTH,VIC,Delivery Area,Updated 6-Feb-2020,-37.9193474,145.0989646,21205132657,Oakleigh South,212051326,Oakleigh - Huntingdale,Kingston (Vic.),23430
3168,CLAYTON,VIC,Delivery Area,Updated 6-Feb-2020,-37.9211962,145.1320653,21205156827,Clayton,212051568,Clayton - Central,Monash,24970
3168,NOTTING HILL,VIC,Delivery Area,Updated 6-Feb-2020,-37.9048347,145.1458611,21205156827,Clayton,212051568,Clayton - Central,Monash,24970
3169,CLARINDA,VIC,Delivery Area,Updated 6-Feb-2020,-37.941,145.103,21204131030,Clayton South,212041310,Clayton South,Kingston (Vic.),23430
3169,CLAYTON SOUTH,VIC,Delivery Area,Updated 6-Feb-2020,-37.9388113,145.1267061,21204131030,Clayton South,212041310,Clayton South,Kingston (Vic.),23430
3170,MULGRAVE,VIC,Delivery Area,Updated 6-Feb-2020,-37.9267579,145.1762197,21205132550,Mulgrave (Vic.),212051325,Mulgrave,Monash,24970
3170,WAVERLEY GARDENS,VIC,Delivery Area,Updated 6-Feb-2020,-37.9367533,145.1915757,21205132550,Mulgrave (Vic.),212051325,Mulgrave,Monash,24970
3171,SANDOWN VILLAGE,VIC,Delivery Area,Updated 6-Feb-2020,-37.9348302,145.1689511,21204131751,Springvale (Vic.),212041317,Springvale,Greater Dandenong,22670
3171,SPRINGVALE,VIC,Delivery Area,Updated 6-Feb-2020,-37.9473307,145.1541397,21204131751,Springvale (Vic.),212041317,Springvale,Greater Dandenong,22670
3172,DINGLEY VILLAGE,VIC,Delivery Area,Updated 6-Feb-2020,-37.9757588,145.1226002,21204146029,Springvale South,212041460,Noble Park - West,Kingston (Vic.),23430
3172,SPRINGVALE SOUTH,VIC,Delivery Area,Updated 6-Feb-2020,-37.9709927,145.1485377,21204146029,Springvale South,212041460,Noble Park - West,Kingston (Vic.),23430
3173,KEYSBOROUGH,VIC,Delivery Area,Updated 6-Feb-2020,-38.0042683,145.1706992,21204156628,Keysborough,212041566,Keysborough - South,Greater Dandenong,22670
3174,NOBLE PARK,VIC,Delivery Area,Updated 6-Feb-2020,-37.9650097,145.1733926,21204146035,Noble Park,212041460,Noble Park - West,Greater Dandenong,22670
3174,NOBLE PARK EAST,VIC,Delivery Area,Updated 6-Feb-2020,-37.9650097,145.1733926,21204146035,Noble Park,212041460,Noble Park - West,Greater Dandenong,22670
3174,NOBLE PARK NORTH,VIC,Delivery Area,Updated 6-Feb-2020,-37.9641212,145.1762197,21204146035,Noble Park,212041460,Noble Park - West,Greater Dandenong,22670
3175,BANGHOLME,VIC,Delivery Area,Updated 6-Feb-2020,-38.0453436,145.1702424,21204156616,Bangholme,212041566,Keysborough - South,Casey,21610
3175,DANDENONG,VIC,Delivery Area,Updated 6-Feb-2020,-37.9847811,145.2139907,21204156616,Bangholme,212041566,Keysborough - South,Casey,21610
3175,DANDENONG EAST,VIC,Delivery Area,Updated 6-Feb-2020,-37.9847811,145.2139907,21204156616,Bangholme,212041566,Keysborough - South,Casey,21610
3175,DANDENONG NORTH,VIC,Delivery Area,Updated 6-Feb-2020,-37.9592436,145.206837,21204156616,Bangholme,212041566,Keysborough - South,Casey,21610
3175,DANDENONG SOUTH,VIC,Delivery Area,Updated 6-Feb-2020,-38.0146698,145.2153096,21204156616,Bangholme,212041566,Keysborough - South,Casey,21610
3175,DUNEARN,VIC,Delivery Area,Updated 6-Feb-2020,-37.9675973,145.202499,21204156616,Bangholme,212041566,Keysborough - South,Casey,21610
3176,SCORESBY BC,VIC,,,-37.8992,145.23,,,,,Knox,23670
3177,DOVETON,VIC,Delivery Area,Updated 6-Feb-2020,-37.9876769,145.2394075,21202129526,Eumemmerring,212021295,Doveton,Casey,21610
3177,EUMEMMERRING,VIC,Delivery Area,Updated 6-Feb-2020,-37.999,145.247,21202129526,Eumemmerring,212021295,Doveton,Casey,21610
3178,ROWVILLE,VIC,Delivery Area,Updated 6-Feb-2020,-37.9210442,145.2424941,21101125828,Rowville,211011258,Rowville - South,Knox,23670
3179,SCORESBY,VIC,Delivery Area,Updated 6-Feb-2020,-37.9042587,145.220397,21101125434,Scoresby,211011254,Knoxfield - Scoresby,Knox,23670
3180,KNOXFIELD,VIC,Delivery Area,Updated 6-Feb-2020,-37.8887649,145.250782,21101125701,Rowville,211011257,Rowville - North,Knox,23670
3181,PRAHRAN,VIC,Delivery Area,Updated 6-Feb-2020,-37.852,144.998,20606113645,Prahran,206061136,Prahran - Windsor,Port Phillip,25900
3181,PRAHRAN EAST,VIC,Delivery Area,Updated 6-Feb-2020,-37.852,144.998,20606113645,Prahran,206061136,Prahran - Windsor,Port Phillip,25900
3181,WINDSOR,VIC,Delivery Area,Updated 6-Feb-2020,-37.854,144.988,20606113645,Prahran,206061136,Prahran - Windsor,Port Phillip,25900
3182,ST KILDA,VIC,Delivery Area,Updated 6-Feb-2020,-37.864,144.982,20605151435,St Kilda West,206051514,St Kilda - West,Port Phillip,25900
3182,ST KILDA SOUTH,VIC,Delivery Area,Updated 6-Feb-2020,-37.8679,144.978,20605151435,St Kilda West,206051514,St Kilda - West,Port Phillip,25900
3182,ST KILDA WEST,VIC,Delivery Area,Updated 6-Feb-2020,-37.8604,144.9732,20605151435,St Kilda West,206051514,St Kilda - West,Port Phillip,25900
3183,BALACLAVA,VIC,Delivery Area,Updated 6-Feb-2020,-37.873,144.993,20802117754,St Kilda East,208021177,Caulfield - North,Glen Eira,22310
3183,ST KILDA EAST,VIC,Delivery Area,Updated 6-Feb-2020,-37.8626196,145.0007064,20802117754,St Kilda East,208021177,Caulfield - North,Glen Eira,22310
3184,BRIGHTON ROAD,VIC,Delivery Area,Updated 6-Feb-2020,-37.8765417,144.9923384,20605151413,St Kilda (Vic.),206051514,St Kilda - West,Port Phillip,25900
3184,ELWOOD,VIC,Delivery Area,Updated 6-Feb-2020,-37.878722,144.9859676,20605151413,St Kilda (Vic.),206051514,St Kilda - West,Port Phillip,25900
3185,ELSTERNWICK,VIC,Delivery Area,Updated 6-Feb-2020,-37.8849536,145.0059691,20802117930,Elsternwick,208021179,Elsternwick,Port Phillip,25900
3185,GARDENVALE,VIC,Delivery Area,Updated 6-Feb-2020,-37.899,145.007,20802117930,Elsternwick,208021179,Elsternwick,Port Phillip,25900
3185,RIPPONLEA,VIC,Delivery Area,Updated 6-Feb-2020,-37.8784934,144.9956077,20802117930,Elsternwick,208021179,Elsternwick,Port Phillip,25900
3186,BRIGHTON,VIC,Delivery Area,Updated 6-Feb-2020,-37.9044002,144.9997396,20801117231,Hampton (Vic.),208011172,Hampton,Bayside (Vic.),20910
3186,BRIGHTON NORTH,VIC,Delivery Area,Updated 6-Feb-2020,-37.903623,145.004905,20801117231,Hampton (Vic.),208011172,Hampton,Bayside (Vic.),20910
3186,DENDY,VIC,Delivery Area,Updated 6-Feb-2020,-37.9196902,144.9950292,20801117231,Hampton (Vic.),208011172,Hampton,Bayside (Vic.),20910
3186,WERE STREET PO,VIC,Delivery Area,Updated 6-Feb-2020,-37.9255,145.0,20801117231,Hampton (Vic.),208011172,Hampton,Bayside (Vic.),20910
3187,BRIGHTON EAST,VIC,Delivery Area,Updated 6-Feb-2020,-37.9179439,145.0190242,20802117449,Brighton East,208021174,Bentleigh - McKinnon,Glen Eira,22310
3187,NORTH ROAD,VIC,Delivery Area,Updated 6-Feb-2020,-37.9013216,145.019596,20802117449,Brighton East,208021174,Bentleigh - McKinnon,Glen Eira,22310
3188,HAMPTON,VIC,Delivery Area,Updated 6-Feb-2020,-37.937,145.009,20801117312,Sandringham (Vic.),208011173,Sandringham - Black Rock,Bayside (Vic.),20910
3188,HAMPTON EAST,VIC,Delivery Area,Updated 6-Feb-2020,-37.939,145.031,20801117312,Sandringham (Vic.),208011173,Sandringham - Black Rock,Bayside (Vic.),20910
3188,HAMPTON NORTH,VIC,Delivery Area,Updated 6-Feb-2020,-37.9394031,145.0135139,20801117312,Sandringham (Vic.),208011173,Sandringham - Black Rock,Bayside (Vic.),20910
3189,MOORABBIN,VIC,Delivery Area,Updated 6-Feb-2020,-37.9403568,145.0576067,20803119125,Moorabbin,208031191,Moorabbin - Heatherton,Kingston (Vic.),23430
3189,MOORABBIN EAST,VIC,Delivery Area,Updated 6-Feb-2020,-37.9404,145.058,20803119125,Moorabbin,208031191,Moorabbin - Heatherton,Kingston (Vic.),23430
3189,WISHART,VIC,Delivery Area,Updated 6-Feb-2020,-37.9350908,145.0495054,20803119125,Moorabbin,208031191,Moorabbin - Heatherton,Kingston (Vic.),23430
3190,HIGHETT,VIC,Delivery Area,Updated 6-Feb-2020,-37.9487497,145.0410692,20803118864,Highett,208031188,Highett (East) - Cheltenham,Kingston (Vic.),23430
3191,SANDRINGHAM,VIC,Delivery Area,Updated 6-Feb-2020,-37.9533967,145.0135139,20801117343,Sandringham (Vic.),208011173,Sandringham - Black Rock,Bayside (Vic.),20910
3192,CHELTENHAM,VIC,Delivery Area,Updated 6-Feb-2020,-37.964155,145.0658766,20803118865,Cheltenham (Vic.),208031188,Highett (East) - Cheltenham,Bayside (Vic.),20910
3192,CHELTENHAM EAST,VIC,Delivery Area,Updated 6-Feb-2020,-37.964155,145.0658766,20803118865,Cheltenham (Vic.),208031188,Highett (East) - Cheltenham,Bayside (Vic.),20910
3192,CHELTENHAM NORTH,VIC,Delivery Area,Updated 6-Feb-2020,-37.9532145,145.0629927,20803118865,Cheltenham (Vic.),208031188,Highett (East) - Cheltenham,Bayside (Vic.),20910
3192,SOUTHLAND CENTRE,VIC,Delivery Area,Updated 6-Feb-2020,-37.9583789,145.0539188,20803118865,Cheltenham (Vic.),208031188,Highett (East) - Cheltenham,Bayside (Vic.),20910
3193,BEAUMARIS,VIC,Delivery Area,Updated 6-Feb-2020,-37.983,145.0434,20801117341,Sandringham (Vic.),208011173,Sandringham - Black Rock,Bayside (Vic.),20910
3193,BLACK ROCK,VIC,Delivery Area,Updated 6-Feb-2020,-37.972,145.021,20801117341,Sandringham (Vic.),208011173,Sandringham - Black Rock,Bayside (Vic.),20910
3193,BLACK ROCK NORTH,VIC,Delivery Area,Updated 6-Feb-2020,-37.966993,145.017093,20801117341,Sandringham (Vic.),208011173,Sandringham - Black Rock,Bayside (Vic.),20910
3193,CROMER,VIC,Delivery Area,Updated 6-Feb-2020,-37.9845182,145.0450888,20801117341,Sandringham (Vic.),208011173,Sandringham - Black Rock,Bayside (Vic.),20910
3194,MENTONE,VIC,Delivery Area,Updated 6-Feb-2020,-37.9812276,145.0647654,20803119201,Moorabbin Airport,208031192,Moorabbin Airport,Kingston (Vic.),23430
3194,MENTONE EAST,VIC,Delivery Area,Updated 6-Feb-2020,-37.9812276,145.0647654,20803119201,Moorabbin Airport,208031192,Moorabbin Airport,Kingston (Vic.),23430
3194,MOORABBIN AIRPORT,VIC,Delivery Area,Updated 6-Feb-2020,-37.9786237,145.1017225,20803119201,Moorabbin Airport,208031192,Moorabbin Airport,Kingston (Vic.),23430
3195,ASPENDALE,VIC,Delivery Area,Updated 6-Feb-2020,-38.025,145.104,20803119343,Parkdale,208031193,Mordialloc - Parkdale,Kingston (Vic.),23430
3195,ASPENDALE GARDENS,VIC,Delivery Area,Updated 6-Feb-2020,-38.022778,145.118889,20803119343,Parkdale,208031193,Mordialloc - Parkdale,Kingston (Vic.),23430
3195,BRAESIDE,VIC,Delivery Area,Updated 6-Feb-2020,-38.0,145.125,20803119343,Parkdale,208031193,Mordialloc - Parkdale,Kingston (Vic.),23430
3195,MORDIALLOC,VIC,Delivery Area,Updated 6-Feb-2020,-37.9995418,145.0940302,20803119343,Parkdale,208031193,Mordialloc - Parkdale,Kingston (Vic.),23430
3195,MORDIALLOC NORTH,VIC,Delivery Area,Updated 6-Feb-2020,-37.9944,145.092,20803119343,Parkdale,208031193,Mordialloc - Parkdale,Kingston (Vic.),23430
3195,PARKDALE,VIC,Delivery Area,Updated 6-Feb-2020,-37.991,145.08,20803119343,Parkdale,208031193,Mordialloc - Parkdale,Kingston (Vic.),23430
3195,WATERWAYS,VIC,Delivery Area,Updated 6-Feb-2020,-38.0147634,145.1305169,20803119343,Parkdale,208031193,Mordialloc - Parkdale,Kingston (Vic.),23430
3196,BONBEACH,VIC,Delivery Area,Updated 6-Feb-2020,-38.062,145.12,20803118917,Edithvale,208031189,Edithvale - Aspendale,Kingston (Vic.),23430
3196,CHELSEA,VIC,Delivery Area,Updated 6-Feb-2020,-38.051111,145.121944,20803118917,Edithvale,208031189,Edithvale - Aspendale,Kingston (Vic.),23430
3196,CHELSEA HEIGHTS,VIC,Delivery Area,Updated 6-Feb-2020,-38.047,145.137,20803118917,Edithvale,208031189,Edithvale - Aspendale,Kingston (Vic.),23430
3196,EDITHVALE,VIC,Delivery Area,Updated 6-Feb-2020,-38.037,145.113,20803118917,Edithvale,208031189,Edithvale - Aspendale,Kingston (Vic.),23430
3197,CARRUM,VIC,Delivery Area,Updated 6-Feb-2020,-38.076,145.122,20803118530,Patterson Lakes,208031185,Carrum - Patterson Lakes,Kingston (Vic.),23430
3197,PATTERSON LAKES,VIC,Delivery Area,Updated 6-Feb-2020,-38.0742262,145.1431018,20803118530,Patterson Lakes,208031185,Carrum - Patterson Lakes,Kingston (Vic.),23430
3198,BELVEDERE PARK,VIC,Delivery Area,Updated 6-Feb-2020,-38.1101715,145.1469057,21401137541,Seaford (Vic.),214011375,Seaford (Vic.),Frankston,22170
3198,SEAFORD,VIC,Delivery Area,Updated 6-Feb-2020,-38.1021858,145.1431018,21401137541,Seaford (Vic.),214011375,Seaford (Vic.),Frankston,22170
3199,FRANKSTON,VIC,Delivery Area,Updated 6-Feb-2020,-38.1466246,145.135722,21401137533,Seaford (Vic.),214011375,Seaford (Vic.),Frankston,22170
3199,FRANKSTON EAST,VIC,Delivery Area,Updated 6-Feb-2020,-38.1466246,145.135722,21401137533,Seaford (Vic.),214011375,Seaford (Vic.),Frankston,22170
3199,FRANKSTON HEIGHTS,VIC,Delivery Area,Updated 6-Feb-2020,-38.1620052,145.1466011,21401137533,Seaford (Vic.),214011375,Seaford (Vic.),Frankston,22170
3199,FRANKSTON SOUTH,VIC,Delivery Area,Updated 6-Feb-2020,-38.188,145.153,21401137533,Seaford (Vic.),214011375,Seaford (Vic.),Frankston,22170
3199,KARINGAL,VIC,Delivery Area,Updated 6-Feb-2020,-38.1421518,145.1581699,21401137533,Seaford (Vic.),214011375,Seaford (Vic.),Frankston,22170
3199,KARINGAL CENTRE,VIC,Delivery Area,Updated 6-Feb-2020,-38.1531656,145.1655844,21401137533,Seaford (Vic.),214011375,Seaford (Vic.),Frankston,22170
3200,FRANKSTON NORTH,VIC,Delivery Area,Updated 6-Feb-2020,-38.1250223,145.162419,21401137248,Frankston North,214011372,Frankston North,Frankston,22170
3200,PINES FOREST,VIC,Delivery Area,Updated 6-Feb-2020,-38.1236271,145.1478809,21401137248,Frankston North,214011372,Frankston North,Frankston,22170
3201,CARRUM DOWNS,VIC,Delivery Area,Updated 6-Feb-2020,-38.0975353,145.1706992,21401137065,Carrum Downs,214011370,Carrum Downs,Frankston,22170
3202,HEATHERTON,VIC,Delivery Area,Updated 6-Feb-2020,-37.9529597,145.0879338,20803119122,Heatherton,208031191,Moorabbin - Heatherton,Kingston (Vic.),23430
3204,BENTLEIGH,VIC,Delivery Area,Updated 6-Feb-2020,-37.9224386,145.0410079,20802142723,Bentleigh East,208021427,Bentleigh East - South,Glen Eira,22310
3204,MCKINNON,VIC,Delivery Area,Updated 6-Feb-2020,-37.91,145.039,20802142723,Bentleigh East,208021427,Bentleigh East - South,Glen Eira,22310
3204,ORMOND,VIC,Delivery Area,Updated 6-Feb-2020,-37.902081,145.0410692,20802142723,Bentleigh East,208021427,Bentleigh East - South,Glen Eira,22310
3204,PATTERSON,VIC,Delivery Area,Updated 6-Feb-2020,-37.9259677,145.0381432,20802142723,Bentleigh East,208021427,Bentleigh East - South,Glen Eira,22310
3205,SOUTH MELBOURNE,VIC,Delivery Area,Updated 6-Feb-2020,-37.8338889,144.963937,20605151231,South Melbourne,206051512,South Melbourne,Port Phillip,25900
3205,SOUTH MELBOURNE DC,VIC,Delivery Area,Updated 6-Feb-2020,-37.8301,144.957,20605151231,South Melbourne,206051512,South Melbourne,Port Phillip,25900
3206,ALBERT PARK,VIC,Delivery Area,Updated 6-Feb-2020,-37.8438609,144.9514536,20605112832,Melbourne,206051128,Albert Park,Port Phillip,25900
3206,MIDDLE PARK,VIC,Delivery Area,Updated 6-Feb-2020,-37.851944,144.963056,20605112832,Melbourne,206051128,Albert Park,Port Phillip,25900
3207,GARDEN CITY,VIC,Delivery Area,Updated 6-Feb-2020,-37.8366289,144.919805,20605151105,Port Melbourne,206051511,Port Melbourne Industrial,Melbourne,24600
3207,PORT MELBOURNE,VIC,Delivery Area,Updated 6-Feb-2020,-37.8315264,144.9226452,20605151105,Port Melbourne,206051511,Port Melbourne Industrial,Melbourne,24600
3211,LITTLE RIVER,VIC,Delivery Area,Updated 6-Feb-2020,-37.9368044,144.4561033,21305146843,Werribee,213051468,Werribee - West,Greater Geelong,22750
3212,AVALON,VIC,Delivery Area,Updated 6-Feb-2020,-38.0569,144.423,20302104356,Lara,203021043,Lara,Greater Geelong,22750
3212,LARA,VIC,Delivery Area,Updated 6-Feb-2020,-38.0229202,144.3964232,20302104356,Lara,203021043,Lara,Greater Geelong,22750
3212,POINT WILSON,VIC,Delivery Area,Updated 6-Feb-2020,-38.0425432,144.5255221,20302104356,Lara,203021043,Lara,Greater Geelong,22750
3213,ANAKIE,VIC,Delivery Area,Updated 25-Mar-2020 SA3,-37.9167,144.25,20302148652,Lovely Banks,203021486,Corio - Lovely Banks,Golden Plains,22490
3213,BATESFORD,VIC,Delivery Area,Updated 25-Mar-2020 SA3,-38.0899,144.285,20302148652,Lovely Banks,203021486,Corio - Lovely Banks,Golden Plains,22490
3213,LOVELY BANKS,VIC,Delivery Area,Updated 25-Mar-2020 SA3,-38.0667,144.333,20302148652,Lovely Banks,203021486,Corio - Lovely Banks,Golden Plains,22490
3213,MOORABOOL,VIC,Delivery Area,Updated 25-Mar-2020 SA3,-38.0697,144.295,20302148652,Lovely Banks,203021486,Corio - Lovely Banks,Golden Plains,22490
3214,CORIO,VIC,Delivery Area,Updated 6-Feb-2020,-38.0741368,144.358638,20302148825,Norlane,203021488,Norlane,Greater Geelong,22750
3214,NORLANE,VIC,Delivery Area,Updated 6-Feb-2020,-38.092,144.356,20302148825,Norlane,203021488,Norlane,Greater Geelong,22750
3214,NORTH SHORE,VIC,Delivery Area,Updated 6-Feb-2020,-38.099,144.373,20302148825,Norlane,203021488,Norlane,Greater Geelong,22750
3215,BELL PARK,VIC,Delivery Area,Updated 6-Feb-2020,-38.11,144.338,20302148618,Lovely Banks,203021486,Corio - Lovely Banks,Greater Geelong,22750
3215,BELL POST HILL,VIC,Delivery Area,Updated 6-Feb-2020,-38.1,144.328,20302148618,Lovely Banks,203021486,Corio - Lovely Banks,Greater Geelong,22750
3215,DRUMCONDRA,VIC,Delivery Area,Updated 6-Feb-2020,-38.132,144.354,20302148618,Lovely Banks,203021486,Corio - Lovely Banks,Greater Geelong,22750
3215,GEELONG NORTH,VIC,Delivery Area,Updated 6-Feb-2020,-38.1093956,144.3521811,20302148618,Lovely Banks,203021486,Corio - Lovely Banks,Greater Geelong,22750
3215,HAMLYN HEIGHTS,VIC,Delivery Area,Updated 6-Feb-2020,-38.12,144.32,20302148618,Lovely Banks,203021486,Corio - Lovely Banks,Greater Geelong,22750
3215,NORTH GEELONG,VIC,Delivery Area,Updated 6-Feb-2020,-38.1093956,144.3521811,20302148618,Lovely Banks,203021486,Corio - Lovely Banks,Greater Geelong,22750
3215,RIPPLESIDE,VIC,Delivery Area,Updated 6-Feb-2020,-38.1235549,144.3562807,20302148618,Lovely Banks,203021486,Corio - Lovely Banks,Greater Geelong,22750
3216,BELMONT,VIC,Delivery Area,Updated 6-Feb-2020,-38.173,144.341,20302148758,Waurn Ponds,203021487,Grovedale - Mount Duneed,Greater Geelong,22750
3216,FRESHWATER CREEK,VIC,Delivery Area,Updated 6-Feb-2020,-38.1747227,144.3139277,20302148758,Waurn Ponds,203021487,Grovedale - Mount Duneed,Greater Geelong,22750
3216,GROVEDALE,VIC,Delivery Area,Updated 6-Feb-2020,-38.2,144.35,20302148758,Waurn Ponds,203021487,Grovedale - Mount Duneed,Greater Geelong,22750
3216,GROVEDALE EAST,VIC,Delivery Area,Updated 6-Feb-2020,-38.2,144.35,20302148758,Waurn Ponds,203021487,Grovedale - Mount Duneed,Greater Geelong,22750
3216,HIGHTON,VIC,Delivery Area,Updated 6-Feb-2020,-38.171,144.318,20302148758,Waurn Ponds,203021487,Grovedale - Mount Duneed,Greater Geelong,22750
3216,MARSHALL,VIC,Delivery Area,Updated 6-Feb-2020,-38.2025,144.36,20302148758,Waurn Ponds,203021487,Grovedale - Mount Duneed,Greater Geelong,22750
3216,MOUNT DUNEED,VIC,Delivery Area,Updated 6-Feb-2020,-38.1747227,144.3139277,20302148758,Waurn Ponds,203021487,Grovedale - Mount Duneed,Greater Geelong,22750
3216,WANDANA HEIGHTS,VIC,Delivery Area,Updated 6-Feb-2020,-38.1768917,144.3002702,20302148758,Waurn Ponds,203021487,Grovedale - Mount Duneed,Greater Geelong,22750
3216,WAURN PONDS,VIC,Delivery Area,Updated 6-Feb-2020,-38.208813,144.2709146,20302148758,Waurn Ponds,203021487,Grovedale - Mount Duneed,Greater Geelong,22750
3217,ARMSTRONG CREEK,VIC,Delivery Area,Updated 6-Feb-2020,-38.2373,144.374,20303148919,Connewarre,203031489,Barwon Heads - Armstrong Creek,Surf Coast,26490
3217,CHARLEMONT,VIC,Delivery Area,Updated 6-Feb-2020,-38.218,144.367,20303148919,Connewarre,203031489,Barwon Heads - Armstrong Creek,Surf Coast,26490
3217,DEAKIN UNIVERSITY,VIC,Delivery Area,Updated 6-Feb-2020,-37.8474187,145.1149861,20303148919,Connewarre,203031489,Barwon Heads - Armstrong Creek,Surf Coast,26490
3217,FRESHWATER CREEK,VIC,Delivery Area,Updated 6-Feb-2020,-38.2703,144.248,20303148919,Connewarre,203031489,Barwon Heads - Armstrong Creek,Surf Coast,26490
3217,MOUNT DUNEED,VIC,Delivery Area,Updated 6-Feb-2020,-38.25,144.304,20303148919,Connewarre,203031489,Barwon Heads - Armstrong Creek,Surf Coast,26490
3218,FYANSFORD,VIC,Delivery Area,Updated 6-Feb-2020,-38.1348,144.291,20302104736,Fyansford,203021047,North Geelong - Bell Park,Golden Plains,22490
3218,GEELONG WEST,VIC,Delivery Area,Updated 6-Feb-2020,-38.133333,144.35,20302104736,Fyansford,203021047,North Geelong - Bell Park,Golden Plains,22490
3218,HERNE HILL,VIC,Delivery Area,Updated 6-Feb-2020,-38.1329,144.3305,20302104736,Fyansford,203021047,North Geelong - Bell Park,Golden Plains,22490
3218,MANIFOLD HEIGHTS,VIC,Delivery Area,Updated 6-Feb-2020,-38.14,144.33,20302104736,Fyansford,203021047,North Geelong - Bell Park,Golden Plains,22490
3218,MURGHEBOLUC,VIC,Delivery Area,Updated 6-Feb-2020,-38.1048,144.129,20302104736,Fyansford,203021047,North Geelong - Bell Park,Golden Plains,22490
3218,STONEHAVEN,VIC,Delivery Area,Updated 6-Feb-2020,-38.1288,144.25,20302104736,Fyansford,203021047,North Geelong - Bell Park,Golden Plains,22490
3219,BREAKWATER,VIC,Delivery Area,Updated 6-Feb-2020,-38.182,144.375,20302104537,Newcomb,203021045,Newcomb - Moolap,Greater Geelong,22750
3219,EAST GEELONG,VIC,Delivery Area,Updated 6-Feb-2020,-38.162,144.3802,20302104537,Newcomb,203021045,Newcomb - Moolap,Greater Geelong,22750
3219,NEWCOMB,VIC,Delivery Area,Updated 6-Feb-2020,-38.17,144.396,20302104537,Newcomb,203021045,Newcomb - Moolap,Greater Geelong,22750
3219,ST ALBANS PARK,VIC,Delivery Area,Updated 6-Feb-2020,-38.1954052,144.393187,20302104537,Newcomb,203021045,Newcomb - Moolap,Greater Geelong,22750
3219,THOMSON,VIC,Delivery Area,Updated 6-Feb-2020,-38.17,144.381,20302104537,Newcomb,203021045,Newcomb - Moolap,Greater Geelong,22750
3219,WHITTINGTON,VIC,Delivery Area,Updated 6-Feb-2020,-38.18,144.39,20302104537,Newcomb,203021045,Newcomb - Moolap,Greater Geelong,22750
3220,BAREENA,VIC,Delivery Area,Updated 6-Feb-2020,-38.1540975,144.3442725,20302104625,Newtown (Greater Geelong - Vic.),203021046,Newtown (Vic.),Greater Geelong,22750
3220,GEELONG,VIC,Delivery Area,Updated 6-Feb-2020,-38.1499181,144.3617186,20302104625,Newtown (Greater Geelong - Vic.),203021046,Newtown (Vic.),Greater Geelong,22750
3220,NEWTOWN,VIC,Delivery Area,Updated 6-Feb-2020,-38.15,144.333,20302104625,Newtown (Greater Geelong - Vic.),203021046,Newtown (Vic.),Greater Geelong,22750
3220,SOUTH GEELONG,VIC,Delivery Area,Updated 6-Feb-2020,-38.1673819,144.3658474,20302104625,Newtown (Greater Geelong - Vic.),203021046,Newtown (Vic.),Greater Geelong,22750
3221,ANAKIE,VIC,Delivery Area,Updated 6-Feb-2020,-38.1636337,144.1501922,20302104245,Waurn Ponds,203021042,Highton,Greater Geelong,22750
3221,BARRABOOL,VIC,Delivery Area,Updated 6-Feb-2020,-38.1605382,144.2484344,20302104245,Waurn Ponds,203021042,Highton,Greater Geelong,22750
3221,BATESFORD,VIC,Delivery Area,Updated 6-Feb-2020,-38.0899186,144.2847434,20302104245,Waurn Ponds,203021042,Highton,Greater Geelong,22750
3221,BELLARINE,VIC,Delivery Area,Updated 6-Feb-2020,-38.132222,144.619722,20302104245,Waurn Ponds,203021042,Highton,Greater Geelong,22750
3221,CERES,VIC,Delivery Area,Updated 6-Feb-2020,-38.1590503,144.2640892,20302104245,Waurn Ponds,203021042,Highton,Greater Geelong,22750
3221,FYANSFORD,VIC,Delivery Area,Updated 6-Feb-2020,-38.1347924,144.2906169,20302104245,Waurn Ponds,203021042,Highton,Greater Geelong,22750
3221,GEELONG MC,VIC,Delivery Area,Updated 6-Feb-2020,-38.1499,144.362,20302104245,Waurn Ponds,203021042,Highton,Greater Geelong,22750
3221,GNARWARRE,VIC,Delivery Area,Updated 6-Feb-2020,-38.1809271,144.1620897,20302104245,Waurn Ponds,203021042,Highton,Greater Geelong,22750
3221,GREY RIVER,VIC,Delivery Area,Updated 6-Feb-2020,-38.680556,143.835,20302104245,Waurn Ponds,203021042,Highton,Greater Geelong,22750
3221,KENNETT RIVER,VIC,Delivery Area,Updated 6-Feb-2020,-38.6657459,143.8574394,20302104245,Waurn Ponds,203021042,Highton,Greater Geelong,22750
3221,LOVELY BANKS,VIC,Delivery Area,Updated 6-Feb-2020,-38.1636337,144.1501922,20302104245,Waurn Ponds,203021042,Highton,Greater Geelong,22750
3221,MOOLAP,VIC,Delivery Area,Updated 6-Feb-2020,-38.183333,144.433333,20302104245,Waurn Ponds,203021042,Highton,Greater Geelong,22750
3221,MOORABOOL,VIC,Delivery Area,Updated 6-Feb-2020,-38.0697484,144.2954452,20302104245,Waurn Ponds,203021042,Highton,Greater Geelong,22750
3221,MURGHEBOLUC,VIC,Delivery Area,Updated 6-Feb-2020,-38.1636337,144.1501922,20302104245,Waurn Ponds,203021042,Highton,Greater Geelong,22750
3221,SEPARATION CREEK,VIC,Delivery Area,Updated 6-Feb-2020,-38.6284182,143.8981594,20302104245,Waurn Ponds,203021042,Highton,Greater Geelong,22750
3221,STAUGHTON VALE,VIC,Delivery Area,Updated 6-Feb-2020,-37.8396872,144.2818364,20302104245,Waurn Ponds,203021042,Highton,Greater Geelong,22750
3221,STONEHAVEN,VIC,Delivery Area,Updated 6-Feb-2020,-38.1288448,144.2504403,20302104245,Waurn Ponds,203021042,Highton,Greater Geelong,22750
3221,SUGARLOAF,VIC,Delivery Area,Updated 6-Feb-2020,-38.6896508,143.7993096,20302104245,Waurn Ponds,203021042,Highton,Greater Geelong,22750
3221,WALLINGTON,VIC,Delivery Area,Updated 6-Feb-2020,-38.2247017,144.510853,20302104245,Waurn Ponds,203021042,Highton,Greater Geelong,22750
3221,WONGARRA,VIC,Delivery Area,Updated 6-Feb-2020,-38.6937488,143.7720708,20302104245,Waurn Ponds,203021042,Highton,Greater Geelong,22750
3221,WYE RIVER,VIC,Delivery Area,Updated 6-Feb-2020,-38.6381741,143.8899389,20302104245,Waurn Ponds,203021042,Highton,Greater Geelong,22750
3222,CLIFTON SPRINGS,VIC,Delivery Area,Updated 6-Feb-2020,-38.1515545,144.5738608,20303149039,Wallington,203031490,Ocean Grove,Greater Geelong,22750
3222,CURLEWIS,VIC,Delivery Area,Updated 6-Feb-2020,-38.1767277,144.5327632,20303149039,Wallington,203031490,Ocean Grove,Greater Geelong,22750
3222,DRYSDALE,VIC,Delivery Area,Updated 6-Feb-2020,-38.1809329,144.5985292,20303149039,Wallington,203031490,Ocean Grove,Greater Geelong,22750
3222,MANNERIM,VIC,Delivery Area,Updated 6-Feb-2020,-38.216667,144.583333,20303149039,Wallington,203031490,Ocean Grove,Greater Geelong,22750
3222,MARCUS HILL,VIC,Delivery Area,Updated 6-Feb-2020,-38.233333,144.566667,20303149039,Wallington,203031490,Ocean Grove,Greater Geelong,22750
3222,WALLINGTON,VIC,Delivery Area,Updated 6-Feb-2020,-38.2247,144.511,20303149039,Wallington,203031490,Ocean Grove,Greater Geelong,22750
3223,BELLARINE,VIC,Delivery Area,Updated 6-Feb-2020,-38.1322,144.62,20303105131,St Leonards (Vic.),203031051,Portarlington,Greater Geelong,22750
3223,INDENTED HEAD,VIC,Delivery Area,Updated 6-Feb-2020,-38.138056,144.71,20303105131,St Leonards (Vic.),203031051,Portarlington,Greater Geelong,22750
3223,PORTARLINGTON,VIC,Delivery Area,Updated 6-Feb-2020,-38.116667,144.65,20303105131,St Leonards (Vic.),203031051,Portarlington,Greater Geelong,22750
3223,ST LEONARDS,VIC,Delivery Area,Updated 6-Feb-2020,-38.166667,144.716667,20303105131,St Leonards (Vic.),203031051,Portarlington,Greater Geelong,22750
3224,LEOPOLD,VIC,Delivery Area,Updated 6-Feb-2020,-38.1944438,144.4670924,20302104537,Newcomb,203021045,Newcomb - Moolap,Greater Geelong,22750
3224,MOOLAP,VIC,Delivery Area,Updated 6-Feb-2020,-38.1833,144.433,20302104537,Newcomb,203021045,Newcomb - Moolap,Greater Geelong,22750
3225,POINT LONSDALE,VIC,Delivery Area,Updated 6-Feb-2020,-38.283333,144.6,20303105216,Point Lonsdale,203031052,Point Lonsdale - Queenscliff,Greater Geelong,22750
3225,QUEENSCLIFF,VIC,Delivery Area,Updated 6-Feb-2020,-38.2677746,144.6286897,20303105216,Point Lonsdale,203031052,Point Lonsdale - Queenscliff,Greater Geelong,22750
3225,SWAN BAY,VIC,Delivery Area,Updated 6-Feb-2020,-38.225833,144.643889,20303105216,Point Lonsdale,203031052,Point Lonsdale - Queenscliff,Greater Geelong,22750
3225,SWAN ISLAND,VIC,Delivery Area,Updated 6-Feb-2020,-38.2492561,144.6801977,20303105216,Point Lonsdale,203031052,Point Lonsdale - Queenscliff,Greater Geelong,22750
3226,OCEAN GROVE,VIC,Delivery Area,Updated 6-Feb-2020,-38.2573292,144.5382417,20303149040,Ocean Grove,203031490,Ocean Grove,Greater Geelong,22750
3227,BARWON HEADS,VIC,Delivery Area,Updated 6-Feb-2020,-38.2739835,144.4862111,20303149038,Wallington,203031490,Ocean Grove,Surf Coast,26490
3227,BREAMLEA,VIC,Delivery Area,Updated 6-Feb-2020,-38.3,144.383333,20303149038,Wallington,203031490,Ocean Grove,Surf Coast,26490
3227,CONNEWARRE,VIC,Delivery Area,Updated 6-Feb-2020,-38.2640693,144.4623088,20303149038,Wallington,203031490,Ocean Grove,Surf Coast,26490
3228,BELLBRAE,VIC,Delivery Area,Updated 6-Feb-2020,-38.333333,144.266667,20303105353,Torquay (Vic.),203031053,Torquay,Surf Coast,26490
3228,BELLS BEACH,VIC,Delivery Area,Updated 6-Feb-2020,-38.366944,144.284722,20303105353,Torquay (Vic.),203031053,Torquay,Surf Coast,26490
3228,JAN JUC,VIC,Delivery Area,Updated 6-Feb-2020,-38.333333,144.3,20303105353,Torquay (Vic.),203031053,Torquay,Surf Coast,26490
3228,TORQUAY,VIC,Delivery Area,Updated 6-Feb-2020,-38.333333,144.316667,20303105353,Torquay (Vic.),203031053,Torquay,Surf Coast,26490
3230,ANGLESEA,VIC,Delivery Area,Updated 6-Feb-2020,-38.3850062,144.1501922,20303104910,Anglesea,203031049,Lorne - Anglesea,Surf Coast,26490
3231,AIREYS INLET,VIC,Delivery Area,Updated 6-Feb-2020,-38.461511,144.1057661,20303104911,Aireys Inlet,203031049,Lorne - Anglesea,Surf Coast,26490
3231,BIG HILL,VIC,Delivery Area,Updated 6-Feb-2020,-38.480278,144.005,20303104911,Aireys Inlet,203031049,Lorne - Anglesea,Surf Coast,26490
3231,EASTERN VIEW,VIC,Delivery Area,Updated 6-Feb-2020,-38.478048,144.0288116,20303104911,Aireys Inlet,203031049,Lorne - Anglesea,Surf Coast,26490
3231,FAIRHAVEN,VIC,Delivery Area,Updated 6-Feb-2020,-38.456111,144.085833,20303104911,Aireys Inlet,203031049,Lorne - Anglesea,Surf Coast,26490
3231,MOGGS CREEK,VIC,Delivery Area,Updated 6-Feb-2020,-38.456111,144.066944,20303104911,Aireys Inlet,203031049,Lorne - Anglesea,Surf Coast,26490
3232,BIG HILL,VIC,Delivery Area,Updated 6-Feb-2020,-38.4803,144.005,20303104908,Lorne (Vic.),203031049,Lorne - Anglesea,Surf Coast,26490
3232,LORNE,VIC,Delivery Area,Updated 6-Feb-2020,-38.528668,143.9324048,20303104908,Lorne (Vic.),203031049,Lorne - Anglesea,Surf Coast,26490
3233,APOLLO BAY,VIC,Delivery Area,Updated 6-Feb-2020,-38.7551525,143.6675853,21703147609,Apollo Bay (Vic.),217031476,Otway,Colac Otway,21750
3233,CAPE OTWAY,VIC,Delivery Area,Updated 6-Feb-2020,-38.8340286,143.5240583,21703147609,Apollo Bay (Vic.),217031476,Otway,Colac Otway,21750
3233,MARENGO,VIC,Delivery Area,Updated 6-Feb-2020,-38.776141,143.6583166,21703147609,Apollo Bay (Vic.),217031476,Otway,Colac Otway,21750
3233,PETTICOAT CREEK,VIC,Delivery Area,Updated 6-Feb-2020,-38.7140382,143.7301364,21703147609,Apollo Bay (Vic.),217031476,Otway,Colac Otway,21750
3233,SKENES CREEK,VIC,Delivery Area,Updated 6-Feb-2020,-38.7101801,143.7098032,21703147609,Apollo Bay (Vic.),217031476,Otway,Colac Otway,21750
3233,SKENES CREEK NORTH,VIC,Delivery Area,Updated 6-Feb-2020,-38.6957938,143.7206469,21703147609,Apollo Bay (Vic.),217031476,Otway,Colac Otway,21750
3234,GREY RIVER,VIC,Delivery Area,Updated 25-Mar-2020 SA3,-38.6806,143.835,21703147608,Wye River,217031476,Otway,Colac Otway,21750
3234,KENNETT RIVER,VIC,Delivery Area,Updated 25-Mar-2020 SA3,-38.6657,143.857,21703147608,Wye River,217031476,Otway,Colac Otway,21750
3234,SEPARATION CREEK,VIC,Delivery Area,Updated 25-Mar-2020 SA3,-38.6284,143.898,21703147608,Wye River,217031476,Otway,Colac Otway,21750
3234,SUGARLOAF,VIC,Delivery Area,Updated 25-Mar-2020 SA3,-38.6897,143.799,21703147608,Wye River,217031476,Otway,Colac Otway,21750
3234,WONGARRA,VIC,Delivery Area,Updated 25-Mar-2020 SA3,-38.6937,143.772,21703147608,Wye River,217031476,Otway,Colac Otway,21750
3234,WYE RIVER,VIC,Delivery Area,Updated 25-Mar-2020 SA3,-38.6382,143.89,21703147608,Wye River,217031476,Otway,Colac Otway,21750
3235,BENWERRIN,VIC,Delivery Area,Updated 6-Feb-2020,-38.4865203,143.9130375,20303104907,Wensleydale,203031049,Lorne - Anglesea,Colac Otway,21750
3235,BOONAH,VIC,Delivery Area,Updated 6-Feb-2020,-38.4220465,143.960275,20303104907,Wensleydale,203031049,Lorne - Anglesea,Colac Otway,21750
3235,DEANS MARSH,VIC,Delivery Area,Updated 6-Feb-2020,-38.383333,143.883333,20303104907,Wensleydale,203031049,Lorne - Anglesea,Colac Otway,21750
3235,PENNYROYAL,VIC,Delivery Area,Updated 6-Feb-2020,-38.443056,143.876111,20303104907,Wensleydale,203031049,Lorne - Anglesea,Colac Otway,21750
3236,FORREST,VIC,Delivery Area,Updated 6-Feb-2020,-38.516667,143.716667,21703147608,Wye River,217031476,Otway,Colac Otway,21750
3236,MOUNT SABINE,VIC,Delivery Area,Updated 6-Feb-2020,-38.633889,143.742778,21703147608,Wye River,217031476,Otway,Colac Otway,21750
3237,AIRE VALLEY,VIC,Delivery Area,Updated 6-Feb-2020,-38.6922736,143.5659848,21703147606,Johanna,217031476,Otway,Corangamite,21830
3237,BEECH FOREST,VIC,Delivery Area,Updated 6-Feb-2020,-38.633333,143.566667,21703147606,Johanna,217031476,Otway,Corangamite,21830
3237,FERGUSON,VIC,Delivery Area,Updated 6-Feb-2020,-38.649,143.52,21703147606,Johanna,217031476,Otway,Corangamite,21830
3237,GELLIBRAND LOWER,VIC,Delivery Area,Updated 6-Feb-2020,-38.6846816,143.2542289,21703147606,Johanna,217031476,Otway,Corangamite,21830
3237,WATTLE HILL,VIC,Delivery Area,Updated 6-Feb-2020,-38.7551203,143.2514948,21703147606,Johanna,217031476,Otway,Corangamite,21830
3237,WEEAPROINAH,VIC,Delivery Area,Updated 6-Feb-2020,-38.6224336,143.4935902,21703147606,Johanna,217031476,Otway,Corangamite,21830
3237,WYELANGTA,VIC,Delivery Area,Updated 6-Feb-2020,-38.700637,143.416593,21703147606,Johanna,217031476,Otway,Corangamite,21830
3237,YUULONG,VIC,Delivery Area,Updated 6-Feb-2020,-38.747013,143.3238806,21703147606,Johanna,217031476,Otway,Corangamite,21830
3238,GLENAIRE,VIC,Delivery Area,Updated 6-Feb-2020,-38.7761059,143.4336928,21703147606,Johanna,217031476,Otway,Colac Otway,21750
3238,HORDERN VALE,VIC,Delivery Area,Updated 6-Feb-2020,-38.7746222,143.500686,21703147606,Johanna,217031476,Otway,Colac Otway,21750
3238,JOHANNA,VIC,Delivery Area,Updated 6-Feb-2020,-38.7350439,143.4101801,21703147606,Johanna,217031476,Otway,Colac Otway,21750
3238,LAVERS HILL,VIC,Delivery Area,Updated 6-Feb-2020,-38.6790443,143.3750878,21703147606,Johanna,217031476,Otway,Colac Otway,21750
3239,CARLISLE RIVER,VIC,Delivery Area,Updated 6-Feb-2020,-38.5183602,143.4196309,21703147610,Kawarren,217031476,Otway,Corangamite,21830
3239,CHAPPLE VALE,VIC,Delivery Area,Updated 6-Feb-2020,-38.6192303,143.2982122,21703147610,Kawarren,217031476,Otway,Corangamite,21830
3239,GELLIBRAND,VIC,Delivery Area,Updated 6-Feb-2020,-38.5271333,143.5453035,21703147610,Kawarren,217031476,Otway,Corangamite,21830
3239,KENNEDYS CREEK,VIC,Delivery Area,Updated 6-Feb-2020,-38.6051768,143.2587937,21703147610,Kawarren,217031476,Otway,Corangamite,21830
3240,BUCKLEY,VIC,Delivery Area,Updated 6-Feb-2020,-38.2444345,144.0895595,20301103614,Moriac,203011036,Winchelsea,Surf Coast,26490
3240,GHERANG,VIC,Delivery Area,Updated 6-Feb-2020,-38.303611,144.090556,20301103614,Moriac,203011036,Winchelsea,Surf Coast,26490
3240,MODEWARRE,VIC,Delivery Area,Updated 6-Feb-2020,-38.266111,144.121944,20301103614,Moriac,203011036,Winchelsea,Surf Coast,26490
3240,MORIAC,VIC,Delivery Area,Updated 6-Feb-2020,-38.233333,144.166667,20301103614,Moriac,203011036,Winchelsea,Surf Coast,26490
3240,MOUNT MORIAC,VIC,Delivery Area,Updated 6-Feb-2020,-38.2201027,144.191706,20301103614,Moriac,203011036,Winchelsea,Surf Coast,26490
3240,PARAPARAP,VIC,Delivery Area,Updated 6-Feb-2020,-38.298889,144.183889,20301103614,Moriac,203011036,Winchelsea,Surf Coast,26490
3241,BAMBRA,VIC,Delivery Area,Updated 6-Feb-2020,-38.3667365,143.9448801,21703147302,Winchelsea,217031473,Colac Surrounds,Colac Otway,21750
3241,OMBERSLEY,VIC,Delivery Area,Updated 6-Feb-2020,-38.2042916,143.8651496,21703147302,Winchelsea,217031473,Colac Surrounds,Colac Otway,21750
3241,WENSLEYDALE,VIC,Delivery Area,Updated 6-Feb-2020,-38.3405232,144.0419036,21703147302,Winchelsea,217031473,Colac Surrounds,Colac Otway,21750
3241,WINCHELSEA,VIC,Delivery Area,Updated 6-Feb-2020,-38.2437824,143.9943269,21703147302,Winchelsea,217031473,Colac Surrounds,Colac Otway,21750
3241,WINCHELSEA SOUTH,VIC,Delivery Area,Updated 6-Feb-2020,-38.3225,143.983056,21703147302,Winchelsea,217031473,Colac Surrounds,Colac Otway,21750
3241,WURDIBOLUC,VIC,Delivery Area,Updated 6-Feb-2020,-38.289167,144.051389,21703147302,Winchelsea,217031473,Colac Surrounds,Colac Otway,21750
3242,BIRREGURRA,VIC,Delivery Area,Updated 6-Feb-2020,-38.3300725,143.8128803,21703147315,Whoorel,217031473,Colac Surrounds,Surf Coast,26490
3243,BARWON DOWNS,VIC,Delivery Area,Updated 6-Feb-2020,-38.4705238,143.767428,21703147608,Wye River,217031476,Otway,Colac Otway,21750
3243,GERANGAMETE,VIC,Delivery Area,Updated 6-Feb-2020,-38.454364,143.7253915,21703147608,Wye River,217031476,Otway,Colac Otway,21750
3243,MURROON,VIC,Delivery Area,Updated 6-Feb-2020,-38.4205099,143.8040591,21703147608,Wye River,217031476,Otway,Colac Otway,21750
3243,WARNCOORT,VIC,Delivery Area,Updated 6-Feb-2020,-38.3502737,143.7037043,21703147608,Wye River,217031476,Otway,Colac Otway,21750
3243,WHOOREL,VIC,Delivery Area,Updated 6-Feb-2020,-38.3695991,143.8313244,21703147608,Wye River,217031476,Otway,Colac Otway,21750
3249,ALVIE,VIC,Delivery Area,Updated 6-Feb-2020,-38.244444,143.515556,21703147610,Kawarren,217031476,Otway,Corangamite,21830
3249,BALINTORE,VIC,Delivery Area,Updated 6-Feb-2020,-38.2842302,143.5689749,21703147610,Kawarren,217031476,Otway,Corangamite,21830
3249,BARONGAROOK,VIC,Delivery Area,Updated 6-Feb-2020,-38.4255405,143.6176937,21703147610,Kawarren,217031476,Otway,Corangamite,21830
3249,BARONGAROOK WEST,VIC,Delivery Area,Updated 6-Feb-2020,-38.4388581,143.5527423,21703147610,Kawarren,217031476,Otway,Corangamite,21830
3249,BARRAMUNGA,VIC,Delivery Area,Updated 6-Feb-2020,-38.5770348,143.6874429,21703147610,Kawarren,217031476,Otway,Corangamite,21830
3249,CORAGULAC,VIC,Delivery Area,Updated 6-Feb-2020,-38.263392,143.5365131,21703147610,Kawarren,217031476,Otway,Corangamite,21830
3249,CORUNNUN,VIC,Delivery Area,Updated 6-Feb-2020,-38.2845425,143.4932523,21703147610,Kawarren,217031476,Otway,Corangamite,21830
3249,DREEITE,VIC,Delivery Area,Updated 6-Feb-2020,-38.1805071,143.5135277,21703147610,Kawarren,217031476,Otway,Corangamite,21830
3249,DREEITE SOUTH,VIC,Delivery Area,Updated 6-Feb-2020,-38.1980372,143.482441,21703147610,Kawarren,217031476,Otway,Corangamite,21830
3249,GERANGAMETE,VIC,Delivery Area,Updated 6-Feb-2020,-38.4544,143.725,21703147610,Kawarren,217031476,Otway,Corangamite,21830
3249,IRREWARRA,VIC,Delivery Area,Updated 6-Feb-2020,-38.3167164,143.6444066,21703147610,Kawarren,217031476,Otway,Corangamite,21830
3249,IRREWILLIPE,VIC,Delivery Area,Updated 6-Feb-2020,-38.4192398,143.4189558,21703147610,Kawarren,217031476,Otway,Corangamite,21830
3249,IRREWILLIPE EAST,VIC,Delivery Area,Updated 6-Feb-2020,-38.4178071,143.4783871,21703147610,Kawarren,217031476,Otway,Corangamite,21830
3249,KAWARREN,VIC,Delivery Area,Updated 6-Feb-2020,-38.4922351,143.5837732,21703147610,Kawarren,217031476,Otway,Corangamite,21830
3249,LARPENT,VIC,Delivery Area,Updated 6-Feb-2020,-38.3499891,143.5094722,21703147610,Kawarren,217031476,Otway,Corangamite,21830
3249,NALANGIL,VIC,Delivery Area,Updated 6-Feb-2020,-38.3160787,143.4662269,21703147610,Kawarren,217031476,Otway,Corangamite,21830
3249,ONDIT,VIC,Delivery Area,Updated 6-Feb-2020,-38.2420011,143.6176937,21703147610,Kawarren,217031476,Otway,Corangamite,21830
3249,PIRRON YALLOCK,VIC,Delivery Area,Updated 6-Feb-2020,-38.3554705,143.4230064,21703147610,Kawarren,217031476,Otway,Corangamite,21830
3249,POMBORNEIT EAST,VIC,Delivery Area,Updated 6-Feb-2020,-38.2907591,143.3889203,21703147610,Kawarren,217031476,Otway,Corangamite,21830
3249,SWAN MARSH,VIC,Delivery Area,Updated 6-Feb-2020,-38.3543974,143.3529978,21703147610,Kawarren,217031476,Otway,Corangamite,21830
3249,TANYBRYN,VIC,Delivery Area,Updated 6-Feb-2020,-38.665215,143.7142083,21703147610,Kawarren,217031476,Otway,Corangamite,21830
3249,WARRION,VIC,Delivery Area,Updated 6-Feb-2020,-38.216667,143.566667,21703147610,Kawarren,217031476,Otway,Corangamite,21830
3249,WOOL WOOL,VIC,Delivery Area,Updated 6-Feb-2020,-38.2316237,143.4466395,21703147610,Kawarren,217031476,Otway,Corangamite,21830
3249,YEO,VIC,Delivery Area,Updated 6-Feb-2020,-38.244444,143.515556,21703147610,Kawarren,217031476,Otway,Corangamite,21830
3249,YEODENE,VIC,Delivery Area,Updated 6-Feb-2020,-38.4082948,143.7023491,21703147610,Kawarren,217031476,Otway,Corangamite,21830
3250,COLAC,VIC,Delivery Area,Updated 6-Feb-2020,-38.3410186,143.5854622,21703147307,Yeo,217031473,Colac Surrounds,Colac Otway,21750
3250,COLAC EAST,VIC,Delivery Area,Updated 6-Feb-2020,-38.3325068,143.6204013,21703147307,Yeo,217031473,Colac Surrounds,Colac Otway,21750
3250,COLAC WEST,VIC,Delivery Area,Updated 6-Feb-2020,-38.3315126,143.5473322,21703147307,Yeo,217031473,Colac Surrounds,Colac Otway,21750
3250,ELLIMINYT,VIC,Delivery Area,Updated 6-Feb-2020,-38.3733285,143.5743866,21703147307,Yeo,217031473,Colac Surrounds,Colac Otway,21750
3251,BEEAC,VIC,Delivery Area,Updated 6-Feb-2020,-38.1772101,143.6420207,21703147405,Werneth,217031474,Corangamite - North,Corangamite,21830
3251,CUNDARE,VIC,Delivery Area,Updated 6-Feb-2020,-38.1345,143.594,21703147405,Werneth,217031474,Corangamite - North,Corangamite,21830
3251,CUNDARE NORTH,VIC,Delivery Area,Updated 6-Feb-2020,-38.1099644,143.558644,21703147405,Werneth,217031474,Corangamite - North,Corangamite,21830
3251,EURACK,VIC,Delivery Area,Updated 6-Feb-2020,-38.151946,143.7260694,21703147405,Werneth,217031474,Corangamite - North,Corangamite,21830
3251,WEERING,VIC,Delivery Area,Updated 6-Feb-2020,-38.1231059,143.6354874,21703147405,Werneth,217031474,Corangamite - North,Corangamite,21830
3254,COROROOKE,VIC,Delivery Area,Updated 6-Feb-2020,-38.2962142,143.5256956,21703147312,Cororooke,217031473,Colac Surrounds,Colac Otway,21750
3260,BOOKAAR,VIC,Delivery Area,Updated 6-Feb-2020,-38.1501749,143.1309121,21703147525,Tesbury,217031475,Corangamite - South,Colac Otway,21750
3260,BOSTOCKS CREEK,VIC,Delivery Area,Updated 6-Feb-2020,-38.3019538,143.1164553,21703147525,Tesbury,217031475,Corangamite - South,Colac Otway,21750
3260,BUNGADOR,VIC,Delivery Area,Updated 6-Feb-2020,-38.4117481,143.3364551,21703147525,Tesbury,217031475,Corangamite - South,Colac Otway,21750
3260,CAMPERDOWN,VIC,Delivery Area,Updated 6-Feb-2020,-38.2355272,143.1426455,21703147525,Tesbury,217031475,Corangamite - South,Colac Otway,21750
3260,CARPENDEIT,VIC,Delivery Area,Updated 6-Feb-2020,-38.3774194,143.2672147,21703147525,Tesbury,217031475,Corangamite - South,Colac Otway,21750
3260,CHOCOLYN,VIC,Delivery Area,Updated 6-Feb-2020,-38.1923272,143.2042487,21703147525,Tesbury,217031475,Corangamite - South,Colac Otway,21750
3260,GNOTUK,VIC,Delivery Area,Updated 6-Feb-2020,-38.2027638,143.0663826,21703147525,Tesbury,217031475,Corangamite - South,Colac Otway,21750
3260,KARIAH,VIC,Delivery Area,Updated 6-Feb-2020,-38.1340766,143.2308428,21703147525,Tesbury,217031475,Corangamite - South,Colac Otway,21750
3260,KOALLAH,VIC,Delivery Area,Updated 6-Feb-2020,-38.2972927,143.2450824,21703147525,Tesbury,217031475,Corangamite - South,Colac Otway,21750
3260,LESLIE MANOR,VIC,Delivery Area,Updated 6-Feb-2020,-38.0685783,143.3423723,21703147525,Tesbury,217031475,Corangamite - South,Colac Otway,21750
3260,POMBORNEIT,VIC,Delivery Area,Updated 6-Feb-2020,-38.2837243,143.2984298,21703147525,Tesbury,217031475,Corangamite - South,Colac Otway,21750
3260,POMBORNEIT NORTH,VIC,Delivery Area,Updated 6-Feb-2020,-38.2477049,143.3197833,21703147525,Tesbury,217031475,Corangamite - South,Colac Otway,21750
3260,SKIBO,VIC,Delivery Area,Updated 6-Feb-2020,-38.2066949,143.1265412,21703147525,Tesbury,217031475,Corangamite - South,Colac Otway,21750
3260,SOUTH PURRUMBETE,VIC,Delivery Area,Updated 6-Feb-2020,-38.3515777,143.2016004,21703147525,Tesbury,217031475,Corangamite - South,Colac Otway,21750
3260,STONYFORD,VIC,Delivery Area,Updated 6-Feb-2020,-38.3297056,143.2806903,21703147525,Tesbury,217031475,Corangamite - South,Colac Otway,21750
3260,TANDAROOK,VIC,Delivery Area,Updated 6-Feb-2020,-38.2952728,143.200883,21703147525,Tesbury,217031475,Corangamite - South,Colac Otway,21750
3260,TESBURY,VIC,Delivery Area,Updated 6-Feb-2020,-38.29657,143.167652,21703147525,Tesbury,217031475,Corangamite - South,Colac Otway,21750
3260,WEERITE,VIC,Delivery Area,Updated 6-Feb-2020,-38.2556751,143.2470059,21703147525,Tesbury,217031475,Corangamite - South,Colac Otway,21750
3264,TERANG,VIC,Delivery Area,Updated 6-Feb-2020,-38.2273268,142.8955875,21703147415,Terang,217031474,Corangamite - North,Moyne,25490
3265,BOORCAN,VIC,Delivery Area,Updated 2-Dec-2022,-38.218356,143.0448854,21704147724,Framlingham,217041477,Moyne - East,Corangamite,21830
3265,CUDGEE,VIC,Delivery Area,Updated 2-Dec-2022,-38.342961,142.6227692,21704147724,Framlingham,217041477,Moyne - East,Corangamite,21830
3265,DIXIE,VIC,Delivery Area,Updated 2-Dec-2022,-38.3014611,142.9287756,21704147724,Framlingham,217041477,Moyne - East,Corangamite,21830
3265,ECKLIN SOUTH,VIC,Delivery Area,Updated 2-Dec-2022,-38.3854255,142.8989392,21704147724,Framlingham,217041477,Moyne - East,Corangamite,21830
3265,ELLERSLIE,VIC,Delivery Area,Updated 2-Dec-2022,-38.1201405,142.7171702,21704147724,Framlingham,217041477,Moyne - East,Corangamite,21830
3265,FRAMLINGHAM,VIC,Delivery Area,Updated 2-Dec-2022,-38.2557597,142.6844137,21704147724,Framlingham,217041477,Moyne - East,Corangamite,21830
3265,FRAMLINGHAM EAST,VIC,Delivery Area,Updated 2-Dec-2022,-38.1995625,142.7004558,21704147724,Framlingham,217041477,Moyne - East,Corangamite,21830
3265,GARVOC,VIC,Delivery Area,Updated 2-Dec-2022,-38.3220322,142.8479255,21704147724,Framlingham,217041477,Moyne - East,Corangamite,21830
3265,GLENORMISTON,VIC,Delivery Area,Updated 6-Sep-2025,-38.218356,143.0448854,21704147724,Framlingham,217041477,Moyne - East,Corangamite,21830
3265,GLENORMISTON NORTH,VIC,Delivery Area,Updated 2-Dec-2022,-38.1325919,142.9941905,21704147724,Framlingham,217041477,Moyne - East,Corangamite,21830
3265,GLENORMISTON SOUTH,VIC,Delivery Area,Updated 2-Dec-2022,-38.1660705,142.9653336,21704147724,Framlingham,217041477,Moyne - East,Corangamite,21830
3265,KOLORA,VIC,Delivery Area,Updated 2-Dec-2022,-38.1370979,142.9284403,21704147724,Framlingham,217041477,Moyne - East,Corangamite,21830
3265,LAANG,VIC,Delivery Area,Updated 2-Dec-2022,-38.3630117,142.7980853,21704147724,Framlingham,217041477,Moyne - East,Corangamite,21830
3265,NOORAT,VIC,Delivery Area,Updated 2-Dec-2022,-38.2006511,142.9364881,21704147724,Framlingham,217041477,Moyne - East,Corangamite,21830
3265,NOORAT EAST,VIC,Delivery Area,Updated 2-Dec-2022,-38.1974508,142.9760697,21704147724,Framlingham,217041477,Moyne - East,Corangamite,21830
3265,PANMURE,VIC,Delivery Area,Updated 2-Dec-2022,-38.3367162,142.7352451,21704147724,Framlingham,217041477,Moyne - East,Corangamite,21830
3265,TAROON,VIC,Delivery Area,Updated 2-Dec-2022,-38.3237196,142.8664846,21704147724,Framlingham,217041477,Moyne - East,Corangamite,21830
3265,THE SISTERS,VIC,Delivery Area,Updated 2-Dec-2022,-38.1985692,142.7757012,21704147724,Framlingham,217041477,Moyne - East,Corangamite,21830
3266,BULLAHARRE,VIC,Delivery Area,Updated 6-Feb-2020,-38.347841,143.137301,21703147604,Yuulong,217031476,Otway,Colac Otway,21750
3266,COBDEN,VIC,Delivery Area,Updated 6-Feb-2020,-38.320519,143.0828766,21703147604,Yuulong,217031476,Otway,Colac Otway,21750
3266,COBRICO,VIC,Delivery Area,Updated 6-Feb-2020,-38.2814403,143.0220515,21703147604,Yuulong,217031476,Otway,Colac Otway,21750
3266,ELINGAMITE,VIC,Delivery Area,Updated 6-Feb-2020,-38.3730317,143.0274236,21703147604,Yuulong,217031476,Otway,Colac Otway,21750
3266,ELINGAMITE NORTH,VIC,Delivery Area,Updated 6-Feb-2020,-38.3334069,142.9878141,21703147604,Yuulong,217031476,Otway,Colac Otway,21750
3266,GLENFYNE,VIC,Delivery Area,Updated 6-Feb-2020,-38.4003782,142.9861362,21703147604,Yuulong,217031476,Otway,Colac Otway,21750
3266,JANCOURT,VIC,Delivery Area,Updated 6-Feb-2020,-38.3686742,143.0942712,21703147604,Yuulong,217031476,Otway,Colac Otway,21750
3266,JANCOURT EAST,VIC,Delivery Area,Updated 6-Feb-2020,-38.3938486,143.1366284,21703147604,Yuulong,217031476,Otway,Colac Otway,21750
3266,NAROGHID,VIC,Delivery Area,Updated 6-Feb-2020,-38.2563491,143.0620155,21703147604,Yuulong,217031476,Otway,Colac Otway,21750
3266,SIMPSON,VIC,Delivery Area,Updated 6-Feb-2020,-38.4987977,143.2429647,21703147604,Yuulong,217031476,Otway,Colac Otway,21750
3267,SCOTTS CREEK,VIC,Delivery Area,Updated 6-Feb-2020,-38.467729,143.0781416,21703147522,Scotts Creek (Vic.),217031475,Corangamite - South,Corangamite,21830
3268,AYRFORD,VIC,Delivery Area,Updated 6-Feb-2020,-38.4208758,142.8409151,21704147722,Nullawarre North,217041477,Moyne - East,Moyne,25490
3268,BRUCKNELL,VIC,Delivery Area,Updated 6-Feb-2020,-38.4659878,142.9043021,21704147722,Nullawarre North,217041477,Moyne - East,Moyne,25490
3268,COORIEMUNGLE,VIC,Delivery Area,Updated 6-Feb-2020,-38.5459508,143.1120852,21704147722,Nullawarre North,217041477,Moyne - East,Moyne,25490
3268,COWLEYS CREEK,VIC,Delivery Area,Updated 6-Feb-2020,-38.5076961,143.0347708,21704147722,Nullawarre North,217041477,Moyne - East,Moyne,25490
3268,CURDIE VALE,VIC,Delivery Area,Updated 6-Feb-2020,-38.5083,142.899,21704147722,Nullawarre North,217041477,Moyne - East,Moyne,25490
3268,CURDIES RIVER,VIC,Delivery Area,Updated 6-Feb-2020,-38.4503739,142.9438661,21704147722,Nullawarre North,217041477,Moyne - East,Moyne,25490
3268,CURDIEVALE,VIC,Delivery Area,Updated 6-Feb-2020,-38.5083135,142.8994409,21704147722,Nullawarre North,217041477,Moyne - East,Moyne,25490
3268,HEYTESBURY LOWER,VIC,Delivery Area,Updated 6-Feb-2020,-38.5769004,142.9417963,21704147722,Nullawarre North,217041477,Moyne - East,Moyne,25490
3268,NEWFIELD,VIC,Delivery Area,Updated 6-Feb-2020,-38.5591501,143.0103947,21704147722,Nullawarre North,217041477,Moyne - East,Moyne,25490
3268,NIRRANDA,VIC,Delivery Area,Updated 6-Feb-2020,-38.502099,142.7829978,21704147722,Nullawarre North,217041477,Moyne - East,Moyne,25490
3268,NIRRANDA EAST,VIC,Delivery Area,Updated 6-Feb-2020,-38.4825115,142.8580598,21704147722,Nullawarre North,217041477,Moyne - East,Moyne,25490
3268,NIRRANDA SOUTH,VIC,Delivery Area,Updated 6-Feb-2020,-38.5251704,142.7904251,21704147722,Nullawarre North,217041477,Moyne - East,Moyne,25490
3268,NULLAWARRE,VIC,Delivery Area,Updated 6-Feb-2020,-38.4756101,142.8131861,21704147722,Nullawarre North,217041477,Moyne - East,Moyne,25490
3268,NULLAWARRE EAST,VIC,Delivery Area,Updated 6-Feb-2020,-38.4756,142.813,21704147722,Nullawarre North,217041477,Moyne - East,Moyne,25490
3268,NULLAWARRE NORTH,VIC,Delivery Area,Updated 6-Feb-2020,-38.4413,142.782,21704147722,Nullawarre North,217041477,Moyne - East,Moyne,25490
3268,PAARATTE,VIC,Delivery Area,Updated 6-Feb-2020,-38.538399,142.9942663,21704147722,Nullawarre North,217041477,Moyne - East,Moyne,25490
3268,THE COVE,VIC,Delivery Area,Updated 6-Feb-2020,-38.4867398,142.6974476,21704147722,Nullawarre North,217041477,Moyne - East,Moyne,25490
3268,TIMBOON,VIC,Delivery Area,Updated 6-Feb-2020,-38.478525,142.9734629,21704147722,Nullawarre North,217041477,Moyne - East,Moyne,25490
3268,TIMBOON WEST,VIC,Delivery Area,Updated 6-Feb-2020,-38.5501291,142.928105,21704147722,Nullawarre North,217041477,Moyne - East,Moyne,25490
3269,PORT CAMPBELL,VIC,Delivery Area,Updated 6-Feb-2020,-38.6191008,142.9961352,21703147508,Port Campbell,217031475,Corangamite - South,Corangamite,21830
3269,PRINCETOWN,VIC,Delivery Area,Updated 6-Feb-2020,-38.6724766,143.1756455,21703147508,Port Campbell,217031475,Corangamite - South,Corangamite,21830
3269,WAARRE,VIC,Delivery Area,Updated 6-Feb-2020,-38.5769405,143.0405196,21703147508,Port Campbell,217031475,Corangamite - South,Corangamite,21830
3270,PETERBOROUGH,VIC,Delivery Area,Updated 6-Feb-2020,-38.5949819,142.8793838,21704147712,Peterborough (Vic.),217041477,Moyne - East,Corangamite,21830
3271,DARLINGTON,VIC,Delivery Area,Updated 6-Feb-2020,-38.0042786,143.0129871,21704147706,Woorndoo,217041477,Moyne - East,Ararat,20260
3271,DUNDONNELL,VIC,Delivery Area,Updated 6-Feb-2020,-37.989819,142.966989,21704147706,Woorndoo,217041477,Moyne - East,Ararat,20260
3271,PURA PURA,VIC,Delivery Area,Updated 6-Feb-2020,-37.8157187,143.0778056,21704147706,Woorndoo,217041477,Moyne - East,Ararat,20260
3272,MORTLAKE,VIC,Delivery Area,Updated 6-Feb-2020,-38.0755216,142.8100364,21704147715,Mortlake (Vic.),217041477,Moyne - East,Ararat,20260
3272,WOORNDOO,VIC,Delivery Area,Updated 6-Feb-2020,-37.8974068,142.7953267,21704147715,Mortlake (Vic.),217041477,Moyne - East,Ararat,20260
3273,HEXHAM,VIC,Delivery Area,Updated 6-Feb-2020,-37.9654484,142.6814062,21704147719,Hexham (Vic.),217041477,Moyne - East,Moyne,25490
3274,CARAMUT,VIC,Delivery Area,Updated 6-Feb-2020,-37.9386771,142.5105224,21704147716,Purdeet,217041477,Moyne - East,Southern Grampians,26260
3275,MAILER FLAT,VIC,Delivery Area,Updated 6-Feb-2020,-38.2902,142.463,21704147802,Yarpturk,217041478,Moyne - West,Moyne,25490
3275,MAILORS FLAT,VIC,Delivery Area,Updated 6-Feb-2020,-38.2901504,142.4625357,21704147802,Yarpturk,217041478,Moyne - West,Moyne,25490
3276,MINJAH,VIC,Delivery Area,Updated 6-Feb-2020,-38.068626,142.4523603,21704147711,Woolsthorpe,217041477,Moyne - East,Moyne,25490
3276,WOOLSTHORPE,VIC,Delivery Area,Updated 6-Feb-2020,-38.1432273,142.4249023,21704147711,Woolsthorpe,217041477,Moyne - East,Moyne,25490
3277,ALLANSFORD,VIC,Delivery Area,Updated 6-Feb-2020,-38.386111,142.593056,21704148031,Allansford,217041480,Warrnambool - South,Moyne,25490
3277,MEPUNGA,VIC,Delivery Area,Updated 6-Feb-2020,-38.4865907,142.676394,21704148031,Allansford,217041480,Warrnambool - South,Moyne,25490
3277,MEPUNGA EAST,VIC,Delivery Area,Updated 6-Feb-2020,-38.4436937,142.7185075,21704148031,Allansford,217041480,Warrnambool - South,Moyne,25490
3277,MEPUNGA WEST,VIC,Delivery Area,Updated 6-Feb-2020,-38.4165115,142.6483321,21704148031,Allansford,217041480,Warrnambool - South,Moyne,25490
3277,NARINGAL,VIC,Delivery Area,Updated 6-Feb-2020,-38.3968573,142.716985,21704148031,Allansford,217041480,Warrnambool - South,Moyne,25490
3277,NARINGAL EAST,VIC,Delivery Area,Updated 6-Feb-2020,-38.3945862,142.7840666,21704148031,Allansford,217041480,Warrnambool - South,Moyne,25490
3278,PURNIM,VIC,Delivery Area,Updated 6-Feb-2020,-38.2910882,142.5953418,21704147713,Purnim West,217041477,Moyne - East,Moyne,25490
3278,PURNIM WEST,VIC,Delivery Area,Updated 6-Feb-2020,-38.2986695,142.5585419,21704147713,Purnim West,217041477,Moyne - East,Moyne,25490
3279,BALLANGEICH,VIC,Delivery Area,Updated 6-Feb-2020,-38.1660521,142.575836,21704147710,Framlingham East,217041477,Moyne - East,Moyne,25490
3279,WANGOOM,VIC,Delivery Area,Updated 6-Feb-2020,-38.333333,142.583333,21704147710,Framlingham East,217041477,Moyne - East,Moyne,25490
3280,DENNINGTON,VIC,Delivery Area,Updated 6-Feb-2020,-38.355833,142.441389,21704148035,Warrnambool,217041480,Warrnambool - South,Moyne,25490
3280,MINJAH,VIC,Delivery Area,Updated 6-Feb-2020,-38.0686,142.452,21704148035,Warrnambool,217041480,Warrnambool - South,Moyne,25490
3280,WARRNAMBOOL,VIC,Delivery Area,Updated 6-Feb-2020,-38.3686779,142.4982086,21704148035,Warrnambool,217041480,Warrnambool - South,Moyne,25490
3280,WARRNAMBOOL EAST,VIC,Delivery Area,Updated 6-Feb-2020,-38.3686779,142.4982086,21704148035,Warrnambool,217041480,Warrnambool - South,Moyne,25490
3280,WARRNAMBOOL WEST,VIC,Delivery Area,Updated 6-Feb-2020,-38.3663341,142.466221,21704148035,Warrnambool,217041480,Warrnambool - South,Moyne,25490
3281,BUSHFIELD,VIC,Delivery Area,Updated 6-Feb-2020,-38.3282508,142.5158563,21704147915,Bushfield,217041479,Warrnambool - North,Moyne,25490
3281,GRASSMERE,VIC,Delivery Area,Updated 6-Feb-2020,-38.2773243,142.5058556,21704147915,Bushfield,217041479,Warrnambool - North,Moyne,25490
3281,WINSLOW,VIC,Delivery Area,Updated 6-Feb-2020,-38.2301849,142.4618694,21704147915,Bushfield,217041479,Warrnambool - North,Moyne,25490
3281,WOODFORD,VIC,Delivery Area,Updated 6-Feb-2020,-38.316667,142.466667,21704147915,Bushfield,217041479,Warrnambool - North,Moyne,25490
3282,ILLOWA,VIC,Delivery Area,Updated 6-Feb-2020,-38.3240971,142.3940586,21704147827,Southern Cross (Vic.),217041478,Moyne - West,Warrnambool,26730
3282,KOROIT,VIC,Delivery Area,Updated 6-Feb-2020,-38.2960425,142.3553505,21704147827,Southern Cross (Vic.),217041478,Moyne - West,Warrnambool,26730
3283,CROSSLEY,VIC,Delivery Area,Updated 6-Feb-2020,-38.3042515,142.321598,21704147828,Rosebrook (Vic.),217041478,Moyne - West,Warrnambool,26730
3283,KILLARNEY,VIC,Delivery Area,Updated 6-Feb-2020,-38.3451308,142.308467,21704147828,Rosebrook (Vic.),217041478,Moyne - West,Warrnambool,26730
3283,KIRKSTALL,VIC,Delivery Area,Updated 6-Feb-2020,-38.2794244,142.3071773,21704147828,Rosebrook (Vic.),217041478,Moyne - West,Warrnambool,26730
3283,SOUTHERN CROSS,VIC,Delivery Area,Updated 6-Feb-2020,-38.2961052,142.3992869,21704147828,Rosebrook (Vic.),217041478,Moyne - West,Warrnambool,26730
3283,TARRONE,VIC,Delivery Area,Updated 6-Feb-2020,-38.2718851,142.2028458,21704147828,Rosebrook (Vic.),217041478,Moyne - West,Warrnambool,26730
3283,TOWER HILL,VIC,Delivery Area,Updated 6-Feb-2020,-38.3332266,142.3537074,21704147828,Rosebrook (Vic.),217041478,Moyne - West,Warrnambool,26730
3283,WARRONG,VIC,Delivery Area,Updated 6-Feb-2020,-38.1836014,142.310129,21704147828,Rosebrook (Vic.),217041478,Moyne - West,Warrnambool,26730
3283,WILLATOOK,VIC,Delivery Area,Updated 6-Feb-2020,-38.1318966,142.1998589,21704147828,Rosebrook (Vic.),217041478,Moyne - West,Warrnambool,26730
3283,YANGERY,VIC,Delivery Area,Updated 6-Feb-2020,-38.3185532,142.4412187,21704147828,Rosebrook (Vic.),217041478,Moyne - West,Warrnambool,26730
3283,YARPTURK,VIC,Delivery Area,Updated 6-Feb-2020,-38.2872903,142.4305627,21704147828,Rosebrook (Vic.),217041478,Moyne - West,Warrnambool,26730
3284,ORFORD,VIC,Delivery Area,Updated 6-Feb-2020,-38.1985238,142.1295373,21704147828,Rosebrook (Vic.),217041478,Moyne - West,Moyne,25490
3284,PORT FAIRY,VIC,Delivery Area,Updated 6-Feb-2020,-38.3810122,142.2292907,21704147828,Rosebrook (Vic.),217041478,Moyne - West,Moyne,25490
3285,CODRINGTON,VIC,Delivery Area,Updated 6-Feb-2020,-38.2561037,141.9397094,21704147828,Rosebrook (Vic.),217041478,Moyne - West,Moyne,25490
3285,NARRAWONG,VIC,Delivery Area,Updated 6-Feb-2020,-38.2173608,141.7053755,21704147828,Rosebrook (Vic.),217041478,Moyne - West,Moyne,25490
3285,ROSEBROOK,VIC,Delivery Area,Updated 6-Feb-2020,-38.3437695,142.2664028,21704147828,Rosebrook (Vic.),217041478,Moyne - West,Moyne,25490
3285,ST HELENS,VIC,Delivery Area,Updated 6-Feb-2020,-38.241239,142.0602812,21704147828,Rosebrook (Vic.),217041478,Moyne - West,Moyne,25490
3285,TOOLONG,VIC,Delivery Area,Updated 6-Feb-2020,-38.3103547,142.2303981,21704147828,Rosebrook (Vic.),217041478,Moyne - West,Moyne,25490
3285,TYRENDARRA,VIC,Delivery Area,Updated 6-Feb-2020,-38.216667,141.783333,21704147828,Rosebrook (Vic.),217041478,Moyne - West,Moyne,25490
3285,TYRENDARRA EAST,VIC,Delivery Area,Updated 6-Feb-2020,-38.243369,141.8726405,21704147828,Rosebrook (Vic.),217041478,Moyne - West,Moyne,25490
3285,YAMBUK,VIC,Delivery Area,Updated 6-Feb-2020,-38.3080678,142.0413404,21704147828,Rosebrook (Vic.),217041478,Moyne - West,Moyne,25490
3286,CONDAH SWAMP,VIC,Delivery Area,Updated 6-Feb-2020,-37.9720069,141.8364257,21704147826,Macarthur (Vic.),217041478,Moyne - West,Moyne,25490
3286,KNEBSWORTH,VIC,Delivery Area,Updated 6-Feb-2020,-37.9930783,141.8451677,21704147826,Macarthur (Vic.),217041478,Moyne - West,Moyne,25490
3286,MACARTHUR,VIC,Delivery Area,Updated 6-Feb-2020,-38.027044,142.0046427,21704147826,Macarthur (Vic.),217041478,Moyne - West,Moyne,25490
3286,RIPPONHURST,VIC,Delivery Area,Updated 6-Feb-2020,-37.984035,142.1085079,21704147826,Macarthur (Vic.),217041478,Moyne - West,Moyne,25490
3286,WARRABKOOK,VIC,Delivery Area,Updated 6-Feb-2020,-37.9850408,142.0317312,21704147826,Macarthur (Vic.),217041478,Moyne - West,Moyne,25490
3287,HAWKESDALE,VIC,Delivery Area,Updated 6-Feb-2020,-38.0541239,142.3048108,21704147807,Minhamite,217041478,Moyne - West,Moyne,25490
3287,MINHAMITE,VIC,Delivery Area,Updated 6-Feb-2020,-38.0073258,142.3167774,21704147807,Minhamite,217041478,Moyne - West,Moyne,25490
3289,GAZETTE,VIC,Delivery Area,Updated 6-Feb-2020,-37.9197764,142.149764,21704147809,Warrabkook,217041478,Moyne - West,Moyne,25490
3289,GERRIGERRUP,VIC,Delivery Area,Updated 6-Feb-2020,-37.9906017,142.2154135,21704147809,Warrabkook,217041478,Moyne - West,Moyne,25490
3289,PENSHURST,VIC,Delivery Area,Updated 6-Feb-2020,-37.883333,142.283333,21704147809,Warrabkook,217041478,Moyne - West,Moyne,25490
3289,PURDEET,VIC,Delivery Area,Updated 6-Feb-2020,-37.9382718,142.3694561,21704147809,Warrabkook,217041478,Moyne - West,Moyne,25490
3289,TABOR,VIC,Delivery Area,Updated 6-Feb-2020,-37.8132691,142.1918944,21704147809,Warrabkook,217041478,Moyne - West,Moyne,25490
3292,NELSON,VIC,Delivery Area,Updated 6-Feb-2020,-38.0625136,141.1198886,21701142004,Nelson (Vic.),217011420,Glenelg (Vic.),Glenelg,22410
3293,GLENTHOMPSON,VIC,Delivery Area,Updated 6-Feb-2020,-37.6707686,142.5338611,21704147716,Purdeet,217041477,Moyne - East,Moyne,25490
3293,NAREEB,VIC,Delivery Area,Updated 6-Feb-2020,-37.8235293,142.5404248,21704147716,Purdeet,217041477,Moyne - East,Moyne,25490
3293,NARRAPUMELAP SOUTH,VIC,Delivery Area,Updated 6-Feb-2020,-37.7538261,142.6405948,21704147716,Purdeet,217041477,Moyne - East,Moyne,25490
3294,DUNKELD,VIC,Delivery Area,Updated 6-Feb-2020,-37.65,142.35,21701142313,Dunkeld (Vic.),217011423,Southern Grampians,Ararat,20260
3294,KARABEAL,VIC,Delivery Area,Updated 6-Feb-2020,-37.5872103,142.2333099,21701142313,Dunkeld (Vic.),217011423,Southern Grampians,Ararat,20260
3294,MIRRANATWA,VIC,Delivery Area,Updated 6-Feb-2020,-37.4001583,142.4075911,21701142313,Dunkeld (Vic.),217011423,Southern Grampians,Ararat,20260
3294,MOUTAJUP,VIC,Delivery Area,Updated 6-Feb-2020,-37.6887108,142.22243,21701142313,Dunkeld (Vic.),217011423,Southern Grampians,Ararat,20260
3294,VICTORIA POINT,VIC,Delivery Area,Updated 6-Feb-2020,-37.5175286,142.2586256,21701142313,Dunkeld (Vic.),217011423,Southern Grampians,Ararat,20260
3294,VICTORIA VALLEY,VIC,Delivery Area,Updated 6-Feb-2020,-37.5532701,142.2852033,21701142313,Dunkeld (Vic.),217011423,Southern Grampians,Ararat,20260
3294,WOODHOUSE,VIC,Delivery Area,Updated 6-Feb-2020,-37.8021895,142.4591589,21701142313,Dunkeld (Vic.),217011423,Southern Grampians,Ararat,20260
3300,BYADUK NORTH,VIC,Delivery Area,Updated 6-Feb-2020,-37.8859808,141.9338792,21701142317,Mount Napier,217011423,Southern Grampians,Southern Grampians,26260
3300,HAMILTON,VIC,Delivery Area,Updated 6-Feb-2020,-37.7455702,142.0178976,21701142317,Mount Napier,217011423,Southern Grampians,Southern Grampians,26260
3301,BOCHARA,VIC,Delivery Area,Updated 6-Feb-2020,-37.6993137,141.8991762,21704147810,Orford (Vic.),217041478,Moyne - West,Glenelg,22410
3301,BROADWATER,VIC,Delivery Area,Updated 6-Feb-2020,-38.1376982,142.0288242,21704147810,Orford (Vic.),217041478,Moyne - West,Glenelg,22410
3301,BUCKLEY SWAMP,VIC,Delivery Area,Updated 6-Feb-2020,-37.8582975,142.0834692,21704147810,Orford (Vic.),217041478,Moyne - West,Glenelg,22410
3301,BYADUK,VIC,Delivery Area,Updated 6-Feb-2020,-37.935171,141.9652923,21704147810,Orford (Vic.),217041478,Moyne - West,Glenelg,22410
3301,CROXTON EAST,VIC,Delivery Area,Updated 6-Feb-2020,-37.7916962,142.2104797,21704147810,Orford (Vic.),217041478,Moyne - West,Glenelg,22410
3301,HENSLEY PARK,VIC,Delivery Area,Updated 6-Feb-2020,-37.6164595,142.0182315,21704147810,Orford (Vic.),217041478,Moyne - West,Glenelg,22410
3301,MORGIANA,VIC,Delivery Area,Updated 6-Feb-2020,-37.7294806,141.8367558,21704147810,Orford (Vic.),217041478,Moyne - West,Glenelg,22410
3301,MOUNT NAPIER,VIC,Delivery Area,Updated 6-Feb-2020,-37.8933333,142.0580556,21704147810,Orford (Vic.),217041478,Moyne - West,Glenelg,22410
3301,STRATHKELLAR,VIC,Delivery Area,Updated 6-Feb-2020,-37.7136721,142.0934094,21704147810,Orford (Vic.),217041478,Moyne - West,Glenelg,22410
3301,TAHARA,VIC,Delivery Area,Updated 6-Feb-2020,-37.7397455,141.7209853,21704147810,Orford (Vic.),217041478,Moyne - West,Glenelg,22410
3301,TARRINGTON,VIC,Delivery Area,Updated 6-Feb-2020,-37.766667,142.1,21704147810,Orford (Vic.),217041478,Moyne - West,Glenelg,22410
3301,WANNON,VIC,Delivery Area,Updated 6-Feb-2020,-37.6838529,141.834445,21704147810,Orford (Vic.),217041478,Moyne - West,Glenelg,22410
3301,WARRAYURE,VIC,Delivery Area,Updated 6-Feb-2020,-37.7038712,142.1889079,21704147810,Orford (Vic.),217041478,Moyne - West,Glenelg,22410
3301,YATCHAW,VIC,Delivery Area,Updated 6-Feb-2020,-37.8070791,142.1320945,21704147810,Orford (Vic.),217041478,Moyne - West,Glenelg,22410
3301,YULECART,VIC,Delivery Area,Updated 6-Feb-2020,-37.751667,141.9560322,21704147810,Orford (Vic.),217041478,Moyne - West,Glenelg,22410
3302,BRANXHOLME,VIC,Delivery Area,Updated 6-Feb-2020,-37.8604777,141.7988033,21701142319,Branxholme,217011423,Southern Grampians,Glenelg,22410
3302,GRASSDALE,VIC,Delivery Area,Updated 6-Feb-2020,-37.845417,141.6011181,21701142319,Branxholme,217011423,Southern Grampians,Glenelg,22410
3303,BREAKAWAY CREEK,VIC,Delivery Area,Updated 6-Feb-2020,-38.0137602,141.8096919,21701142022,Wallacedale,217011420,Glenelg (Vic.),Moyne,25490
3303,CONDAH,VIC,Delivery Area,Updated 6-Feb-2020,-37.963272,141.8001231,21701142022,Wallacedale,217011420,Glenelg (Vic.),Moyne,25490
3303,CONDAH SWAMP,VIC,Delivery Area,Updated 6-Feb-2020,-38.0167,141.833,21701142022,Wallacedale,217011420,Glenelg (Vic.),Moyne,25490
3303,HOTSPUR,VIC,Delivery Area,Updated 6-Feb-2020,-37.9351083,141.5350509,21701142022,Wallacedale,217011420,Glenelg (Vic.),Moyne,25490
3303,LAKE CONDAH,VIC,Delivery Area,Updated 6-Feb-2020,-38.0624522,141.8324645,21701142022,Wallacedale,217011420,Glenelg (Vic.),Moyne,25490
3303,WALLACEDALE,VIC,Delivery Area,Updated 6-Feb-2020,-37.9480098,141.8272844,21701142022,Wallacedale,217011420,Glenelg (Vic.),Moyne,25490
3304,BESSIEBELLE,VIC,Delivery Area,Updated 6-Feb-2020,-38.1598513,141.9705844,21704147818,Tyrendarra East,217041478,Moyne - West,Moyne,25490
3304,DARTMOOR,VIC,Delivery Area,Updated 6-Feb-2020,-37.9143894,141.2730001,21704147818,Tyrendarra East,217041478,Moyne - West,Moyne,25490
3304,DRIK DRIK,VIC,Delivery Area,Updated 6-Feb-2020,-37.9751742,141.3049902,21704147818,Tyrendarra East,217041478,Moyne - West,Moyne,25490
3304,DRUMBORG,VIC,Delivery Area,Updated 6-Feb-2020,-38.0640624,141.5426993,21704147818,Tyrendarra East,217041478,Moyne - West,Moyne,25490
3304,GREENWALD,VIC,Delivery Area,Updated 6-Feb-2020,-37.9718653,141.3642133,21704147818,Tyrendarra East,217041478,Moyne - West,Moyne,25490
3304,HEYWOOD,VIC,Delivery Area,Updated 6-Feb-2020,-38.133333,141.6166671,21704147818,Tyrendarra East,217041478,Moyne - West,Moyne,25490
3304,HOMERTON,VIC,Delivery Area,Updated 6-Feb-2020,-38.1151185,141.7700656,21704147818,Tyrendarra East,217041478,Moyne - West,Moyne,25490
3304,LYONS,VIC,Delivery Area,Updated 6-Feb-2020,-38.0076276,141.4592277,21704147818,Tyrendarra East,217041478,Moyne - West,Moyne,25490
3304,MILLTOWN,VIC,Delivery Area,Updated 6-Feb-2020,-38.0572028,141.6915548,21704147818,Tyrendarra East,217041478,Moyne - West,Moyne,25490
3304,MUMBANNAR,VIC,Delivery Area,Updated 6-Feb-2020,-37.9251654,141.1935887,21704147818,Tyrendarra East,217041478,Moyne - West,Moyne,25490
3304,MYAMYN,VIC,Delivery Area,Updated 6-Feb-2020,-37.9877659,141.7275765,21704147818,Tyrendarra East,217041478,Moyne - West,Moyne,25490
3304,WINNAP,VIC,Delivery Area,Updated 6-Feb-2020,-37.9469933,141.3200604,21704147818,Tyrendarra East,217041478,Moyne - West,Moyne,25490
3305,ALLESTREE,VIC,Delivery Area,Updated 6-Feb-2020,-38.283333,141.65,21701142235,Portland (Vic.),217011422,Portland,Glenelg,22410
3305,BOLWARRA,VIC,Delivery Area,Updated 6-Feb-2020,-38.2844214,141.6092866,21701142235,Portland (Vic.),217011422,Portland,Glenelg,22410
3305,CAPE BRIDGEWATER,VIC,Delivery Area,Updated 6-Feb-2020,-38.3012904,141.4062156,21701142235,Portland (Vic.),217011422,Portland,Glenelg,22410
3305,CASHMORE,VIC,Delivery Area,Updated 6-Feb-2020,-38.3112505,141.4824946,21701142235,Portland (Vic.),217011422,Portland,Glenelg,22410
3305,DUTTON WAY,VIC,Delivery Area,Updated 6-Feb-2020,-38.2985847,141.6238774,21701142235,Portland (Vic.),217011422,Portland,Glenelg,22410
3305,GORAE,VIC,Delivery Area,Updated 6-Feb-2020,-38.2606916,141.5967036,21701142235,Portland (Vic.),217011422,Portland,Glenelg,22410
3305,GORAE WEST,VIC,Delivery Area,Updated 6-Feb-2020,-38.2786096,141.5337051,21701142235,Portland (Vic.),217011422,Portland,Glenelg,22410
3305,HEATHMERE,VIC,Delivery Area,Updated 6-Feb-2020,-38.2178397,141.6092063,21701142235,Portland (Vic.),217011422,Portland,Glenelg,22410
3305,MOUNT RICHMOND,VIC,Delivery Area,Updated 6-Feb-2020,-38.1989932,141.3513805,21701142235,Portland (Vic.),217011422,Portland,Glenelg,22410
3305,PORTLAND,VIC,Delivery Area,Updated 6-Feb-2020,-38.360895,141.6041155,21701142235,Portland (Vic.),217011422,Portland,Glenelg,22410
3305,PORTLAND NORTH,VIC,Delivery Area,Updated 6-Feb-2020,-38.3068084,141.5727929,21701142235,Portland (Vic.),217011422,Portland,Glenelg,22410
3305,PORTLAND WEST,VIC,Delivery Area,Updated 6-Feb-2020,-38.3405909,141.5550031,21701142235,Portland (Vic.),217011422,Portland,Glenelg,22410
3309,DIGBY,VIC,Delivery Area,Updated 6-Feb-2020,-37.7888212,141.5360368,21701142018,Winnap,217011420,Glenelg (Vic.),Glenelg,22410
3310,MERINO,VIC,Delivery Area,Updated 6-Feb-2020,-37.7117283,141.5318089,21701142028,Merino,217011420,Glenelg (Vic.),Glenelg,22410
3310,TAHARA WEST,VIC,Delivery Area,Updated 6-Feb-2020,-37.7201563,141.6221944,21701142028,Merino,217011420,Glenelg (Vic.),Glenelg,22410
3311,CASTERTON,VIC,Delivery Area,Updated 6-Feb-2020,-37.583333,141.4,21701142026,Warrock,217011420,Glenelg (Vic.),Glenelg,22410
3311,CORNDALE,VIC,Delivery Area,Updated 6-Feb-2020,-37.5462099,141.3122901,21701142026,Warrock,217011420,Glenelg (Vic.),Glenelg,22410
3311,HEATH FIELD,VIC,Delivery Area,Updated 6-Feb-2020,-37.58,141.15,21701142026,Warrock,217011420,Glenelg (Vic.),Glenelg,22410
3311,PURALKA,VIC,Delivery Area,Updated 6-Feb-2020,-37.81,141.08,21701142026,Warrock,217011420,Glenelg (Vic.),Glenelg,22410
3312,BAHGALLAH,VIC,Delivery Area,Updated 6-Feb-2020,-37.6660935,141.337186,21701142315,Tarrenlea,217011423,Southern Grampians,Southern Grampians,26260
3312,BRIMBOAL,VIC,Delivery Area,Updated 6-Feb-2020,-37.3764603,141.3924197,21701142315,Tarrenlea,217011423,Southern Grampians,Southern Grampians,26260
3312,CARAPOOK,VIC,Delivery Area,Updated 6-Feb-2020,-37.5191978,141.5488547,21701142315,Tarrenlea,217011423,Southern Grampians,Southern Grampians,26260
3312,CHETWYND,VIC,Delivery Area,Updated 6-Feb-2020,-37.336413,141.4170098,21701142315,Tarrenlea,217011423,Southern Grampians,Southern Grampians,26260
3312,DERGHOLM,VIC,Delivery Area,Updated 6-Feb-2020,-37.3688281,141.2080599,21701142315,Tarrenlea,217011423,Southern Grampians,Southern Grampians,26260
3312,DORODONG,VIC,Delivery Area,Updated 6-Feb-2020,-37.3326869,141.0677289,21701142315,Tarrenlea,217011423,Southern Grampians,Southern Grampians,26260
3312,DUNROBIN,VIC,Delivery Area,Updated 6-Feb-2020,-37.5100481,141.3991393,21701142315,Tarrenlea,217011423,Southern Grampians,Southern Grampians,26260
3312,HENTY,VIC,Delivery Area,Updated 6-Feb-2020,-37.6831695,141.5213096,21701142315,Tarrenlea,217011423,Southern Grampians,Southern Grampians,26260
3312,KILLARA,VIC,Delivery Area,Updated 6-Feb-2020,-37.7491162,141.3925806,21701142315,Tarrenlea,217011423,Southern Grampians,Southern Grampians,26260
3312,LAKE MUNDI,VIC,Delivery Area,Updated 6-Feb-2020,-37.5184421,141.191549,21701142315,Tarrenlea,217011423,Southern Grampians,Southern Grampians,26260
3312,LINDSAY,VIC,Delivery Area,Updated 6-Feb-2020,-37.6660935,141.337186,21701142315,Tarrenlea,217011423,Southern Grampians,Southern Grampians,26260
3312,MUNTHAM,VIC,Delivery Area,Updated 6-Feb-2020,-37.5925,141.541,21701142315,Tarrenlea,217011423,Southern Grampians,Southern Grampians,26260
3312,NANGEELA,VIC,Delivery Area,Updated 6-Feb-2020,-37.48367,141.3440668,21701142315,Tarrenlea,217011423,Southern Grampians,Southern Grampians,26260
3312,POOLAIJELO,VIC,Delivery Area,Updated 6-Feb-2020,-37.188264,140.9807118,21701142315,Tarrenlea,217011423,Southern Grampians,Southern Grampians,26260
3312,POWERS CREEK,VIC,Delivery Area,Updated 6-Feb-2020,-37.1928008,141.2930006,21701142315,Tarrenlea,217011423,Southern Grampians,Southern Grampians,26260
3312,SANDFORD,VIC,Delivery Area,Updated 6-Feb-2020,-37.5986077,141.4775662,21701142315,Tarrenlea,217011423,Southern Grampians,Southern Grampians,26260
3312,STRATHDOWNIE,VIC,Delivery Area,Updated 6-Feb-2020,-37.7235636,141.1488684,21701142315,Tarrenlea,217011423,Southern Grampians,Southern Grampians,26260
3312,WANDO BRIDGE,VIC,Delivery Area,Updated 6-Feb-2020,-37.4774412,141.4253805,21701142315,Tarrenlea,217011423,Southern Grampians,Southern Grampians,26260
3312,WANDO VALE,VIC,Delivery Area,Updated 6-Feb-2020,-37.5039809,141.4447402,21701142315,Tarrenlea,217011423,Southern Grampians,Southern Grampians,26260
3312,WARROCK,VIC,Delivery Area,Updated 6-Feb-2020,-37.4402645,141.3289955,21701142315,Tarrenlea,217011423,Southern Grampians,Southern Grampians,26260
3314,BULART,VIC,Delivery Area,Updated 6-Feb-2020,-37.5305772,141.9979873,21701142322,Melville Forest,217011423,Southern Grampians,Northern Grampians,25810
3314,CAVENDISH,VIC,Delivery Area,Updated 6-Feb-2020,-37.516667,142.033333,21701142322,Melville Forest,217011423,Southern Grampians,Northern Grampians,25810
3314,GLENISLA,VIC,Delivery Area,Updated 6-Feb-2020,-37.2237827,142.1140597,21701142322,Melville Forest,217011423,Southern Grampians,Northern Grampians,25810
3314,GRAMPIANS,VIC,Delivery Area,Updated 6-Feb-2020,-37.3489752,142.3299468,21701142322,Melville Forest,217011423,Southern Grampians,Northern Grampians,25810
3314,MOORALLA,VIC,Delivery Area,Updated 6-Feb-2020,-37.3781755,142.1637537,21701142322,Melville Forest,217011423,Southern Grampians,Northern Grampians,25810
3314,WOOHLPOOER,VIC,Delivery Area,Updated 6-Feb-2020,-37.368961,142.160309,21701142322,Melville Forest,217011423,Southern Grampians,Northern Grampians,25810
3315,BRIT BRIT,VIC,Delivery Area,Updated 6-Feb-2020,-37.4123739,141.7416806,21701142322,Melville Forest,217011423,Southern Grampians,West Wimmera,26890
3315,CLOVER FLAT,VIC,Delivery Area,Updated 6-Feb-2020,-37.5999098,141.5527992,21701142322,Melville Forest,217011423,Southern Grampians,West Wimmera,26890
3315,COLERAINE,VIC,Delivery Area,Updated 6-Feb-2020,-37.6,141.7,21701142322,Melville Forest,217011423,Southern Grampians,West Wimmera,26890
3315,COOJAR,VIC,Delivery Area,Updated 6-Feb-2020,-37.3510534,141.6908535,21701142322,Melville Forest,217011423,Southern Grampians,West Wimmera,26890
3315,CULLA,VIC,Delivery Area,Updated 6-Feb-2020,-37.2167208,141.5166504,21701142322,Melville Forest,217011423,Southern Grampians,West Wimmera,26890
3315,GRINGEGALGONA,VIC,Delivery Area,Updated 6-Feb-2020,-37.3866935,141.795834,21701142322,Melville Forest,217011423,Southern Grampians,West Wimmera,26890
3315,GRITJURK,VIC,Delivery Area,Updated 6-Feb-2020,-37.5726915,141.7859374,21701142322,Melville Forest,217011423,Southern Grampians,West Wimmera,26890
3315,HILGAY,VIC,Delivery Area,Updated 6-Feb-2020,-37.6249601,141.6047566,21701142322,Melville Forest,217011423,Southern Grampians,West Wimmera,26890
3315,KONONGWOOTONG,VIC,Delivery Area,Updated 6-Feb-2020,-37.516829,141.6536374,21701142322,Melville Forest,217011423,Southern Grampians,West Wimmera,26890
3315,MELVILLE FOREST,VIC,Delivery Area,Updated 6-Feb-2020,-37.5122161,141.8203693,21701142322,Melville Forest,217011423,Southern Grampians,West Wimmera,26890
3315,MUNTHAM,VIC,Delivery Area,Updated 6-Feb-2020,-37.5925202,141.5409665,21701142322,Melville Forest,217011423,Southern Grampians,West Wimmera,26890
3315,NAREEN,VIC,Delivery Area,Updated 6-Feb-2020,-37.3827172,141.5090945,21701142322,Melville Forest,217011423,Southern Grampians,West Wimmera,26890
3315,PARKWOOD,VIC,Delivery Area,Updated 6-Feb-2020,-37.5673,141.866,21701142322,Melville Forest,217011423,Southern Grampians,West Wimmera,26890
3315,PASCHENDALE,VIC,Delivery Area,Updated 6-Feb-2020,-37.6742833,141.5945592,21701142322,Melville Forest,217011423,Southern Grampians,West Wimmera,26890
3315,TAHARA BRIDGE,VIC,Delivery Area,Updated 6-Feb-2020,-37.7068095,141.6264119,21701142322,Melville Forest,217011423,Southern Grampians,West Wimmera,26890
3315,TARRAYOUKYAN,VIC,Delivery Area,Updated 6-Feb-2020,-37.2946289,141.6151117,21701142322,Melville Forest,217011423,Southern Grampians,West Wimmera,26890
3315,TARRENLEA,VIC,Delivery Area,Updated 6-Feb-2020,-37.6643118,141.734498,21701142322,Melville Forest,217011423,Southern Grampians,West Wimmera,26890
3315,WOOTONG VALE,VIC,Delivery Area,Updated 6-Feb-2020,-37.5098752,141.7259287,21701142322,Melville Forest,217011423,Southern Grampians,West Wimmera,26890
3317,HARROW,VIC,Delivery Area,Updated 6-Feb-2020,-37.1477475,141.5781151,21701142307,Harrow,217011423,Southern Grampians,Southern Grampians,26260
3318,CHARAM,VIC,Delivery Area,Updated 6-Feb-2020,-36.9817316,141.512051,21501139310,Edenhope,215011393,West Wimmera,West Wimmera,26890
3318,CONNEWIRRICOO,VIC,Delivery Area,Updated 6-Feb-2020,-37.1898525,141.4450684,21501139310,Edenhope,215011393,West Wimmera,West Wimmera,26890
3318,EDENHOPE,VIC,Delivery Area,Updated 6-Feb-2020,-37.0307143,141.2834751,21501139310,Edenhope,215011393,West Wimmera,West Wimmera,26890
3318,JALLAKIN,VIC,Delivery Area,Updated 6-Feb-2020,-37.0614,141.305,21501139310,Edenhope,215011393,West Wimmera,West Wimmera,26890
3318,KADNOOK,VIC,Delivery Area,Updated 6-Feb-2020,-37.2022733,141.347999,21501139310,Edenhope,215011393,West Wimmera,West Wimmera,26890
3318,LANGKOOP,VIC,Delivery Area,Updated 6-Feb-2020,-37.0906202,141.055046,21501139310,Edenhope,215011393,West Wimmera,West Wimmera,26890
3318,MEEREEK,VIC,Delivery Area,Updated 6-Feb-2020,-37.08,141.08,21501139310,Edenhope,215011393,West Wimmera,West Wimmera,26890
3318,PATYAH,VIC,Delivery Area,Updated 6-Feb-2020,-36.8338499,141.2700543,21501139310,Edenhope,215011393,West Wimmera,West Wimmera,26890
3318,ULLSWATER,VIC,Delivery Area,Updated 6-Feb-2020,-36.9217721,141.4063546,21501139310,Edenhope,215011393,West Wimmera,West Wimmera,26890
3319,APSLEY,VIC,Delivery Area,Updated 6-Feb-2020,-36.9684704,141.0829427,21501139307,Neuarpurr,215011393,West Wimmera,West Wimmera,26890
3319,BENAYEO,VIC,Delivery Area,Updated 6-Feb-2020,-36.8507348,141.0955096,21501139307,Neuarpurr,215011393,West Wimmera,West Wimmera,26890
3319,BRINGALBERT,VIC,Delivery Area,Updated 6-Feb-2020,-36.8707068,141.1415349,21501139307,Neuarpurr,215011393,West Wimmera,West Wimmera,26890
3321,HESSE,VIC,Delivery Area,Updated 6-Feb-2020,-38.0833159,143.8766076,21703147305,Wingeel,217031473,Colac Surrounds,Colac Otway,21750
3321,INVERLEIGH,VIC,Delivery Area,Updated 6-Feb-2020,-38.1028946,144.0398618,21703147305,Wingeel,217031473,Colac Surrounds,Colac Otway,21750
3321,WINGEEL,VIC,Delivery Area,Updated 6-Feb-2020,-38.0991711,143.8055806,21703147305,Wingeel,217031473,Colac Surrounds,Colac Otway,21750
3322,CRESSY,VIC,Delivery Area,Updated 6-Feb-2020,-38.0526438,143.6285244,21703147405,Werneth,217031474,Corangamite - North,Corangamite,21830
3323,BERRYBANK,VIC,Delivery Area,Updated 6-Feb-2020,-37.9825676,143.4763603,21703147405,Werneth,217031474,Corangamite - North,Golden Plains,22490
3323,DUVERNEY,VIC,Delivery Area,Updated 6-Feb-2020,-38.0253435,143.5624895,21703147405,Werneth,217031474,Corangamite - North,Golden Plains,22490
3323,FOXHOW,VIC,Delivery Area,Updated 6-Feb-2020,-38.0465671,143.437523,21703147405,Werneth,217031474,Corangamite - North,Golden Plains,22490
3324,LISMORE,VIC,Delivery Area,Updated 6-Feb-2020,-37.9552943,143.3494538,21703147417,Skipton,217031474,Corangamite - North,Golden Plains,22490
3324,MINGAY,VIC,Delivery Area,Updated 6-Feb-2020,-37.8355304,143.3254271,21703147417,Skipton,217031474,Corangamite - North,Golden Plains,22490
3324,MOUNT BUTE,VIC,Delivery Area,Updated 6-Feb-2020,-37.8923481,143.3720517,21703147417,Skipton,217031474,Corangamite - North,Golden Plains,22490
3325,DERRINALLUM,VIC,Delivery Area,Updated 6-Feb-2020,-37.948441,143.2160297,21703147412,Derrinallum,217031474,Corangamite - North,Corangamite,21830
3325,LARRALEA,VIC,Delivery Area,Updated 6-Feb-2020,-38.0692613,143.2201567,21703147412,Derrinallum,217031474,Corangamite - North,Corangamite,21830
3325,VITE VITE,VIC,Delivery Area,Updated 6-Feb-2020,-37.875002,143.1753511,21703147412,Derrinallum,217031474,Corangamite - North,Corangamite,21830
3325,VITE VITE NORTH,VIC,Delivery Area,Updated 6-Feb-2020,-37.7710239,143.1988637,21703147412,Derrinallum,217031474,Corangamite - North,Corangamite,21830
3328,TEESDALE,VIC,Delivery Area,Updated 6-Feb-2020,-38.022066,144.0630048,20301103516,Teesdale (Vic.),203011035,Golden Plains - South,Golden Plains,22490
3329,BARUNAH PARK,VIC,Delivery Area,Updated 6-Feb-2020,-38.0223718,143.8556892,21703147305,Wingeel,217031473,Colac Surrounds,Colac Otway,21750
3329,BARUNAH PLAINS,VIC,Delivery Area,Updated 6-Feb-2020,-38.0263,143.803,21703147305,Wingeel,217031473,Colac Surrounds,Colac Otway,21750
3329,SHELFORD,VIC,Delivery Area,Updated 6-Feb-2020,-38.016667,143.966667,21703147305,Wingeel,217031473,Colac Surrounds,Colac Otway,21750
3330,ROKEWOOD,VIC,Delivery Area,Updated 6-Feb-2020,-37.9359743,143.7152249,20301103513,Rokewood Junction,203011035,Golden Plains - South,Golden Plains,22490
3331,BANNOCKBURN,VIC,Delivery Area,Updated 6-Feb-2020,-38.05,144.166667,20301103508,Steiglitz (Vic.),203011035,Golden Plains - South,Golden Plains,22490
3331,GHERINGHAP,VIC,Delivery Area,Updated 6-Feb-2020,-38.0719517,144.2299712,20301103508,Steiglitz (Vic.),203011035,Golden Plains - South,Golden Plains,22490
3331,MAUDE,VIC,Delivery Area,Updated 6-Feb-2020,-37.9242637,144.1685956,20301103508,Steiglitz (Vic.),203011035,Golden Plains - South,Golden Plains,22490
3331,RUSSELLS BRIDGE,VIC,Delivery Area,Updated 6-Feb-2020,-38.024133,144.1909483,20301103508,Steiglitz (Vic.),203011035,Golden Plains - South,Golden Plains,22490
3331,SHE OAKS,VIC,Delivery Area,Updated 6-Feb-2020,-37.916667,144.133333,20301103508,Steiglitz (Vic.),203011035,Golden Plains - South,Golden Plains,22490
3331,STEIGLITZ,VIC,Delivery Area,Updated 6-Feb-2020,-37.894512,144.1861997,20301103508,Steiglitz (Vic.),203011035,Golden Plains - South,Golden Plains,22490
3331,SUTHERLANDS CREEK,VIC,Delivery Area,Updated 6-Feb-2020,-38.0330078,144.2187155,20301103508,Steiglitz (Vic.),203011035,Golden Plains - South,Golden Plains,22490
3332,LETHBRIDGE,VIC,Delivery Area,Updated 6-Feb-2020,-37.9633341,144.1065864,20301103509,Lethbridge,203011035,Golden Plains - South,Golden Plains,22490
3333,BAMGANIE,VIC,Delivery Area,Updated 6-Feb-2020,-37.914215,143.9872451,20301103511,Teesdale (Vic.),203011035,Golden Plains - South,Moorabool,25150
3333,MEREDITH,VIC,Delivery Area,Updated 6-Feb-2020,-37.8459801,144.0766524,20301103511,Teesdale (Vic.),203011035,Golden Plains - South,Moorabool,25150
3334,BUNGAL,VIC,Delivery Area,Updated 6-Feb-2020,-37.72556,144.1113546,20102101204,Mount Doran,201021012,Gordon (Vic.),Golden Plains,22490
3334,CARGERIE,VIC,Delivery Area,Updated 6-Feb-2020,-37.8133636,143.9592552,20102101204,Mount Doran,201021012,Gordon (Vic.),Golden Plains,22490
3334,ELAINE,VIC,Delivery Area,Updated 6-Feb-2020,-37.7682554,144.0378201,20102101204,Mount Doran,201021012,Gordon (Vic.),Golden Plains,22490
3334,MORRISONS,VIC,Delivery Area,Updated 6-Feb-2020,-37.7695,144.089,20102101204,Mount Doran,201021012,Gordon (Vic.),Golden Plains,22490
3334,MOUNT DORAN,VIC,Delivery Area,Updated 6-Feb-2020,-37.7205393,144.0357785,20102101204,Mount Doran,201021012,Gordon (Vic.),Golden Plains,22490
3335,BONNIE BROOK,VIC,Delivery Area,Updated 6-Feb-2020,-37.6914,144.66,21304157412,Plumpton (Vic.),213041574,Fraser Rise - Plumpton,Melton,24650
3335,GRANGEFIELDS,VIC,Delivery Area,Updated 6-Feb-2020,-37.7054,144.639,21304157412,Plumpton (Vic.),213041574,Fraser Rise - Plumpton,Melton,24650
3335,PLUMPTON,VIC,Delivery Area,Updated 6-Feb-2020,-37.6731215,144.6630148,21304157412,Plumpton (Vic.),213041574,Fraser Rise - Plumpton,Melton,24650
3335,ROCKBANK,VIC,Delivery Area,Updated 6-Feb-2020,-37.7304579,144.652914,21304157412,Plumpton (Vic.),213041574,Fraser Rise - Plumpton,Melton,24650
3335,THORNHILL PARK,VIC,Delivery Area,Updated 6-Feb-2020,-37.7457,144.624,21304157412,Plumpton (Vic.),213041574,Fraser Rise - Plumpton,Melton,24650
3336,AINTREE,VIC,Delivery Area,Added 23-Nov-2018,-37.7215,144.663,21304157417,Fraser Rise,213041574,Fraser Rise - Plumpton,Melton,24650
3336,DEANSIDE,VIC,Delivery Area,Added 23-Nov-2018,-37.7215,144.663,21304157417,Fraser Rise,213041574,Fraser Rise - Plumpton,Melton,24650
3336,FRASER RISE,VIC,Delivery Area,Added 26-Aug-2019,-37.7215,144.663,21304157417,Fraser Rise,213041574,Fraser Rise - Plumpton,Melton,24650
3337,HARKNESS,VIC,Delivery Area,Updated 6-Feb-2020,-37.6669,144.564,21304157721,Melton (Vic.),213041577,Melton,Macedon Ranges,24130
3337,KURUNJANG,VIC,Delivery Area,Updated 6-Feb-2020,-37.672,144.585,21304157721,Melton (Vic.),213041577,Melton,Macedon Ranges,24130
3337,MELTON,VIC,Delivery Area,Updated 6-Feb-2020,-37.677,144.612,21304157721,Melton (Vic.),213041577,Melton,Macedon Ranges,24130
3337,MELTON WEST,VIC,Delivery Area,Updated 6-Feb-2020,-37.68298,144.5500157,21304157721,Melton (Vic.),213041577,Melton,Macedon Ranges,24130
3337,TOOLERN VALE,VIC,Delivery Area,Updated 6-Feb-2020,-37.608056,144.593056,21304157721,Melton (Vic.),213041577,Melton,Macedon Ranges,24130
3338,BROOKFIELD,VIC,Delivery Area,Updated 6-Feb-2020,-37.6999038,144.5382417,21305158908,Wyndham Vale,213051589,Wyndham Vale - North,Wyndham,27260
3338,COBBLEBANK,VIC,Delivery Area,Updated 6-Feb-2020,-37.7062,144.602,21305158908,Wyndham Vale,213051589,Wyndham Vale - North,Wyndham,27260
3338,EXFORD,VIC,Delivery Area,Updated 6-Feb-2020,-37.7185795,144.5349356,21305158908,Wyndham Vale,213051589,Wyndham Vale - North,Wyndham,27260
3338,EYNESBURY,VIC,Delivery Area,Updated 6-Feb-2020,-37.7471636,144.5640379,21305158908,Wyndham Vale,213051589,Wyndham Vale - North,Wyndham,27260
3338,MELTON SOUTH,VIC,Delivery Area,Updated 6-Feb-2020,-37.703056,144.571944,21305158908,Wyndham Vale,213051589,Wyndham Vale - North,Wyndham,27260
3338,STRATHTULLOH,VIC,Delivery Area,Updated 6-Feb-2020,-37.7408,144.596,21305158908,Wyndham Vale,213051589,Wyndham Vale - North,Wyndham,27260
3338,WEIR VIEWS,VIC,Delivery Area,Updated 6-Feb-2020,-37.732,144.576,21305158908,Wyndham Vale,213051589,Wyndham Vale - North,Wyndham,27260
3340,BACCHUS MARSH,VIC,Delivery Area,Updated 6-Feb-2020,-37.6763789,144.4463206,21304157303,Parwan,213041573,Eynesbury - Exford,Melton,24650
3340,BALLIANG,VIC,Delivery Area,Updated 6-Feb-2020,-37.8622199,144.3840601,21304157303,Parwan,213041573,Eynesbury - Exford,Melton,24650
3340,BALLIANG EAST,VIC,Delivery Area,Updated 6-Feb-2020,-37.793087,144.4344864,21304157303,Parwan,213041573,Eynesbury - Exford,Melton,24650
3340,COIMADAI,VIC,Delivery Area,Updated 6-Feb-2020,-37.604118,144.446526,21304157303,Parwan,213041573,Eynesbury - Exford,Melton,24650
3340,DARLEY,VIC,Delivery Area,Updated 6-Feb-2020,-37.654722,144.437222,21304157303,Parwan,213041573,Eynesbury - Exford,Melton,24650
3340,GLENMORE,VIC,Delivery Area,Updated 6-Feb-2020,-37.7128105,144.3122204,21304157303,Parwan,213041573,Eynesbury - Exford,Melton,24650
3340,HOPETOUN PARK,VIC,Delivery Area,Updated 6-Feb-2020,-37.6978954,144.5053764,21304157303,Parwan,213041573,Eynesbury - Exford,Melton,24650
3340,LONG FOREST,VIC,Delivery Area,Updated 6-Feb-2020,-37.65126,144.5053764,21304157303,Parwan,213041573,Eynesbury - Exford,Melton,24650
3340,MADDINGLEY,VIC,Delivery Area,Updated 6-Feb-2020,-37.6837782,144.4089115,21304157303,Parwan,213041573,Eynesbury - Exford,Melton,24650
3340,MERRIMU,VIC,Delivery Area,Updated 6-Feb-2020,-37.6585786,144.4725244,21304157303,Parwan,213041573,Eynesbury - Exford,Melton,24650
3340,PARWAN,VIC,Delivery Area,Updated 6-Feb-2020,-37.716667,144.45,21304157303,Parwan,213041573,Eynesbury - Exford,Melton,24650
3340,ROWSLEY,VIC,Delivery Area,Updated 6-Feb-2020,-37.7216385,144.376119,21304157303,Parwan,213041573,Eynesbury - Exford,Melton,24650
3340,STAUGHTON VALE,VIC,Delivery Area,Updated 6-Feb-2020,-37.8397,144.282,21304157303,Parwan,213041573,Eynesbury - Exford,Melton,24650
3341,DALES CREEK,VIC,Delivery Area,Updated 6-Feb-2020,-37.5236148,144.3016359,21304135345,Pentland Hills,213041353,Bacchus Marsh,Moorabool,25150
3341,GREENDALE,VIC,Delivery Area,Updated 6-Feb-2020,-37.566944,144.316944,21304135345,Pentland Hills,213041353,Bacchus Marsh,Moorabool,25150
3341,KOROBEIT,VIC,Delivery Area,Updated 6-Feb-2020,-37.5851686,144.3412497,21304135345,Pentland Hills,213041353,Bacchus Marsh,Moorabool,25150
3341,MYRNIONG,VIC,Delivery Area,Updated 6-Feb-2020,-37.616667,144.333333,21304135345,Pentland Hills,213041353,Bacchus Marsh,Moorabool,25150
3341,PENTLAND HILLS,VIC,Delivery Area,Updated 6-Feb-2020,-37.6344134,144.3451301,21304135345,Pentland Hills,213041353,Bacchus Marsh,Moorabool,25150
3342,BALLAN,VIC,Delivery Area,Updated 6-Feb-2020,-37.6146129,144.2415697,20301103508,Steiglitz (Vic.),203011035,Golden Plains - South,Golden Plains,22490
3342,BEREMBOKE,VIC,Delivery Area,Updated 6-Feb-2020,-37.783333,144.25,20301103508,Steiglitz (Vic.),203011035,Golden Plains - South,Golden Plains,22490
3342,BLAKEVILLE,VIC,Delivery Area,Updated 6-Feb-2020,-37.5008056,144.2105217,20301103508,Steiglitz (Vic.),203011035,Golden Plains - South,Golden Plains,22490
3342,BUNDING,VIC,Delivery Area,Updated 6-Feb-2020,-37.5452578,144.1744187,20301103508,Steiglitz (Vic.),203011035,Golden Plains - South,Golden Plains,22490
3342,COLBROOK,VIC,Delivery Area,Updated 6-Feb-2020,-37.5312432,144.2154229,20301103508,Steiglitz (Vic.),203011035,Golden Plains - South,Golden Plains,22490
3342,DURDIDWARRAH,VIC,Delivery Area,Updated 6-Feb-2020,-37.8208027,144.1733553,20301103508,Steiglitz (Vic.),203011035,Golden Plains - South,Golden Plains,22490
3342,FISKVILLE,VIC,Delivery Area,Updated 6-Feb-2020,-37.6682785,144.2019935,20301103508,Steiglitz (Vic.),203011035,Golden Plains - South,Golden Plains,22490
3342,INGLISTON,VIC,Delivery Area,Updated 6-Feb-2020,-37.6434828,144.2927596,20301103508,Steiglitz (Vic.),203011035,Golden Plains - South,Golden Plains,22490
3342,MOUNT WALLACE,VIC,Delivery Area,Updated 6-Feb-2020,-37.7539679,144.225878,20301103508,Steiglitz (Vic.),203011035,Golden Plains - South,Golden Plains,22490
3345,GORDON,VIC,Delivery Area,Updated 6-Feb-2020,-37.5678296,144.1174856,20102101217,Gordon (Vic.),201021012,Gordon (Vic.),Moorabool,25150
3350,ALFREDTON,VIC,Delivery Area,Updated 6-Feb-2020,-37.555,143.8,20101148424,Redan,201011484,Sebastopol - Redan,Ballarat,20570
3350,BAKERY HILL,VIC,Delivery Area,Updated 6-Feb-2020,-37.563,143.866,20101148424,Redan,201011484,Sebastopol - Redan,Ballarat,20570
3350,BALLARAT,VIC,Delivery Area,Updated 6-Feb-2020,-37.5691087,143.8563224,20101148424,Redan,201011484,Sebastopol - Redan,Ballarat,20570
3350,BALLARAT CENTRAL,VIC,Delivery Area,Updated 6-Feb-2020,-37.5621587,143.8502556,20101148424,Redan,201011484,Sebastopol - Redan,Ballarat,20570
3350,BALLARAT EAST,VIC,Delivery Area,Updated 6-Feb-2020,-37.5632,143.869,20101148424,Redan,201011484,Sebastopol - Redan,Ballarat,20570
3350,BALLARAT NORTH,VIC,Delivery Area,Updated 6-Feb-2020,-37.5397,143.8676,20101148424,Redan,201011484,Sebastopol - Redan,Ballarat,20570
3350,BALLARAT WEST,VIC,Delivery Area,Updated 6-Feb-2020,-37.5691087,143.8563224,20101148424,Redan,201011484,Sebastopol - Redan,Ballarat,20570
3350,BLACK HILL,VIC,Delivery Area,Updated 6-Feb-2020,-37.5502577,143.875336,20101148424,Redan,201011484,Sebastopol - Redan,Ballarat,20570
3350,BROWN HILL,VIC,Delivery Area,Updated 6-Feb-2020,-37.5495,143.9125,20101148424,Redan,201011484,Sebastopol - Redan,Ballarat,20570
3350,CANADIAN,VIC,Delivery Area,Updated 6-Feb-2020,-37.576,143.877,20101148424,Redan,201011484,Sebastopol - Redan,Ballarat,20570
3350,EUREKA,VIC,Delivery Area,Updated 6-Feb-2020,-37.5648,143.8822,20101148424,Redan,201011484,Sebastopol - Redan,Ballarat,20570
3350,GOLDEN POINT,VIC,Delivery Area,Updated 6-Feb-2020,-37.574,143.868,20101148424,Redan,201011484,Sebastopol - Redan,Ballarat,20570
3350,INVERMAY PARK,VIC,Delivery Area,Updated 6-Feb-2020,-37.5305636,143.8590384,20101148424,Redan,201011484,Sebastopol - Redan,Ballarat,20570
3350,LAKE WENDOUREE,VIC,Delivery Area,Updated 6-Feb-2020,-37.549,143.847,20101148424,Redan,201011484,Sebastopol - Redan,Ballarat,20570
3350,LUCAS,VIC,Delivery Area,Updated 6-Feb-2020,-37.553,143.771,20101148424,Redan,201011484,Sebastopol - Redan,Ballarat,20570
3350,MOUNT CLEAR,VIC,Delivery Area,Updated 6-Feb-2020,-37.602,143.868,20101148424,Redan,201011484,Sebastopol - Redan,Ballarat,20570
3350,MOUNT HELEN,VIC,Delivery Area,Updated 6-Feb-2020,-37.6297878,143.8834861,20101148424,Redan,201011484,Sebastopol - Redan,Ballarat,20570
3350,MOUNT PLEASANT,VIC,Delivery Area,Updated 6-Feb-2020,-37.581,143.853,20101148424,Redan,201011484,Sebastopol - Redan,Ballarat,20570
3350,NERRINA,VIC,Delivery Area,Updated 6-Feb-2020,-37.533,143.903,20101148424,Redan,201011484,Sebastopol - Redan,Ballarat,20570
3350,NEWINGTON,VIC,Delivery Area,Updated 6-Feb-2020,-37.5655288,143.8264533,20101148424,Redan,201011484,Sebastopol - Redan,Ballarat,20570
3350,REDAN,VIC,Delivery Area,Updated 6-Feb-2020,-37.577,143.844,20101148424,Redan,201011484,Sebastopol - Redan,Ballarat,20570
3350,SOLDIERS HILL,VIC,Delivery Area,Updated 6-Feb-2020,-37.55,143.858,20101148424,Redan,201011484,Sebastopol - Redan,Ballarat,20570
3350,SOVEREIGN HILL,VIC,Delivery Area,Updated 6-Feb-2020,-37.5747586,143.866045,20101148424,Redan,201011484,Sebastopol - Redan,Ballarat,20570
3351,BERRINGA,VIC,Delivery Area,Updated 6-Feb-2020,-37.7760414,143.6840179,21704147706,Woorndoo,217041477,Moyne - East,Moyne,25490
3351,BO PEEP,VIC,Delivery Area,Updated 6-Feb-2020,-37.5310454,143.6742331,21704147706,Woorndoo,217041477,Moyne - East,Moyne,25490
3351,CAPE CLEAR,VIC,Delivery Area,Updated 6-Feb-2020,-37.7609792,143.6057911,21704147706,Woorndoo,217041477,Moyne - East,Moyne,25490
3351,CARNGHAM,VIC,Delivery Area,Updated 6-Feb-2020,-37.5769958,143.5639019,21704147706,Woorndoo,217041477,Moyne - East,Moyne,25490
3351,CHEPSTOWE,VIC,Delivery Area,Updated 6-Feb-2020,-37.6214122,143.505079,21704147706,Woorndoo,217041477,Moyne - East,Moyne,25490
3351,HADDON,VIC,Delivery Area,Updated 6-Feb-2020,-37.588333,143.699444,21704147706,Woorndoo,217041477,Moyne - East,Moyne,25490
3351,HAPPY VALLEY,VIC,Delivery Area,Updated 6-Feb-2020,-37.7138138,143.5936688,21704147706,Woorndoo,217041477,Moyne - East,Moyne,25490
3351,HILLCREST,VIC,Delivery Area,Updated 6-Feb-2020,-37.6155727,143.6339403,21704147706,Woorndoo,217041477,Moyne - East,Moyne,25490
3351,ILLABAROOK,VIC,Delivery Area,Updated 6-Feb-2020,-37.8321891,143.6520525,21704147706,Woorndoo,217041477,Moyne - East,Moyne,25490
3351,LAKE BOLAC,VIC,Delivery Area,Updated 6-Feb-2020,-37.7112844,142.839973,21704147706,Woorndoo,217041477,Moyne - East,Moyne,25490
3351,MININERA,VIC,Delivery Area,Updated 6-Feb-2020,-37.5954916,142.9324641,21704147706,Woorndoo,217041477,Moyne - East,Moyne,25490
3351,MORTCHUP,VIC,Delivery Area,Updated 6-Feb-2020,-37.6185,143.505,21704147706,Woorndoo,217041477,Moyne - East,Moyne,25490
3351,MOUNT EMU,VIC,Delivery Area,Updated 6-Feb-2020,-37.6045017,143.4368657,21704147706,Woorndoo,217041477,Moyne - East,Moyne,25490
3351,NERRIN NERRIN,VIC,Delivery Area,Updated 6-Feb-2020,-37.7587774,143.0146656,21704147706,Woorndoo,217041477,Moyne - East,Moyne,25490
3351,NEWTOWN,VIC,Delivery Area,Updated 6-Feb-2020,-37.6982548,143.6620414,21704147706,Woorndoo,217041477,Moyne - East,Moyne,25490
3351,NINTINGBOOL,VIC,Delivery Area,Updated 6-Feb-2020,-37.6125783,143.7233581,21704147706,Woorndoo,217041477,Moyne - East,Moyne,25490
3351,PIGGOREET,VIC,Delivery Area,Updated 6-Feb-2020,-37.7317637,143.6522212,21704147706,Woorndoo,217041477,Moyne - East,Moyne,25490
3351,PITFIELD,VIC,Delivery Area,Updated 6-Feb-2020,-37.8299666,143.6146479,21704147706,Woorndoo,217041477,Moyne - East,Moyne,25490
3351,ROKEWOOD JUNCTION,VIC,Delivery Area,Updated 6-Feb-2020,-37.8388883,143.7157737,21704147706,Woorndoo,217041477,Moyne - East,Moyne,25490
3351,ROSS CREEK,VIC,Delivery Area,Updated 6-Feb-2020,-37.649799,143.7694626,21704147706,Woorndoo,217041477,Moyne - East,Moyne,25490
3351,SCARSDALE,VIC,Delivery Area,Updated 6-Feb-2020,-37.678333,143.676111,21704147706,Woorndoo,217041477,Moyne - East,Moyne,25490
3351,SMYTHES CREEK,VIC,Delivery Area,Updated 6-Feb-2020,-37.5941229,143.7694626,21704147706,Woorndoo,217041477,Moyne - East,Moyne,25490
3351,SMYTHESDALE,VIC,Delivery Area,Updated 6-Feb-2020,-37.6333464,143.6887979,21704147706,Woorndoo,217041477,Moyne - East,Moyne,25490
3351,SNAKE VALLEY,VIC,Delivery Area,Updated 6-Feb-2020,-37.611944,143.584444,21704147706,Woorndoo,217041477,Moyne - East,Moyne,25490
3351,SPRINGDALLAH,VIC,Delivery Area,Updated 6-Feb-2020,-37.7465869,143.6312323,21704147706,Woorndoo,217041477,Moyne - East,Moyne,25490
3351,STAFFORDSHIRE REEF,VIC,Delivery Area,Updated 6-Feb-2020,-37.7452902,143.7053732,21704147706,Woorndoo,217041477,Moyne - East,Moyne,25490
3351,STREATHAM,VIC,Delivery Area,Updated 6-Feb-2020,-37.6869179,143.1021239,21704147706,Woorndoo,217041477,Moyne - East,Moyne,25490
3351,WALLINDUC,VIC,Delivery Area,Updated 6-Feb-2020,-37.8634993,143.505079,21704147706,Woorndoo,217041477,Moyne - East,Moyne,25490
3351,WESTMERE,VIC,Delivery Area,Updated 6-Feb-2020,-37.6734248,142.9566117,21704147706,Woorndoo,217041477,Moyne - East,Moyne,25490
3352,ADDINGTON,VIC,Delivery Area,Updated 6-Feb-2020,-37.383333,143.683333,21703147405,Werneth,217031474,Corangamite - North,Corangamite,21830
3352,BALLARAT ROADSIDE DELIVERY,VIC,Delivery Area,Updated 6-Feb-2020,-37.5622,143.85,21703147405,Werneth,217031474,Corangamite - North,Corangamite,21830
3352,BARKSTEAD,VIC,Delivery Area,Updated 6-Feb-2020,-37.4603542,144.0865809,21703147405,Werneth,217031474,Corangamite - North,Corangamite,21830
3352,BLOWHARD,VIC,Delivery Area,Updated 6-Feb-2020,-37.434517,143.7911684,21703147405,Werneth,217031474,Corangamite - North,Corangamite,21830
3352,BOLWARRAH,VIC,Delivery Area,Updated 6-Feb-2020,-37.5207531,144.0830163,21703147405,Werneth,217031474,Corangamite - North,Corangamite,21830
3352,BONSHAW,VIC,Delivery Area,Updated 6-Feb-2020,-37.6035,143.816,21703147405,Werneth,217031474,Corangamite - North,Corangamite,21830
3352,BREWSTER,VIC,Delivery Area,Updated 6-Feb-2020,-37.5186998,143.5200413,21703147405,Werneth,217031474,Corangamite - North,Corangamite,21830
3352,BULLAROOK,VIC,Delivery Area,Updated 6-Feb-2020,-37.5295427,143.9988766,21703147405,Werneth,217031474,Corangamite - North,Corangamite,21830
3352,BUNGAREE,VIC,Delivery Area,Updated 6-Feb-2020,-37.557222,144.004444,21703147405,Werneth,217031474,Corangamite - North,Corangamite,21830
3352,BUNKERS HILL,VIC,Delivery Area,Updated 6-Feb-2020,-37.5705876,143.7423389,21703147405,Werneth,217031474,Corangamite - North,Corangamite,21830
3352,BURRUMBEET,VIC,Delivery Area,Updated 6-Feb-2020,-37.5093344,143.6783343,21703147405,Werneth,217031474,Corangamite - North,Corangamite,21830
3352,CAMBRIAN HILL,VIC,Delivery Area,Updated 6-Feb-2020,-37.6438973,143.8183092,21703147405,Werneth,217031474,Corangamite - North,Corangamite,21830
3352,CARDIGAN,VIC,Delivery Area,Updated 6-Feb-2020,-37.538708,143.7457289,21703147405,Werneth,217031474,Corangamite - North,Corangamite,21830
3352,CARDIGAN VILLAGE,VIC,Delivery Area,Updated 6-Feb-2020,-37.517945,143.7084479,21703147405,Werneth,217031474,Corangamite - North,Corangamite,21830
3352,CHAPEL FLAT,VIC,Delivery Area,Updated 6-Feb-2020,-37.4779898,143.8946145,21703147405,Werneth,217031474,Corangamite - North,Corangamite,21830
3352,CLARENDON,VIC,Delivery Area,Updated 6-Feb-2020,-37.701411,143.9813542,21703147405,Werneth,217031474,Corangamite - North,Corangamite,21830
3352,CLARETOWN,VIC,Delivery Area,Updated 6-Feb-2020,-37.5252597,144.0357785,21703147405,Werneth,217031474,Corangamite - North,Corangamite,21830
3352,CLARKES HILL,VIC,Delivery Area,Updated 6-Feb-2020,-37.4968556,143.9813542,21703147405,Werneth,217031474,Corangamite - North,Corangamite,21830
3352,CORINDHAP,VIC,Delivery Area,Updated 6-Feb-2020,-37.8704673,143.749458,21703147405,Werneth,217031474,Corangamite - North,Corangamite,21830
3352,DEAN,VIC,Delivery Area,Updated 6-Feb-2020,-37.4489,143.996,21703147405,Werneth,217031474,Corangamite - North,Corangamite,21830
3352,DEREEL,VIC,Delivery Area,Updated 6-Feb-2020,-37.8247291,143.7562257,21703147405,Werneth,217031474,Corangamite - North,Corangamite,21830
3352,DUNNSTOWN,VIC,Delivery Area,Updated 6-Feb-2020,-37.5985239,143.9711539,21703147405,Werneth,217031474,Corangamite - North,Corangamite,21830
3352,DURHAM LEAD,VIC,Delivery Area,Updated 6-Feb-2020,-37.6882095,143.8780526,21703147405,Werneth,217031474,Corangamite - North,Corangamite,21830
3352,ENFIELD,VIC,Delivery Area,Updated 6-Feb-2020,-37.7255403,143.803634,21703147405,Werneth,217031474,Corangamite - North,Corangamite,21830
3352,ERCILDOUNE,VIC,Delivery Area,Updated 6-Feb-2020,-37.3982205,143.6360643,21703147405,Werneth,217031474,Corangamite - North,Corangamite,21830
3352,GARIBALDI,VIC,Delivery Area,Updated 6-Feb-2020,-37.738899,143.8508908,21703147405,Werneth,217031474,Corangamite - North,Corangamite,21830
3352,GLEN PARK,VIC,Delivery Area,Updated 6-Feb-2020,-37.5033061,143.9355608,21703147405,Werneth,217031474,Corangamite - North,Corangamite,21830
3352,GLENBRAE,VIC,Delivery Area,Updated 6-Feb-2020,-37.348341,143.56052,21703147405,Werneth,217031474,Corangamite - North,Corangamite,21830
3352,GONG GONG,VIC,Delivery Area,Updated 6-Feb-2020,-37.5480729,143.9351234,21703147405,Werneth,217031474,Corangamite - North,Corangamite,21830
3352,GRENVILLE,VIC,Delivery Area,Updated 6-Feb-2020,-37.7680894,143.8597174,21703147405,Werneth,217031474,Corangamite - North,Corangamite,21830
3352,INVERMAY,VIC,Delivery Area,Updated 6-Feb-2020,-37.502394,143.8780526,21703147405,Werneth,217031474,Corangamite - North,Corangamite,21830
3352,LAL LAL,VIC,Delivery Area,Updated 6-Feb-2020,-37.6801093,144.0099222,21703147405,Werneth,217031474,Corangamite - North,Corangamite,21830
3352,LAMPLOUGH,VIC,Delivery Area,Updated 6-Feb-2020,-37.133333,143.5,21703147405,Werneth,217031474,Corangamite - North,Corangamite,21830
3352,LANGI KAL KAL,VIC,Delivery Area,Updated 6-Feb-2020,-37.3355165,143.512844,21703147405,Werneth,217031474,Corangamite - North,Corangamite,21830
3352,LEARMONTH,VIC,Delivery Area,Updated 6-Feb-2020,-37.4221835,143.7120932,21703147405,Werneth,217031474,Corangamite - North,Corangamite,21830
3352,LEIGH CREEK,VIC,Delivery Area,Updated 6-Feb-2020,-37.5622875,143.9623147,21703147405,Werneth,217031474,Corangamite - North,Corangamite,21830
3352,LEXTON,VIC,Delivery Area,Updated 6-Feb-2020,-37.2792586,143.5156517,21703147405,Werneth,217031474,Corangamite - North,Corangamite,21830
3352,MAGPIE,VIC,Delivery Area,Updated 6-Feb-2020,-37.6275666,143.8508908,21703147405,Werneth,217031474,Corangamite - North,Corangamite,21830
3352,MILLBROOK,VIC,Delivery Area,Updated 6-Feb-2020,-37.6239055,144.0685852,21703147405,Werneth,217031474,Corangamite - North,Corangamite,21830
3352,MINERS REST,VIC,Delivery Area,Updated 6-Feb-2020,-37.4717252,143.7911684,21703147405,Werneth,217031474,Corangamite - North,Corangamite,21830
3352,MITCHELL PARK,VIC,Delivery Area,Updated 6-Feb-2020,-37.5089391,143.7747951,21703147405,Werneth,217031474,Corangamite - North,Corangamite,21830
3352,MOLLONGGHIP,VIC,Delivery Area,Updated 6-Feb-2020,-37.4697126,144.0507661,21703147405,Werneth,217031474,Corangamite - North,Corangamite,21830
3352,MOUNT BOLTON,VIC,Delivery Area,Updated 6-Feb-2020,-37.3721917,143.6955732,21703147405,Werneth,217031474,Corangamite - North,Corangamite,21830
3352,MOUNT EGERTON,VIC,Delivery Area,Updated 6-Feb-2020,-37.616667,144.1,21703147405,Werneth,217031474,Corangamite - North,Corangamite,21830
3352,MOUNT MERCER,VIC,Delivery Area,Updated 6-Feb-2020,-37.8058431,143.864131,21703147405,Werneth,217031474,Corangamite - North,Corangamite,21830
3352,MOUNT MITCHELL,VIC,Delivery Area,Updated 6-Feb-2020,-37.2805556,143.58,21703147405,Werneth,217031474,Corangamite - North,Corangamite,21830
3352,MOUNT ROWAN,VIC,Delivery Area,Updated 6-Feb-2020,-37.5029337,143.8400287,21703147405,Werneth,217031474,Corangamite - North,Corangamite,21830
3352,NAPOLEONS,VIC,Delivery Area,Updated 6-Feb-2020,-37.683333,143.833333,21703147405,Werneth,217031474,Corangamite - North,Corangamite,21830
3352,NAVIGATORS,VIC,Delivery Area,Updated 6-Feb-2020,-37.6172482,143.9269679,21703147405,Werneth,217031474,Corangamite - North,Corangamite,21830
3352,POOTILLA,VIC,Delivery Area,Updated 6-Feb-2020,-37.526444,143.9595951,21703147405,Werneth,217031474,Corangamite - North,Corangamite,21830
3352,SCOTCHMANS LEAD,VIC,Delivery Area,Updated 6-Feb-2020,-37.6667,143.85,21703147405,Werneth,217031474,Corangamite - North,Corangamite,21830
3352,SCOTSBURN,VIC,Delivery Area,Updated 6-Feb-2020,-37.685556,143.938889,21703147405,Werneth,217031474,Corangamite - North,Corangamite,21830
3352,SPRINGBANK,VIC,Delivery Area,Updated 6-Feb-2020,-37.5235787,144.0575587,21703147405,Werneth,217031474,Corangamite - North,Corangamite,21830
3352,SULKY,VIC,Delivery Area,Updated 6-Feb-2020,-37.4602532,143.8508908,21703147405,Werneth,217031474,Corangamite - North,Corangamite,21830
3352,WALLACE,VIC,Delivery Area,Updated 6-Feb-2020,-37.5608219,144.0575587,21703147405,Werneth,217031474,Corangamite - North,Corangamite,21830
3352,WARRENHEIP,VIC,Delivery Area,Updated 6-Feb-2020,-37.575,143.923,21703147405,Werneth,217031474,Corangamite - North,Corangamite,21830
3352,WATTLE FLAT,VIC,Delivery Area,Updated 6-Feb-2020,-37.48539,143.9487179,21703147405,Werneth,217031474,Corangamite - North,Corangamite,21830
3352,WAUBRA,VIC,Delivery Area,Updated 6-Feb-2020,-37.3629556,143.6400336,21703147405,Werneth,217031474,Corangamite - North,Corangamite,21830
3352,WEATHERBOARD,VIC,Delivery Area,Updated 6-Feb-2020,-37.442239,143.6718599,21703147405,Werneth,217031474,Corangamite - North,Corangamite,21830
3352,WERNETH,VIC,Delivery Area,Updated 6-Feb-2020,-37.9291695,143.6241243,21703147405,Werneth,217031474,Corangamite - North,Corangamite,21830
3352,WINDERMERE,VIC,Delivery Area,Updated 6-Feb-2020,-37.5137,143.72,21703147405,Werneth,217031474,Corangamite - North,Corangamite,21830
3352,YENDON,VIC,Delivery Area,Updated 6-Feb-2020,-37.6445852,143.9650343,21703147405,Werneth,217031474,Corangamite - North,Corangamite,21830
3355,LAKE GARDENS,VIC,Delivery Area,Updated 6-Feb-2020,-37.546,143.82,20101100843,Mitchell Park (Vic.),201011008,Wendouree - Miners Rest,Ballarat,20570
3355,MITCHELL PARK,VIC,Delivery Area,Updated 6-Feb-2020,-37.5089391,143.7747951,20101100843,Mitchell Park (Vic.),201011008,Wendouree - Miners Rest,Ballarat,20570
3355,WENDOUREE,VIC,Delivery Area,Updated 6-Feb-2020,-37.532,143.823,20101100843,Mitchell Park (Vic.),201011008,Wendouree - Miners Rest,Ballarat,20570
3355,WENDOUREE VILLAGE,VIC,Delivery Area,Updated 6-Feb-2020,-37.532,143.823,20101100843,Mitchell Park (Vic.),201011008,Wendouree - Miners Rest,Ballarat,20570
3356,BONSHAW,VIC,Delivery Area,Updated 6-Feb-2020,-37.6034859,143.8155947,20101148428,Sebastopol (Vic.),201011484,Sebastopol - Redan,Ballarat,20570
3356,DELACOMBE,VIC,Delivery Area,Updated 6-Feb-2020,-37.589,143.814,20101148428,Sebastopol (Vic.),201011484,Sebastopol - Redan,Ballarat,20570
3356,SEBASTOPOL,VIC,Delivery Area,Updated 6-Feb-2020,-37.585278,143.839444,20101148428,Sebastopol (Vic.),201011484,Sebastopol - Redan,Ballarat,20570
3357,BUNINYONG,VIC,Delivery Area,Updated 6-Feb-2020,-37.6521937,143.8943543,20101100519,Buninyong,201011005,Buninyong,Moorabool,25150
3357,SCOTSMANS LEAD,VIC,Delivery Area,Updated 6-Feb-2020,-37.6667,143.85,20101100519,Buninyong,201011005,Buninyong,Moorabool,25150
3357,YARROWEE,VIC,Delivery Area,Updated 6-Feb-2020,-37.8405,143.925,20101100519,Buninyong,201011005,Buninyong,Moorabool,25150
3358,WINTER VALLEY,VIC,Delivery Area,Added 26-Aug-2019,-37.4713,144.785,20101100631,Winter Valley,201011006,Delacombe,Ballarat,20570
3360,HAPPY VALLEY,VIC,Delivery Area,Updated 6-Feb-2020,-37.7138,143.594,20103101510,Willowvale (Vic.),201031015,Golden Plains - North,Corangamite,21830
3360,LINTON,VIC,Delivery Area,Updated 6-Feb-2020,-37.683333,143.566667,20103101510,Willowvale (Vic.),201031015,Golden Plains - North,Corangamite,21830
3360,MANNIBADAR,VIC,Delivery Area,Updated 6-Feb-2020,-37.767102,143.5551093,20103101510,Willowvale (Vic.),201031015,Golden Plains - North,Corangamite,21830
3360,PITTONG,VIC,Delivery Area,Updated 6-Feb-2020,-37.6760324,143.4476526,20103101510,Willowvale (Vic.),201031015,Golden Plains - North,Corangamite,21830
3360,WILLOWVALE,VIC,Delivery Area,Updated 6-Feb-2020,-37.8741173,143.4591343,20103101510,Willowvale (Vic.),201031015,Golden Plains - North,Corangamite,21830
3361,BRADVALE,VIC,Delivery Area,Updated 6-Feb-2020,-37.7902778,143.3127046,21703147417,Skipton,217031474,Corangamite - North,Ararat,20260
3361,CARRANBALLAC,VIC,Delivery Area,Updated 6-Feb-2020,-37.7039692,143.1887679,21703147417,Skipton,217031474,Corangamite - North,Ararat,20260
3361,SKIPTON,VIC,Delivery Area,Updated 6-Feb-2020,-37.6847168,143.3643289,21703147417,Skipton,217031474,Corangamite - North,Ararat,20260
3363,CRESWICK,VIC,Delivery Area,Updated 6-Feb-2020,-37.4241222,143.8912368,20102101103,Rocklyn,201021011,Daylesford,Ballarat,20570
3363,CRESWICK NORTH,VIC,Delivery Area,Updated 6-Feb-2020,-37.3877647,143.8838257,20102101103,Rocklyn,201021011,Daylesford,Ballarat,20570
3363,DEAN,VIC,Delivery Area,Updated 6-Feb-2020,-37.4488929,143.9956369,20102101103,Rocklyn,201021011,Daylesford,Ballarat,20570
3363,GLENDARUEL,VIC,Delivery Area,Updated 6-Feb-2020,-37.343607,143.7314922,20102101103,Rocklyn,201021011,Daylesford,Ballarat,20570
3363,LANGDONS HILL,VIC,Delivery Area,Updated 6-Feb-2020,-37.4142092,144.0687916,20102101103,Rocklyn,201021011,Daylesford,Ballarat,20570
3363,MOUNT BECKWORTH,VIC,Delivery Area,Updated 6-Feb-2020,-37.3024721,143.6884592,20102101103,Rocklyn,201021011,Daylesford,Ballarat,20570
3363,TOURELLO,VIC,Delivery Area,Updated 6-Feb-2020,-37.3534387,143.7765841,20102101103,Rocklyn,201021011,Daylesford,Ballarat,20570
3364,ALLENDALE,VIC,Delivery Area,Updated 6-Feb-2020,-37.366667,143.933333,20202102812,Yandoit Hills,202021028,Castlemaine Surrounds,Central Goldfields,21670
3364,ASCOT,VIC,Delivery Area,Updated 6-Feb-2020,-37.399,143.803,20202102812,Yandoit Hills,202021028,Castlemaine Surrounds,Central Goldfields,21670
3364,BALD HILLS,VIC,Delivery Area,Updated 6-Feb-2020,-37.4432837,143.8291682,20202102812,Yandoit Hills,202021028,Castlemaine Surrounds,Central Goldfields,21670
3364,BARKSTEAD,VIC,Delivery Area,Updated 6-Feb-2020,-37.4604,144.087,20202102812,Yandoit Hills,202021028,Castlemaine Surrounds,Central Goldfields,21670
3364,BLAMPIED,VIC,Delivery Area,Updated 6-Feb-2020,-37.366667,144.05,20202102812,Yandoit Hills,202021028,Castlemaine Surrounds,Central Goldfields,21670
3364,BROOMFIELD,VIC,Delivery Area,Updated 6-Feb-2020,-37.3862675,143.905224,20202102812,Yandoit Hills,202021028,Castlemaine Surrounds,Central Goldfields,21670
3364,CABBAGE TREE,VIC,Delivery Area,Updated 6-Feb-2020,-37.4533589,143.9012537,20202102812,Yandoit Hills,202021028,Castlemaine Surrounds,Central Goldfields,21670
3364,CAMPBELLTOWN,VIC,Delivery Area,Updated 6-Feb-2020,-37.2154796,143.945319,20202102812,Yandoit Hills,202021028,Castlemaine Surrounds,Central Goldfields,21670
3364,COGHILLS CREEK,VIC,Delivery Area,Updated 6-Feb-2020,-37.381445,143.7546247,20202102812,Yandoit Hills,202021028,Castlemaine Surrounds,Central Goldfields,21670
3364,GLENDONALD,VIC,Delivery Area,Updated 6-Feb-2020,-37.3509,143.842,20202102812,Yandoit Hills,202021028,Castlemaine Surrounds,Central Goldfields,21670
3364,GLENDONNELL,VIC,Delivery Area,Updated 6-Feb-2020,-37.3509401,143.8420366,20202102812,Yandoit Hills,202021028,Castlemaine Surrounds,Central Goldfields,21670
3364,JOYCES CREEK,VIC,Delivery Area,Updated 6-Feb-2020,-37.0991,143.988,20202102812,Yandoit Hills,202021028,Castlemaine Surrounds,Central Goldfields,21670
3364,KINGSTON,VIC,Delivery Area,Updated 6-Feb-2020,-37.366667,143.95,20202102812,Yandoit Hills,202021028,Castlemaine Surrounds,Central Goldfields,21670
3364,KOOROOCHEANG,VIC,Delivery Area,Updated 6-Feb-2020,-37.2916777,144.0228493,20202102812,Yandoit Hills,202021028,Castlemaine Surrounds,Central Goldfields,21670
3364,LAWRENCE,VIC,Delivery Area,Updated 6-Feb-2020,-37.3194672,143.9041854,20202102812,Yandoit Hills,202021028,Castlemaine Surrounds,Central Goldfields,21670
3364,MOUNT PROSPECT,VIC,Delivery Area,Updated 6-Feb-2020,-37.3872207,144.0553596,20202102812,Yandoit Hills,202021028,Castlemaine Surrounds,Central Goldfields,21670
3364,NEWLYN,VIC,Delivery Area,Updated 6-Feb-2020,-37.416944,143.983056,20202102812,Yandoit Hills,202021028,Castlemaine Surrounds,Central Goldfields,21670
3364,NEWLYN NORTH,VIC,Delivery Area,Updated 6-Feb-2020,-37.3926739,144.0031194,20202102812,Yandoit Hills,202021028,Castlemaine Surrounds,Central Goldfields,21670
3364,ROCKLYN,VIC,Delivery Area,Updated 6-Feb-2020,-37.4258647,144.0296538,20202102812,Yandoit Hills,202021028,Castlemaine Surrounds,Central Goldfields,21670
3364,SMEATON,VIC,Delivery Area,Updated 6-Feb-2020,-37.333333,143.95,20202102812,Yandoit Hills,202021028,Castlemaine Surrounds,Central Goldfields,21670
3364,SMOKEY TOWN,VIC,Delivery Area,Updated 6-Feb-2020,-37.398,143.919,20202102812,Yandoit Hills,202021028,Castlemaine Surrounds,Central Goldfields,21670
3364,SMOKEYTOWN,VIC,Delivery Area,Updated 6-Feb-2020,-37.3980354,143.9188132,20202102812,Yandoit Hills,202021028,Castlemaine Surrounds,Central Goldfields,21670
3364,SPRINGMOUNT,VIC,Delivery Area,Updated 6-Feb-2020,-37.4130869,143.9351234,20202102812,Yandoit Hills,202021028,Castlemaine Surrounds,Central Goldfields,21670
3364,STRATHLEA,VIC,Delivery Area,Updated 6-Feb-2020,-37.1511337,143.968434,20202102812,Yandoit Hills,202021028,Castlemaine Surrounds,Central Goldfields,21670
3364,ULLINA,VIC,Delivery Area,Updated 6-Feb-2020,-37.2834,143.89,20202102812,Yandoit Hills,202021028,Castlemaine Surrounds,Central Goldfields,21670
3364,WERONA,VIC,Delivery Area,Updated 6-Feb-2020,-37.2586375,144.0419036,20202102812,Yandoit Hills,202021028,Castlemaine Surrounds,Central Goldfields,21670
3370,CLUNES,VIC,Delivery Area,Updated 6-Feb-2020,-37.296,143.786,20103101710,Red Lion,201031017,Maryborough Surrounds,Central Goldfields,21670
3370,GLENGOWER,VIC,Delivery Area,Updated 6-Feb-2020,-37.2201326,143.9028461,20103101710,Red Lion,201031017,Maryborough Surrounds,Central Goldfields,21670
3370,MOUNT CAMERON,VIC,Delivery Area,Updated 6-Feb-2020,-37.20832,143.826114,20103101710,Red Lion,201031017,Maryborough Surrounds,Central Goldfields,21670
3370,ULLINA,VIC,Delivery Area,Updated 6-Feb-2020,-37.2834467,143.8895993,20103101710,Red Lion,201031017,Maryborough Surrounds,Central Goldfields,21670
3371,AMHERST,VIC,Delivery Area,Updated 6-Feb-2020,-37.1560117,143.6655871,20103101710,Red Lion,201031017,Maryborough Surrounds,Hepburn,22910
3371,BURNBANK,VIC,Delivery Area,Updated 6-Feb-2020,-37.2340916,143.608978,20103101710,Red Lion,201031017,Maryborough Surrounds,Hepburn,22910
3371,CARALULUP,VIC,Delivery Area,Updated 6-Feb-2020,-37.1966231,143.638027,20103101710,Red Lion,201031017,Maryborough Surrounds,Hepburn,22910
3371,DUNACH,VIC,Delivery Area,Updated 6-Feb-2020,-37.2213851,143.7332293,20103101710,Red Lion,201031017,Maryborough Surrounds,Hepburn,22910
3371,EVANSFORD,VIC,Delivery Area,Updated 6-Feb-2020,-37.2395714,143.6249259,20103101710,Red Lion,201031017,Maryborough Surrounds,Hepburn,22910
3371,LILLICUR,VIC,Delivery Area,Updated 6-Feb-2020,-37.169661,143.6285036,20103101710,Red Lion,201031017,Maryborough Surrounds,Hepburn,22910
3371,MOUNT GLASGOW,VIC,Delivery Area,Updated 6-Feb-2020,-37.205975,143.7640371,20103101710,Red Lion,201031017,Maryborough Surrounds,Hepburn,22910
3371,RED LION,VIC,Delivery Area,Updated 6-Feb-2020,-37.1676,143.749,20103101710,Red Lion,201031017,Maryborough Surrounds,Hepburn,22910
3371,STONY CREEK,VIC,Delivery Area,Updated 6-Feb-2020,-37.2257726,143.6881204,20103101710,Red Lion,201031017,Maryborough Surrounds,Hepburn,22910
3371,TALBOT,VIC,Delivery Area,Updated 6-Feb-2020,-37.166667,143.7,20103101710,Red Lion,201031017,Maryborough Surrounds,Hepburn,22910
3373,BEAUFORT,VIC,Delivery Area,Updated 6-Feb-2020,-37.4228524,143.3703651,21501138707,Westmere,215011387,Ararat Surrounds,Ararat,20260
3373,CHUTE,VIC,Delivery Area,Updated 6-Feb-2020,-37.3385903,143.3868959,21501138707,Westmere,215011387,Ararat Surrounds,Ararat,20260
3373,CROSS ROADS,VIC,Delivery Area,Updated 6-Feb-2020,-37.5012181,143.2287385,21501138707,Westmere,215011387,Ararat Surrounds,Ararat,20260
3373,LAKE GOLDSMITH,VIC,Delivery Area,Updated 6-Feb-2020,-37.5449406,143.3765037,21501138707,Westmere,215011387,Ararat Surrounds,Ararat,20260
3373,LAKE WONGAN,VIC,Delivery Area,Updated 6-Feb-2020,-37.57943,143.1504998,21501138707,Westmere,215011387,Ararat Surrounds,Ararat,20260
3373,MAIN LEAD,VIC,Delivery Area,Updated 6-Feb-2020,-37.383719,143.3744131,21501138707,Westmere,215011387,Ararat Surrounds,Ararat,20260
3373,MENA PARK,VIC,Delivery Area,Updated 6-Feb-2020,-37.5237978,143.4951529,21501138707,Westmere,215011387,Ararat Surrounds,Ararat,20260
3373,NERRING,VIC,Delivery Area,Updated 6-Feb-2020,-37.4979997,143.4459973,21501138707,Westmere,215011387,Ararat Surrounds,Ararat,20260
3373,RAGLAN,VIC,Delivery Area,Updated 6-Feb-2020,-37.3590952,143.3332684,21501138707,Westmere,215011387,Ararat Surrounds,Ararat,20260
3373,SHIRLEY,VIC,Delivery Area,Updated 6-Feb-2020,-37.4370494,143.3048546,21501138707,Westmere,215011387,Ararat Surrounds,Ararat,20260
3373,STOCKYARD HILL,VIC,Delivery Area,Updated 6-Feb-2020,-37.5068227,143.2833857,21501138707,Westmere,215011387,Ararat Surrounds,Ararat,20260
3373,STONELEIGH,VIC,Delivery Area,Updated 6-Feb-2020,-37.5993616,143.2170396,21501138707,Westmere,215011387,Ararat Surrounds,Ararat,20260
3373,TRAWALLA,VIC,Delivery Area,Updated 6-Feb-2020,-37.4402267,143.4498966,21501138707,Westmere,215011387,Ararat Surrounds,Ararat,20260
3373,WATERLOO,VIC,Delivery Area,Updated 6-Feb-2020,-37.3605915,143.4159179,21501138707,Westmere,215011387,Ararat Surrounds,Ararat,20260
3374,GREAT WESTERN,VIC,,Updated 25-Mar-2020,-37.1597,142.896,21501139226,Great Western,215011392,Stawell,Ararat,20260
3375,BALLYROGAN,VIC,Delivery Area,Updated 6-Feb-2020,-37.4490043,143.1288947,21501138708,Yalla-Y-Poora,215011387,Ararat Surrounds,Pyrenees,25990
3375,BAYINDEEN,VIC,Delivery Area,Updated 6-Feb-2020,-37.3087622,143.1583326,21501138708,Yalla-Y-Poora,215011387,Ararat Surrounds,Pyrenees,25990
3375,BUANGOR,VIC,Delivery Area,Updated 6-Feb-2020,-37.3759756,143.1581525,21501138708,Yalla-Y-Poora,215011387,Ararat Surrounds,Pyrenees,25990
3375,MIDDLE CREEK,VIC,Delivery Area,Updated 6-Feb-2020,-37.3971343,143.2352199,21501138708,Yalla-Y-Poora,215011387,Ararat Surrounds,Pyrenees,25990
3377,AMPHITHEATRE,VIC,Delivery Area,Updated 6-Feb-2020,-37.1878,143.468,21501139212,Wattle Creek,215011392,Stawell,Northern Grampians,25810
3377,ARARAT,VIC,Delivery Area,Updated 6-Feb-2020,-37.2846464,142.9316441,21501139212,Wattle Creek,215011392,Stawell,Northern Grampians,25810
3377,ARARAT EAST,VIC,Delivery Area,Updated 6-Feb-2020,-37.2846,142.932,21501139212,Wattle Creek,215011392,Stawell,Northern Grampians,25810
3377,ARMSTRONG,VIC,Delivery Area,Updated 6-Feb-2020,-37.2112639,142.8734706,21501139212,Wattle Creek,215011392,Stawell,Northern Grampians,25810
3377,BEN NEVIS,VIC,Delivery Area,Updated 6-Feb-2020,-37.2283,143.201,21501139212,Wattle Creek,215011392,Stawell,Northern Grampians,25810
3377,BULGANA,VIC,Delivery Area,Updated 6-Feb-2020,-37.142,142.997,21501139212,Wattle Creek,215011392,Stawell,Northern Grampians,25810
3377,CATHCART,VIC,Delivery Area,Updated 6-Feb-2020,-37.2951571,142.8873059,21501139212,Wattle Creek,215011392,Stawell,Northern Grampians,25810
3377,CROWLANDS,VIC,Delivery Area,Updated 6-Feb-2020,-37.1498396,143.1093525,21501139212,Wattle Creek,215011392,Stawell,Northern Grampians,25810
3377,DENICULL CREEK,VIC,Delivery Area,Updated 6-Feb-2020,-37.3538415,142.966476,21501139212,Wattle Creek,215011392,Stawell,Northern Grampians,25810
3377,DOBIE,VIC,Delivery Area,Updated 6-Feb-2020,-37.3305233,143.0079518,21501139212,Wattle Creek,215011392,Stawell,Northern Grampians,25810
3377,DUNNEWORTHY,VIC,Delivery Area,Updated 6-Feb-2020,-37.2,143.066667,21501139212,Wattle Creek,215011392,Stawell,Northern Grampians,25810
3377,EVERSLEY,VIC,Delivery Area,Updated 6-Feb-2020,-37.1884876,143.1759819,21501139212,Wattle Creek,215011392,Stawell,Northern Grampians,25810
3377,GREAT WESTERN,VIC,Delivery Area,Updated 6-Feb-2020,-37.15,142.85,21501139212,Wattle Creek,215011392,Stawell,Northern Grampians,25810
3377,JALLUKUR,VIC,Delivery Area,Updated 6-Feb-2020,-37.2419,142.698,21501139212,Wattle Creek,215011392,Stawell,Northern Grampians,25810
3377,LANGI LOGAN,VIC,Delivery Area,Updated 6-Feb-2020,-37.3716628,142.9334701,21501139212,Wattle Creek,215011392,Stawell,Northern Grampians,25810
3377,MAROONA,VIC,Delivery Area,Updated 6-Feb-2020,-37.4576097,142.8557149,21501139212,Wattle Creek,215011392,Stawell,Northern Grampians,25810
3377,MOUNT COLE,VIC,Delivery Area,Updated 6-Feb-2020,-37.2549172,143.1817858,21501139212,Wattle Creek,215011392,Stawell,Northern Grampians,25810
3377,MOUNT COLE CREEK,VIC,Delivery Area,Updated 6-Feb-2020,-37.2049491,143.1038499,21501139212,Wattle Creek,215011392,Stawell,Northern Grampians,25810
3377,MOUNT LONARCH,VIC,Delivery Area,Updated 6-Feb-2020,-37.2709,143.378,21501139212,Wattle Creek,215011392,Stawell,Northern Grampians,25810
3377,MOYSTON,VIC,Delivery Area,Updated 6-Feb-2020,-37.3171971,142.7587443,21501139212,Wattle Creek,215011392,Stawell,Northern Grampians,25810
3377,NORVAL,VIC,Delivery Area,Updated 6-Feb-2020,-37.2531884,142.8717953,21501139212,Wattle Creek,215011392,Stawell,Northern Grampians,25810
3377,RHYMNEY,VIC,Delivery Area,Updated 6-Feb-2020,-37.2022518,142.776705,21501139212,Wattle Creek,215011392,Stawell,Northern Grampians,25810
3377,ROCKY POINT,VIC,Delivery Area,Updated 6-Feb-2020,-37.3411016,142.8473411,21501139212,Wattle Creek,215011392,Stawell,Northern Grampians,25810
3377,ROSSBRIDGE,VIC,Delivery Area,Updated 6-Feb-2020,-37.4852387,142.8476761,21501139212,Wattle Creek,215011392,Stawell,Northern Grampians,25810
3377,SHAYS FLAT,VIC,Delivery Area,Updated 6-Feb-2020,-37.0488,143.099,21501139212,Wattle Creek,215011392,Stawell,Northern Grampians,25810
3377,WARRAK,VIC,Delivery Area,Updated 6-Feb-2020,-37.2664718,143.147726,21501139212,Wattle Creek,215011392,Stawell,Northern Grampians,25810
3378,TATYOON,VIC,Delivery Area,Updated 6-Feb-2020,-37.5375885,142.9120121,21501138708,Yalla-Y-Poora,215011387,Ararat Surrounds,Ararat,20260
3378,YALLA-Y-POORA,VIC,Delivery Area,Updated 6-Feb-2020,-37.5305453,143.1265473,21501138708,Yalla-Y-Poora,215011387,Ararat Surrounds,Ararat,20260
3379,BERRAMBOOL,VIC,Delivery Area,Updated 6-Feb-2020,-36.8798,149.909,21704147716,Purdeet,217041477,Moyne - East,Moyne,25490
3379,BORNES HILL,VIC,Delivery Area,Updated 6-Feb-2020,-37.5848686,142.581128,21704147716,Purdeet,217041477,Moyne - East,Moyne,25490
3379,CHATSWORTH,VIC,Delivery Area,Updated 6-Feb-2020,-37.875012,142.6202813,21704147716,Purdeet,217041477,Moyne - East,Moyne,25490
3379,MAFEKING,VIC,Delivery Area,Updated 6-Feb-2020,-37.4054803,142.6429883,21704147716,Purdeet,217041477,Moyne - East,Moyne,25490
3379,STAVELY,VIC,Delivery Area,Updated 6-Feb-2020,-37.6528076,142.636565,21704147716,Purdeet,217041477,Moyne - East,Moyne,25490
3379,WATGANIA,VIC,Delivery Area,Updated 6-Feb-2020,-37.4171,142.616,21704147716,Purdeet,217041477,Moyne - East,Moyne,25490
3379,WICKLIFFE,VIC,Delivery Area,Updated 6-Feb-2020,-37.6762507,142.7075582,21704147716,Purdeet,217041477,Moyne - East,Moyne,25490
3379,WILLAURA,VIC,Delivery Area,Updated 6-Feb-2020,-37.5422738,142.7368981,21704147716,Purdeet,217041477,Moyne - East,Moyne,25490
3379,WILLAURA NORTH,VIC,Delivery Area,Updated 6-Feb-2020,-37.3658006,142.7720207,21704147716,Purdeet,217041477,Moyne - East,Moyne,25490
3380,BELLELLEN,VIC,Delivery Area,Updated 6-Feb-2020,-37.1263346,142.6824015,21501139225,Stawell,215011392,Stawell,Northern Grampians,25810
3380,BRIDGE INN,VIC,Delivery Area,Updated 6-Feb-2020,-37.0517769,142.7777088,21501139225,Stawell,215011392,Stawell,Northern Grampians,25810
3380,MOKEPILLY,VIC,Delivery Area,Updated 6-Feb-2020,-37.0975476,142.6229598,21501139225,Stawell,215011392,Stawell,Northern Grampians,25810
3380,STAWELL,VIC,Delivery Area,Updated 6-Feb-2020,-37.0517769,142.7777088,21501139225,Stawell,215011392,Stawell,Northern Grampians,25810
3380,STAWELL WEST,VIC,Delivery Area,Updated 6-Feb-2020,-37.0657005,142.7713287,21501139225,Stawell,215011392,Stawell,Northern Grampians,25810
3380,WINJALLOK,VIC,Delivery Area,Updated 6-Feb-2020,-36.8096038,143.1897372,21501139225,Stawell,215011392,Stawell,Northern Grampians,25810
3381,BARKLY,VIC,Delivery Area,Updated 6-Feb-2020,-36.9453536,143.2210793,21501139216,Zumsteins,215011392,Stawell,Ararat,20260
3381,BELLELLEN,VIC,Delivery Area,Updated 6-Feb-2020,-37.1263,142.682,21501139216,Zumsteins,215011392,Stawell,Ararat,20260
3381,BELLFIELD,VIC,Delivery Area,Updated 6-Feb-2020,-37.2249895,142.4893306,21501139216,Zumsteins,215011392,Stawell,Ararat,20260
3381,BLACK RANGE,VIC,Delivery Area,Updated 6-Feb-2020,-37.1415,142.802,21501139216,Zumsteins,215011392,Stawell,Ararat,20260
3381,BOLANGUM,VIC,Delivery Area,Updated 6-Feb-2020,-36.7216988,142.9935072,21501139216,Zumsteins,215011392,Stawell,Ararat,20260
3381,CALLAWADDA,VIC,Delivery Area,Updated 6-Feb-2020,-36.8193211,142.8105079,21501139216,Zumsteins,215011392,Stawell,Ararat,20260
3381,CAMPBELLS BRIDGE,VIC,Delivery Area,Updated 6-Feb-2020,-36.9183936,142.7833974,21501139216,Zumsteins,215011392,Stawell,Ararat,20260
3381,CONCONGELLA,VIC,Delivery Area,Updated 6-Feb-2020,-37.0371132,142.8185427,21501139216,Zumsteins,215011392,Stawell,Ararat,20260
3381,DEEP LEAD,VIC,Delivery Area,Updated 6-Feb-2020,-36.9973752,142.6988565,21501139216,Zumsteins,215011392,Stawell,Ararat,20260
3381,FYANS CREEK,VIC,Delivery Area,Updated 6-Feb-2020,-37.0972483,142.559209,21501139216,Zumsteins,215011392,Stawell,Ararat,20260
3381,GERMANIA,VIC,Delivery Area,Updated 6-Feb-2020,-37.1716807,142.5745556,21501139216,Zumsteins,215011392,Stawell,Ararat,20260
3381,GREENS CREEK,VIC,Delivery Area,Updated 6-Feb-2020,-36.9914497,142.8844298,21501139216,Zumsteins,215011392,Stawell,Ararat,20260
3381,HALLS GAP,VIC,Delivery Area,Updated 6-Feb-2020,-37.1467982,142.5235245,21501139216,Zumsteins,215011392,Stawell,Ararat,20260
3381,ILLAWARRA,VIC,Delivery Area,Updated 6-Feb-2020,-37.0507405,142.6941054,21501139216,Zumsteins,215011392,Stawell,Ararat,20260
3381,JOEL JOEL,VIC,Delivery Area,Updated 6-Feb-2020,-37.0112693,143.0005674,21501139216,Zumsteins,215011392,Stawell,Ararat,20260
3381,JOEL SOUTH,VIC,Delivery Area,Updated 6-Feb-2020,-37.052388,143.043542,21501139216,Zumsteins,215011392,Stawell,Ararat,20260
3381,KANYA,VIC,Delivery Area,Updated 6-Feb-2020,-36.7822896,142.997717,21501139216,Zumsteins,215011392,Stawell,Ararat,20260
3381,LAKE FYANS,VIC,Delivery Area,Updated 6-Feb-2020,-37.1489308,142.6423203,21501139216,Zumsteins,215011392,Stawell,Ararat,20260
3381,LAKE LONSDALE,VIC,Delivery Area,Updated 6-Feb-2020,-37.0406989,142.6296304,21501139216,Zumsteins,215011392,Stawell,Ararat,20260
3381,LUBECK,VIC,Delivery Area,Updated 6-Feb-2020,-36.78179,142.51819,21501139216,Zumsteins,215011392,Stawell,Ararat,20260
3381,MOKEPILLY,VIC,Delivery Area,Updated 6-Feb-2020,-37.0975,142.623,21501139216,Zumsteins,215011392,Stawell,Ararat,20260
3381,MORRL MORRL,VIC,Delivery Area,Updated 6-Feb-2020,-36.8592194,142.9345285,21501139216,Zumsteins,215011392,Stawell,Ararat,20260
3381,MOUNT DRYDEN,VIC,Delivery Area,Updated 6-Feb-2020,-37.0564,142.546,21501139216,Zumsteins,215011392,Stawell,Ararat,20260
3381,PARADISE,VIC,Delivery Area,Updated 6-Feb-2020,-36.9453536,143.2210793,21501139216,Zumsteins,215011392,Stawell,Ararat,20260
3381,POMONAL,VIC,Delivery Area,Updated 6-Feb-2020,-37.192222,142.608889,21501139216,Zumsteins,215011392,Stawell,Ararat,20260
3381,ROSTRON,VIC,Delivery Area,Updated 6-Feb-2020,-36.7831782,143.1798234,21501139216,Zumsteins,215011392,Stawell,Ararat,20260
3381,WAL WAL,VIC,Delivery Area,Updated 6-Feb-2020,-36.7625152,142.7144956,21501139216,Zumsteins,215011392,Stawell,Ararat,20260
3381,WALLALOO,VIC,Delivery Area,Updated 6-Feb-2020,-36.7549828,142.8215559,21501139216,Zumsteins,215011392,Stawell,Ararat,20260
3381,WALLALOO EAST,VIC,Delivery Area,Updated 6-Feb-2020,-36.7864641,142.9066485,21501139216,Zumsteins,215011392,Stawell,Ararat,20260
3384,BARKLY,VIC,Delivery Area,Updated 6-Feb-2020,-36.9454,143.221,21501139212,Wattle Creek,215011392,Stawell,Pyrenees,25990
3384,CONCONGELLA,VIC,Delivery Area,Updated 6-Feb-2020,-37.0371,142.819,21501139212,Wattle Creek,215011392,Stawell,Pyrenees,25990
3384,FRENCHMANS,VIC,Delivery Area,Updated 6-Feb-2020,-36.9948297,143.1934791,21501139212,Wattle Creek,215011392,Stawell,Pyrenees,25990
3384,JOEL JOEL,VIC,Delivery Area,Updated 6-Feb-2020,-37.0113,143.001,21501139212,Wattle Creek,215011392,Stawell,Pyrenees,25990
3384,JOEL SOUTH,VIC,Delivery Area,Updated 6-Feb-2020,-37.0524,143.044,21501139212,Wattle Creek,215011392,Stawell,Pyrenees,25990
3384,LANDSBOROUGH,VIC,Delivery Area,Updated 6-Feb-2020,-37.0084966,143.1336987,21501139212,Wattle Creek,215011392,Stawell,Pyrenees,25990
3384,LANDSBOROUGH WEST,VIC,Delivery Area,Updated 6-Feb-2020,-37.0165724,143.0569768,21501139212,Wattle Creek,215011392,Stawell,Pyrenees,25990
3384,NAVARRE,VIC,Delivery Area,Updated 6-Feb-2020,-36.9001275,143.1134295,21501139212,Wattle Creek,215011392,Stawell,Pyrenees,25990
3384,SHAYS FLAT,VIC,Delivery Area,Updated 6-Feb-2020,-37.0488452,143.0994844,21501139212,Wattle Creek,215011392,Stawell,Pyrenees,25990
3384,TULKARA,VIC,Delivery Area,Updated 6-Feb-2020,-36.9559,143.035,21501139212,Wattle Creek,215011392,Stawell,Pyrenees,25990
3384,WATTLE CREEK,VIC,Delivery Area,Updated 6-Feb-2020,-36.9600019,143.123011,21501139212,Wattle Creek,215011392,Stawell,Pyrenees,25990
3385,DADSWELLS BRIDGE,VIC,Delivery Area,Updated 6-Feb-2020,-36.915833,142.511111,21501139414,Murtoa,215011394,Yarriambiack,Yarriambiack,27630
3385,DEEP LEAD,VIC,Delivery Area,Updated 6-Feb-2020,-36.9974,142.699,21501139414,Murtoa,215011394,Yarriambiack,Yarriambiack,27630
3385,GLENORCHY,VIC,Delivery Area,Updated 6-Feb-2020,-36.904436,142.6610422,21501139414,Murtoa,215011394,Yarriambiack,Yarriambiack,27630
3385,LEDCOURT,VIC,Delivery Area,Updated 6-Feb-2020,-36.9988105,142.5582083,21501139414,Murtoa,215011394,Yarriambiack,Yarriambiack,27630
3385,LUBECK,VIC,Delivery Area,Updated 6-Feb-2020,-36.7818,142.518,21501139414,Murtoa,215011394,Yarriambiack,Yarriambiack,27630
3385,RIACHELLA,VIC,Delivery Area,Updated 6-Feb-2020,-36.8392195,142.6790085,21501139414,Murtoa,215011394,Yarriambiack,Yarriambiack,27630
3385,ROSES GAP,VIC,Delivery Area,Updated 6-Feb-2020,-36.9626,142.451,21501139414,Murtoa,215011394,Yarriambiack,Yarriambiack,27630
3385,WAL WAL,VIC,Delivery Area,Updated 6-Feb-2020,-36.7625,142.714,21501139414,Murtoa,215011394,Yarriambiack,Yarriambiack,27630
3387,BOLANGUM,VIC,Delivery Area,Updated 6-Feb-2020,-36.7217,142.994,21501139212,Wattle Creek,215011392,Stawell,Northern Grampians,25810
3387,CALLAWADDA,VIC,Delivery Area,Updated 6-Feb-2020,-36.8193,142.811,21501139212,Wattle Creek,215011392,Stawell,Northern Grampians,25810
3387,CAMPBELLS BRIDGE,VIC,Delivery Area,Updated 6-Feb-2020,-36.9184,142.783,21501139212,Wattle Creek,215011392,Stawell,Northern Grampians,25810
3387,GERMANIA,VIC,Delivery Area,Updated 6-Feb-2020,-36.9858,142.777,21501139212,Wattle Creek,215011392,Stawell,Northern Grampians,25810
3387,GREENS CREEK,VIC,Delivery Area,Updated 6-Feb-2020,-36.9914,142.884,21501139212,Wattle Creek,215011392,Stawell,Northern Grampians,25810
3387,KANYA,VIC,Delivery Area,Updated 6-Feb-2020,-36.7823,142.998,21501139212,Wattle Creek,215011392,Stawell,Northern Grampians,25810
3387,MARNOO,VIC,Delivery Area,Updated 6-Feb-2020,-36.6707129,142.8717953,21501139212,Wattle Creek,215011392,Stawell,Northern Grampians,25810
3387,MARNOO WEST,VIC,Delivery Area,Updated 6-Feb-2020,-36.712,142.804,21501139212,Wattle Creek,215011392,Stawell,Northern Grampians,25810
3387,MORRL MORRL,VIC,Delivery Area,Updated 6-Feb-2020,-36.8592,142.935,21501139212,Wattle Creek,215011392,Stawell,Northern Grampians,25810
3387,WALLALOO,VIC,Delivery Area,Updated 6-Feb-2020,-36.755,142.822,21501139212,Wattle Creek,215011392,Stawell,Northern Grampians,25810
3387,WALLALOO EAST,VIC,Delivery Area,Updated 6-Feb-2020,-36.7865,142.907,21501139212,Wattle Creek,215011392,Stawell,Northern Grampians,25810
3388,BANYENA,VIC,Delivery Area,Updated 6-Feb-2020,-36.6112868,142.8590647,21501139413,Rupanyup,215011394,Yarriambiack,Northern Grampians,25810
3388,RUPANYUP,VIC,Delivery Area,Updated 6-Feb-2020,-36.6304407,142.6310313,21501139413,Rupanyup,215011394,Yarriambiack,Northern Grampians,25810
3390,KEWELL,VIC,Delivery Area,Updated 6-Feb-2020,-36.469398,142.3989371,21501139415,Sheep Hills,215011394,Yarriambiack,Horsham,23190
3390,MURTOA,VIC,Delivery Area,Updated 6-Feb-2020,-36.6144503,142.4698649,21501139415,Sheep Hills,215011394,Yarriambiack,Horsham,23190
3391,BRIM,VIC,Delivery Area,Updated 6-Feb-2020,-36.0562538,142.4252353,21501139403,Willenabrina,215011394,Yarriambiack,Yarriambiack,27630
3392,BOOLITE,VIC,Delivery Area,Updated 6-Feb-2020,-36.3422,142.666,21501139415,Sheep Hills,215011394,Yarriambiack,Yarriambiack,27630
3392,MINYIP,VIC,Delivery Area,Updated 6-Feb-2020,-36.4577308,142.5942441,21501139415,Sheep Hills,215011394,Yarriambiack,Yarriambiack,27630
3392,SHEEP HILLS,VIC,Delivery Area,Updated 6-Feb-2020,-36.3399974,142.5275256,21501139415,Sheep Hills,215011394,Yarriambiack,Yarriambiack,27630
3393,AILSA,VIC,Delivery Area,Updated 6-Feb-2020,-36.3314292,142.3613812,21503140011,Wilkur,215031400,Buloke,Hindmarsh,22980
3393,ANGIP,VIC,Delivery Area,Updated 6-Feb-2020,-36.103026,142.229857,21503140011,Wilkur,215031400,Buloke,Hindmarsh,22980
3393,AUBREY,VIC,Delivery Area,Updated 6-Feb-2020,-36.259206,142.2361379,21503140011,Wilkur,215031400,Buloke,Hindmarsh,22980
3393,BANGERANG,VIC,Delivery Area,Updated 6-Feb-2020,-36.1907317,142.5333024,21503140011,Wilkur,215031400,Buloke,Hindmarsh,22980
3393,CANNUM,VIC,Delivery Area,Updated 6-Feb-2020,-36.2862041,142.222762,21503140011,Wilkur,215031400,Buloke,Hindmarsh,22980
3393,CRYMELON,VIC,Delivery Area,Updated 6-Feb-2020,-36.1542452,142.2686813,21503140011,Wilkur,215031400,Buloke,Hindmarsh,22980
3393,KELLALAC,VIC,Delivery Area,Updated 6-Feb-2020,-36.3911966,142.3763086,21503140011,Wilkur,215031400,Buloke,Hindmarsh,22980
3393,LAH,VIC,Delivery Area,Updated 6-Feb-2020,-36.1183472,142.3896186,21503140011,Wilkur,215031400,Buloke,Hindmarsh,22980
3393,WARRACKNABEAL,VIC,Delivery Area,Updated 6-Feb-2020,-36.252755,142.3919552,21503140011,Wilkur,215031400,Buloke,Hindmarsh,22980
3393,WILKUR,VIC,Delivery Area,Updated 6-Feb-2020,-36.097631,142.680171,21503140011,Wilkur,215031400,Buloke,Hindmarsh,22980
3393,WILLENABRINA,VIC,Delivery Area,Updated 6-Feb-2020,-36.0176226,142.2097632,21503140011,Wilkur,215031400,Buloke,Hindmarsh,22980
3395,BEULAH,VIC,Delivery Area,Updated 6-Feb-2020,-35.938056,142.42,21503140011,Wilkur,215031400,Buloke,Hindmarsh,22980
3395,KENMARE,VIC,Delivery Area,Updated 6-Feb-2020,-35.9098771,142.1737382,21503140011,Wilkur,215031400,Buloke,Hindmarsh,22980
3395,REEDY DAM,VIC,Delivery Area,Updated 6-Feb-2020,-35.9408,142.638,21503140011,Wilkur,215031400,Buloke,Hindmarsh,22980
3395,ROSEBERY,VIC,Delivery Area,Updated 6-Feb-2020,-35.8349,142.422,21503140011,Wilkur,215031400,Buloke,Hindmarsh,22980
3396,HOPETOUN,VIC,Delivery Area,Updated 6-Feb-2020,-35.7360202,142.318772,21501139421,Hopetoun (Vic.),215011394,Yarriambiack,Yarriambiack,27630
3396,HOPEVALE,VIC,Delivery Area,Updated 6-Feb-2020,-35.808189,142.239395,21501139421,Hopetoun (Vic.),215011394,Yarriambiack,Yarriambiack,27630
3396,YARTO,VIC,Delivery Area,Updated 6-Feb-2020,-35.498482,142.271805,21501139421,Hopetoun (Vic.),215011394,Yarriambiack,Yarriambiack,27630
3399,JUNG,VIC,Delivery Area,Updated 25-Mar-2020 SA3,-36.6289,142.336,,,,,Horsham,23190
3399,LONGERENONG,VIC,Delivery Area,Updated 25-Mar-2020 SA3,-36.6813,142.351,,,,,Horsham,23190
3400,BRIMPAEN,VIC,Delivery Area,Updated 6-Feb-2020,-37.0255,142.206,21501138837,Horsham,215011388,Horsham,Horsham,23190
3400,HORSHAM,VIC,Delivery Area,Updated 6-Feb-2020,-36.7204107,142.1806128,21501138837,Horsham,215011388,Horsham,Horsham,23190
3400,HORSHAM WEST,VIC,Delivery Area,Updated 6-Feb-2020,-36.73657,142.2098067,21501138837,Horsham,215011388,Horsham,Horsham,23190
3400,ST HELENS PLAINS,VIC,Delivery Area,Updated 6-Feb-2020,-36.8109,142.456,21501138837,Horsham,215011388,Horsham,Horsham,23190
3400,WARTOOK,VIC,Delivery Area,Updated 6-Feb-2020,-36.7204,142.181,21501138837,Horsham,215011388,Horsham,Horsham,23190
3400,WONWONDAH EAST,VIC,Delivery Area,Updated 6-Feb-2020,-36.7204,142.181,21501138837,Horsham,215011388,Horsham,Horsham,23190
3400,WONWONDAH SOUTH,VIC,Delivery Area,Updated 6-Feb-2020,-36.7204,142.181,21501138837,Horsham,215011388,Horsham,Horsham,23190
3401,BLACKHEATH,VIC,Delivery Area,Updated 6-Feb-2020,-36.4877414,142.3244986,21701142320,Vasey,217011423,Southern Grampians,Northern Grampians,25810
3401,BRIMPAEN,VIC,Delivery Area,Updated 6-Feb-2020,-37.0254527,142.2064967,21701142320,Vasey,217011423,Southern Grampians,Northern Grampians,25810
3401,BUNGALALLY,VIC,Delivery Area,Updated 6-Feb-2020,-36.8027444,142.2822128,21701142320,Vasey,217011423,Southern Grampians,Northern Grampians,25810
3401,CHERRYPOOL,VIC,Delivery Area,Updated 6-Feb-2020,-37.1332658,142.1673332,21701142320,Vasey,217011423,Southern Grampians,Northern Grampians,25810
3401,CLEAR LAKE,VIC,Delivery Area,Updated 6-Feb-2020,-36.9182,141.883,21701142320,Vasey,217011423,Southern Grampians,Northern Grampians,25810
3401,CONNANGORACH,VIC,Delivery Area,Updated 6-Feb-2020,-36.9609,142.024,21701142320,Vasey,217011423,Southern Grampians,Northern Grampians,25810
3401,DAHLEN,VIC,Delivery Area,Updated 6-Feb-2020,-36.6467,142.144,21701142320,Vasey,217011423,Southern Grampians,Northern Grampians,25810
3401,DOOEN,VIC,Delivery Area,Updated 6-Feb-2020,-36.6852722,142.2375085,21701142320,Vasey,217011423,Southern Grampians,Northern Grampians,25810
3401,DOUGLAS,VIC,Delivery Area,Updated 6-Feb-2020,-37.0419,141.741,21701142320,Vasey,217011423,Southern Grampians,Northern Grampians,25810
3401,DRUNG,VIC,Delivery Area,Updated 6-Feb-2020,-36.7468786,142.2961114,21701142320,Vasey,217011423,Southern Grampians,Northern Grampians,25810
3401,GREEN LAKE,VIC,Delivery Area,Updated 6-Feb-2020,-36.7936,142.294,21701142320,Vasey,217011423,Southern Grampians,Northern Grampians,25810
3401,GYMBOWEN,VIC,Delivery Area,Updated 6-Feb-2020,-36.7259438,141.5620039,21701142320,Vasey,217011423,Southern Grampians,Northern Grampians,25810
3401,HAVEN,VIC,Delivery Area,Updated 6-Feb-2020,-36.75,142.183333,21701142320,Vasey,217011423,Southern Grampians,Northern Grampians,25810
3401,HORSHAM,VIC,Delivery Area,Updated 6-Feb-2020,-36.7188618,142.1962316,21701142320,Vasey,217011423,Southern Grampians,Northern Grampians,25810
3401,JALLUMBA,VIC,Delivery Area,Updated 6-Feb-2020,-36.9311,141.947,21701142320,Vasey,217011423,Southern Grampians,Northern Grampians,25810
3401,JILPANGER,VIC,Delivery Area,Updated 6-Feb-2020,-36.9317,141.665,21701142320,Vasey,217011423,Southern Grampians,Northern Grampians,25810
3401,JUNG,VIC,Delivery Area,Updated 6-Feb-2020,-36.6288597,142.3363938,21701142320,Vasey,217011423,Southern Grampians,Northern Grampians,25810
3401,KALKEE,VIC,Delivery Area,Updated 6-Feb-2020,-36.6058625,142.2583468,21701142320,Vasey,217011423,Southern Grampians,Northern Grampians,25810
3401,KANAGULK,VIC,Delivery Area,Updated 6-Feb-2020,-37.1708998,141.8090951,21701142320,Vasey,217011423,Southern Grampians,Northern Grampians,25810
3401,KARNAK,VIC,Delivery Area,Updated 6-Feb-2020,-36.8387468,141.5067129,21701142320,Vasey,217011423,Southern Grampians,Northern Grampians,25810
3401,LAHARUM,VIC,Delivery Area,Updated 6-Feb-2020,-36.9806285,142.2931785,21701142320,Vasey,217011423,Southern Grampians,Northern Grampians,25810
3401,LONGERENONG,VIC,Delivery Area,Updated 6-Feb-2020,-36.681282,142.3510265,21701142320,Vasey,217011423,Southern Grampians,Northern Grampians,25810
3401,LOWER NORTON,VIC,Delivery Area,Updated 6-Feb-2020,-36.8042581,142.0355956,21701142320,Vasey,217011423,Southern Grampians,Northern Grampians,25810
3401,MCKENZIE CREEK,VIC,Delivery Area,Updated 6-Feb-2020,-36.7816741,142.1638346,21701142320,Vasey,217011423,Southern Grampians,Northern Grampians,25810
3401,MIGA LAKE,VIC,Delivery Area,Updated 6-Feb-2020,-36.88,141.647,21701142320,Vasey,217011423,Southern Grampians,Northern Grampians,25810
3401,MITRE,VIC,Delivery Area,Updated 6-Feb-2020,-36.6599,141.694,21701142320,Vasey,217011423,Southern Grampians,Northern Grampians,25810
3401,MOCKINYA,VIC,Delivery Area,Updated 6-Feb-2020,-36.9424388,142.1517138,21701142320,Vasey,217011423,Southern Grampians,Northern Grampians,25810
3401,MURRA WARRA,VIC,Delivery Area,Updated 6-Feb-2020,-36.4820399,142.2244577,21701142320,Vasey,217011423,Southern Grampians,Northern Grampians,25810
3401,NORADJUHA,VIC,Delivery Area,Updated 6-Feb-2020,-36.84,141.972,21701142320,Vasey,217011423,Southern Grampians,Northern Grampians,25810
3401,NURCOUNG,VIC,Delivery Area,Updated 6-Feb-2020,-36.6770462,141.6419409,21701142320,Vasey,217011423,Southern Grampians,Northern Grampians,25810
3401,NURRABIEL,VIC,Delivery Area,Updated 6-Feb-2020,-36.9392697,142.0430608,21701142320,Vasey,217011423,Southern Grampians,Northern Grampians,25810
3401,PIMPINIO,VIC,Delivery Area,Updated 6-Feb-2020,-36.583333,142.116667,21701142320,Vasey,217011423,Southern Grampians,Northern Grampians,25810
3401,QUANTONG,VIC,Delivery Area,Updated 6-Feb-2020,-36.7580965,142.0555986,21701142320,Vasey,217011423,Southern Grampians,Northern Grampians,25810
3401,REMLAW,VIC,Delivery Area,Updated 6-Feb-2020,-36.7134,142.116,21701142320,Vasey,217011423,Southern Grampians,Northern Grampians,25810
3401,RIVERSIDE,VIC,Delivery Area,Updated 6-Feb-2020,-36.7255562,142.2443444,21701142320,Vasey,217011423,Southern Grampians,Northern Grampians,25810
3401,ROCKLANDS,VIC,Delivery Area,Updated 25-Mar-2020 SA3,-36.4877414,142.3244986,21701142320,Vasey,217011423,Southern Grampians,Northern Grampians,25810
3401,ST HELENS PLAINS,VIC,Delivery Area,Updated 6-Feb-2020,-36.8109299,142.4555403,21701142320,Vasey,217011423,Southern Grampians,Northern Grampians,25810
3401,TELANGATUK EAST,VIC,Delivery Area,Updated 6-Feb-2020,-37.1005419,141.9662845,21701142320,Vasey,217011423,Southern Grampians,Northern Grampians,25810
3401,TOOAN,VIC,Delivery Area,Updated 6-Feb-2020,-36.8013,141.805,21701142320,Vasey,217011423,Southern Grampians,Northern Grampians,25810
3401,TOOLONDO,VIC,Delivery Area,Updated 6-Feb-2020,-36.9891122,141.9401606,21701142320,Vasey,217011423,Southern Grampians,Northern Grampians,25810
3401,VECTIS,VIC,Delivery Area,Updated 6-Feb-2020,-36.7327045,142.0854571,21701142320,Vasey,217011423,Southern Grampians,Northern Grampians,25810
3401,WAIL,VIC,Delivery Area,Updated 6-Feb-2020,-36.5622497,142.0690586,21701142320,Vasey,217011423,Southern Grampians,Northern Grampians,25810
3401,WALLUP,VIC,Delivery Area,Updated 6-Feb-2020,-36.3605162,142.2450086,21701142320,Vasey,217011423,Southern Grampians,Northern Grampians,25810
3401,WARTOOK,VIC,Delivery Area,Updated 6-Feb-2020,-37.0546115,142.3436634,21701142320,Vasey,217011423,Southern Grampians,Northern Grampians,25810
3401,WOMBELANO,VIC,Delivery Area,Updated 6-Feb-2020,-37.0157,141.594,21701142320,Vasey,217011423,Southern Grampians,Northern Grampians,25810
3401,WONWONDAH,VIC,Delivery Area,Updated 6-Feb-2020,-36.9172614,142.2579613,21701142320,Vasey,217011423,Southern Grampians,Northern Grampians,25810
3401,ZUMSTEINS,VIC,Delivery Area,Updated 6-Feb-2020,-37.1187871,142.3842357,21701142320,Vasey,217011423,Southern Grampians,Northern Grampians,25810
3407,BALMORAL,VIC,Delivery Area,Updated 6-Feb-2020,-37.2516966,141.8235525,21701142321,Wootong Vale,217011423,Southern Grampians,Southern Grampians,26260
3407,ENGLEFIELD,VIC,Delivery Area,Updated 6-Feb-2020,-37.3471879,141.8100348,21701142321,Wootong Vale,217011423,Southern Grampians,Southern Grampians,26260
3407,GATUM,VIC,Delivery Area,Updated 6-Feb-2020,-37.3987376,141.9293628,21701142321,Wootong Vale,217011423,Southern Grampians,Southern Grampians,26260
3407,PIGEON PONDS,VIC,Delivery Area,Updated 6-Feb-2020,-37.2947285,141.6699251,21701142321,Wootong Vale,217011423,Southern Grampians,Southern Grampians,26260
3407,VASEY,VIC,Delivery Area,Updated 6-Feb-2020,-37.3693981,141.872913,21701142321,Wootong Vale,217011423,Southern Grampians,Southern Grampians,26260
3409,ARAPILES,VIC,Delivery Area,Updated 6-Feb-2020,-36.7168536,141.8782814,21501139304,Wombelano,215011393,West Wimmera,West Wimmera,26890
3409,CLEAR LAKE,VIC,Delivery Area,Updated 6-Feb-2020,-36.9181646,141.883318,21501139304,Wombelano,215011393,West Wimmera,West Wimmera,26890
3409,DOUGLAS,VIC,Delivery Area,Updated 6-Feb-2020,-37.0419203,141.7410906,21501139304,Wombelano,215011393,West Wimmera,West Wimmera,26890
3409,DUCHEMBEGARRA,VIC,Delivery Area,Updated 6-Feb-2020,-36.622668,141.9676075,21501139304,Wombelano,215011393,West Wimmera,West Wimmera,26890
3409,GRASS FLAT,VIC,Delivery Area,Updated 6-Feb-2020,-36.6779656,141.8453393,21501139304,Wombelano,215011393,West Wimmera,West Wimmera,26890
3409,JILPANGER,VIC,Delivery Area,Updated 6-Feb-2020,-36.9316644,141.6651808,21501139304,Wombelano,215011393,West Wimmera,West Wimmera,26890
3409,MIGA LAKE,VIC,Delivery Area,Updated 6-Feb-2020,-36.8800354,141.6469519,21501139304,Wombelano,215011393,West Wimmera,West Wimmera,26890
3409,MITRE,VIC,Delivery Area,Updated 6-Feb-2020,-36.7335815,141.7173604,21501139304,Wombelano,215011393,West Wimmera,West Wimmera,26890
3409,NATIMUK,VIC,Delivery Area,Updated 6-Feb-2020,-36.7458317,141.9352015,21501139304,Wombelano,215011393,West Wimmera,West Wimmera,26890
3409,NORADJUHA,VIC,Delivery Area,Updated 6-Feb-2020,-36.8400041,141.9722382,21501139304,Wombelano,215011393,West Wimmera,West Wimmera,26890
3409,TOOAN,VIC,Delivery Area,Updated 6-Feb-2020,-36.8013265,141.8050723,21501139304,Wombelano,215011393,West Wimmera,West Wimmera,26890
3409,WOMBELANO,VIC,Delivery Area,Updated 6-Feb-2020,-37.0157088,141.5935724,21501139304,Wombelano,215011393,West Wimmera,West Wimmera,26890
3412,GOROKE,VIC,Delivery Area,Updated 6-Feb-2020,-36.6744115,141.4939853,21501139309,Goroke,215011393,West Wimmera,West Wimmera,26890
3413,MINIMAY,VIC,Delivery Area,Updated 6-Feb-2020,-36.7496038,141.2114934,21501139307,Neuarpurr,215011393,West Wimmera,West Wimmera,26890
3413,NEUARPURR,VIC,Delivery Area,Updated 6-Feb-2020,-36.7038896,140.9802231,21501139307,Neuarpurr,215011393,West Wimmera,West Wimmera,26890
3413,OZENKADNOOK,VIC,Delivery Area,Updated 6-Feb-2020,-36.8245518,141.3414454,21501139307,Neuarpurr,215011393,West Wimmera,West Wimmera,26890
3413,PERONNE,VIC,Delivery Area,Updated 6-Feb-2020,-36.7403549,141.3106525,21501139307,Neuarpurr,215011393,West Wimmera,West Wimmera,26890
3414,ANTWERP,VIC,Delivery Area,Updated 6-Feb-2020,-36.2838951,142.0251828,21501139028,Dimboola,215011390,Nhill Region,Yarriambiack,27630
3414,DIMBOOLA,VIC,Delivery Area,Updated 6-Feb-2020,-36.453243,142.0290523,21501139028,Dimboola,215011390,Nhill Region,Yarriambiack,27630
3414,TARRANYURK,VIC,Delivery Area,Updated 6-Feb-2020,-36.2127522,142.0340184,21501139028,Dimboola,215011390,Nhill Region,Yarriambiack,27630
3415,MIRAM,VIC,Delivery Area,Updated 6-Feb-2020,-36.3811882,141.3784817,21501139010,Miram,215011390,Nhill Region,West Wimmera,26890
3415,YARRUNGA,VIC,Delivery Area,Updated 6-Feb-2020,-34.5841,150.434,21501139010,Miram,215011390,Nhill Region,West Wimmera,26890
3418,BROUGHTON,VIC,Delivery Area,Updated 6-Feb-2020,-36.1486994,141.3473436,21501139030,Little Desert,215011390,Nhill Region,West Wimmera,26890
3418,GERANG GERUNG,VIC,Delivery Area,Updated 6-Feb-2020,-36.3689875,141.87965,21501139030,Little Desert,215011390,Nhill Region,West Wimmera,26890
3418,GLENLEE,VIC,Delivery Area,Updated 6-Feb-2020,-36.2465889,141.8101803,21501139030,Little Desert,215011390,Nhill Region,West Wimmera,26890
3418,KIATA,VIC,Delivery Area,Updated 6-Feb-2020,-36.4187348,141.7529589,21501139030,Little Desert,215011390,Nhill Region,West Wimmera,26890
3418,LAWLOIT,VIC,Delivery Area,Updated 6-Feb-2020,-36.4638485,141.4627924,21501139030,Little Desert,215011390,Nhill Region,West Wimmera,26890
3418,LITTLE DESERT,VIC,Delivery Area,Updated 6-Feb-2020,-36.5025841,141.7612263,21501139030,Little Desert,215011390,Nhill Region,West Wimmera,26890
3418,LORQUON,VIC,Delivery Area,Updated 6-Feb-2020,-36.1522698,141.7587967,21501139030,Little Desert,215011390,Nhill Region,West Wimmera,26890
3418,NETHERBY,VIC,Delivery Area,Updated 6-Feb-2020,-36.1414772,141.6629929,21501139030,Little Desert,215011390,Nhill Region,West Wimmera,26890
3418,NHILL,VIC,Delivery Area,Updated 6-Feb-2020,-36.3327981,141.6503461,21501139030,Little Desert,215011390,Nhill Region,West Wimmera,26890
3418,YANAC,VIC,Delivery Area,Updated 6-Feb-2020,-36.094225,141.4601664,21501139030,Little Desert,215011390,Nhill Region,West Wimmera,26890
3419,KANIVA,VIC,Delivery Area,Updated 6-Feb-2020,-36.3672353,141.2213044,21501139018,Kaniva,215011390,Nhill Region,Hindmarsh,22980
3420,LILLIMUR,VIC,Delivery Area,Updated 6-Feb-2020,-36.4180671,141.0785379,21501139009,Serviceton,215011390,Nhill Region,West Wimmera,26890
3420,SERVICETON,VIC,Delivery Area,Updated 6-Feb-2020,-36.3292839,141.0022207,21501139009,Serviceton,215011390,Nhill Region,West Wimmera,26890
3420,TELOPEA DOWNS,VIC,Delivery Area,Updated 6-Feb-2020,-36.1255456,141.1121661,21501139009,Serviceton,215011390,Nhill Region,West Wimmera,26890
3423,JEPARIT,VIC,Delivery Area,Updated 6-Feb-2020,-36.134382,141.9791849,21501139017,Jeparit,215011390,Nhill Region,Hindmarsh,22980
3423,LAKE HINDMARSH,VIC,Delivery Area,Updated 6-Feb-2020,-36.0548,141.916,21501139017,Jeparit,215011390,Nhill Region,Hindmarsh,22980
3424,ALBACUTYA,VIC,Delivery Area,Updated 6-Feb-2020,-35.7395619,141.9661831,21501139404,Yaapeet,215011394,Yarriambiack,Yarriambiack,27630
3424,RAINBOW,VIC,Delivery Area,Updated 6-Feb-2020,-35.9008,141.997,21501139404,Yaapeet,215011394,Yarriambiack,Yarriambiack,27630
3424,YAAPEET,VIC,Delivery Area,Updated 6-Feb-2020,-35.7064354,142.0228094,21501139404,Yaapeet,215011394,Yarriambiack,Yarriambiack,27630
3427,DIGGERS REST,VIC,Delivery Area,Updated 6-Feb-2020,-37.6153848,144.6862995,21004154030,Diggers Rest,210041540,Sunbury - South,Brimbank,21180
3427,PLUMPTON,VIC,Delivery Area,Updated 6-Feb-2020,-37.6154,144.686,21004154030,Diggers Rest,210041540,Sunbury - South,Brimbank,21180
3428,BULLA,VIC,Delivery Area,Updated 6-Feb-2020,-37.6342319,144.7961441,21005124621,Bulla (Vic.),210051246,Greenvale - Bulla,Hume,23270
3429,SUNBURY,VIC,Delivery Area,Updated 6-Feb-2020,-37.581111,144.713889,21004154126,Sunbury,210041541,Sunbury - West,Hume,23270
3429,WILDWOOD,VIC,Delivery Area,Updated 6-Feb-2020,-37.5718,144.7935,21004154126,Sunbury,210041541,Sunbury - West,Hume,23270
3430,CLARKEFIELD,VIC,Delivery Area,Updated 6-Feb-2020,-37.497542,144.8071366,21004124004,Wildwood,210041240,Sunbury,Hume,23270
3431,RIDDELLS CREEK,VIC,Delivery Area,Updated 6-Feb-2020,-37.4525468,144.6753231,21002123409,Riddells Creek,210021234,Riddells Creek,Macedon Ranges,24130
3432,BOLINDA,VIC,Delivery Area,Updated 6-Feb-2020,-37.439438,144.7741635,21002123503,Clarkefield,210021235,Romsey,Macedon Ranges,24130
3433,MONEGEETTA,VIC,,Updated 6-Feb-2020,-37.3991,144.78,21002123502,Monegeetta,210021235,Romsey,Macedon Ranges,24130
3434,CHEROKEE,VIC,Delivery Area,Updated 6-Feb-2020,-37.383333,144.633333,21002123524,Romsey,210021235,Romsey,Macedon Ranges,24130
3434,KERRIE,VIC,Delivery Area,Updated 6-Feb-2020,-37.3803808,144.6698355,21002123524,Romsey,210021235,Romsey,Macedon Ranges,24130
3434,ROMSEY,VIC,Delivery Area,Updated 6-Feb-2020,-37.3506332,144.7428496,21002123524,Romsey,210021235,Romsey,Macedon Ranges,24130
3434,SPRINGFIELD,VIC,Delivery Area,Updated 6-Feb-2020,-37.3230084,144.8181305,21002123524,Romsey,210021235,Romsey,Macedon Ranges,24130
3435,BENLOCH,VIC,Delivery Area,Updated 6-Feb-2020,-37.2029416,144.6862995,21002123516,Lancefield,210021235,Romsey,Mitchell,24850
3435,GOLDIE,VIC,Delivery Area,Updated 6-Feb-2020,-37.2591504,144.7961441,21002123516,Lancefield,210021235,Romsey,Mitchell,24850
3435,LANCEFIELD,VIC,Delivery Area,Updated 6-Feb-2020,-37.2769748,144.728396,21002123516,Lancefield,210021235,Romsey,Mitchell,24850
3435,NULLA VALE,VIC,Delivery Area,Updated 6-Feb-2020,-37.1897923,144.7460094,21002123516,Lancefield,210021235,Romsey,Mitchell,24850
3437,BULLENGAROOK,VIC,Delivery Area,Updated 6-Feb-2020,-37.516667,144.483333,21002123230,Gisborne,210021232,Gisborne,Moorabool,25150
3437,GISBORNE,VIC,Delivery Area,Updated 6-Feb-2020,-37.49,144.588889,21002123230,Gisborne,210021232,Gisborne,Moorabool,25150
3437,GISBORNE SOUTH,VIC,Delivery Area,Updated 6-Feb-2020,-37.538611,144.606389,21002123230,Gisborne,210021232,Gisborne,Moorabool,25150
3438,NEW GISBORNE,VIC,Delivery Area,Updated 6-Feb-2020,-37.4618532,144.620463,21002123232,New Gisborne,210021232,Gisborne,Macedon Ranges,24130
3440,MACEDON,VIC,Delivery Area,Updated 6-Feb-2020,-37.4205517,144.5546793,21002123310,Macedon,210021233,Macedon,Macedon Ranges,24130
3441,MOUNT MACEDON,VIC,Delivery Area,Updated 6-Feb-2020,-37.3981393,144.5985292,21002123307,Mount Macedon,210021233,Macedon,Macedon Ranges,24130
3442,ASHBOURNE,VIC,Delivery Area,Updated 6-Feb-2020,-37.386944,144.446111,21002123520,Rochford,210021235,Romsey,Moorabool,25150
3442,CADELLO,VIC,Delivery Area,Updated 6-Feb-2020,-37.3033974,144.5272851,21002123520,Rochford,210021235,Romsey,Moorabool,25150
3442,CARLSRUHE,VIC,Delivery Area,Updated 6-Feb-2020,-37.283333,144.5,21002123520,Rochford,210021235,Romsey,Moorabool,25150
3442,COBAW,VIC,Delivery Area,Updated 6-Feb-2020,-37.266667,144.633333,21002123520,Rochford,210021235,Romsey,Moorabool,25150
3442,HANGING ROCK,VIC,Delivery Area,Updated 6-Feb-2020,-37.334892,144.5944289,21002123520,Rochford,210021235,Romsey,Moorabool,25150
3442,HESKET,VIC,Delivery Area,Updated 6-Feb-2020,-37.35,144.616667,21002123520,Rochford,210021235,Romsey,Moorabool,25150
3442,NEWHAM,VIC,Delivery Area,Updated 6-Feb-2020,-37.316667,144.6,21002123520,Rochford,210021235,Romsey,Moorabool,25150
3442,ROCHFORD,VIC,Delivery Area,Updated 6-Feb-2020,-37.316667,144.683333,21002123520,Rochford,210021235,Romsey,Moorabool,25150
3442,WOODEND,VIC,Delivery Area,Updated 6-Feb-2020,-37.3613204,144.5244238,21002123520,Rochford,210021235,Romsey,Moorabool,25150
3442,WOODEND NORTH,VIC,Delivery Area,Updated 6-Feb-2020,-37.3259093,144.5382417,21002123520,Rochford,210021235,Romsey,Moorabool,25150
3444,BARFOLD,VIC,Delivery Area,Updated 6-Feb-2020,-37.091944,144.506111,20401106010,Tooborac,204011060,Seymour Surrounds,Mitchell,24850
3444,BAYNTON,VIC,Delivery Area,Updated 6-Feb-2020,-37.1661839,144.6996603,20401106010,Tooborac,204011060,Seymour Surrounds,Mitchell,24850
3444,BAYNTON EAST,VIC,Delivery Area,Updated 6-Feb-2020,-37.119812,144.7138406,20401106010,Tooborac,204011060,Seymour Surrounds,Mitchell,24850
3444,EDGECOMBE,VIC,Delivery Area,Updated 6-Feb-2020,-37.1870105,144.4615766,20401106010,Tooborac,204011060,Seymour Surrounds,Mitchell,24850
3444,GLENHOPE,VIC,Delivery Area,Updated 6-Feb-2020,-37.0778252,144.6080076,20401106010,Tooborac,204011060,Seymour Surrounds,Mitchell,24850
3444,GREENHILL,VIC,Delivery Area,Updated 6-Feb-2020,-37.1865671,144.4338719,20401106010,Tooborac,204011060,Seymour Surrounds,Mitchell,24850
3444,KYNETON,VIC,Delivery Area,Updated 6-Feb-2020,-37.233333,144.45,20401106010,Tooborac,204011060,Seymour Surrounds,Mitchell,24850
3444,KYNETON SOUTH,VIC,Delivery Area,Updated 6-Feb-2020,-37.3015246,144.4554192,20401106010,Tooborac,204011060,Seymour Surrounds,Mitchell,24850
3444,LANGLEY,VIC,Delivery Area,Updated 6-Feb-2020,-37.1429091,144.510853,20401106010,Tooborac,204011060,Seymour Surrounds,Mitchell,24850
3444,LAURISTON,VIC,Delivery Area,Updated 6-Feb-2020,-37.25,144.383333,20401106010,Tooborac,204011060,Seymour Surrounds,Mitchell,24850
3444,LYAL,VIC,Delivery Area,Updated 6-Feb-2020,-36.9427818,144.4714979,20401106010,Tooborac,204011060,Seymour Surrounds,Mitchell,24850
3444,METCALFE EAST,VIC,Delivery Area,Updated 6-Feb-2020,-37.1525633,144.4509725,20401106010,Tooborac,204011060,Seymour Surrounds,Mitchell,24850
3444,MIA MIA,VIC,Delivery Area,Updated 6-Feb-2020,-37.0026231,144.5663247,20401106010,Tooborac,204011060,Seymour Surrounds,Mitchell,24850
3444,MYRTLE CREEK,VIC,Delivery Area,Updated 6-Feb-2020,-36.9397607,144.435599,20401106010,Tooborac,204011060,Seymour Surrounds,Mitchell,24850
3444,PASTORIA,VIC,Delivery Area,Updated 6-Feb-2020,-37.1813812,144.6369172,20401106010,Tooborac,204011060,Seymour Surrounds,Mitchell,24850
3444,PASTORIA EAST,VIC,Delivery Area,Updated 6-Feb-2020,-37.1813812,144.6369172,20401106010,Tooborac,204011060,Seymour Surrounds,Mitchell,24850
3444,PIPERS CREEK,VIC,Delivery Area,Updated 6-Feb-2020,-37.245262,144.5491997,20401106010,Tooborac,204011060,Seymour Surrounds,Mitchell,24850
3444,REDESDALE,VIC,Delivery Area,Updated 6-Feb-2020,-37.0012974,144.4937398,20401106010,Tooborac,204011060,Seymour Surrounds,Mitchell,24850
3444,SIDONIA,VIC,Delivery Area,Updated 6-Feb-2020,-37.1538327,144.5497737,20401106010,Tooborac,204011060,Seymour Surrounds,Mitchell,24850
3444,SPRING HILL,VIC,Delivery Area,Updated 6-Feb-2020,-37.296477,144.3576473,20401106010,Tooborac,204011060,Seymour Surrounds,Mitchell,24850
3444,TYLDEN,VIC,Delivery Area,Updated 6-Feb-2020,-37.3194005,144.4052024,20401106010,Tooborac,204011060,Seymour Surrounds,Mitchell,24850
3444,TYLDEN SOUTH,VIC,Delivery Area,Updated 6-Feb-2020,-37.3522349,144.3767821,20401106010,Tooborac,204011060,Seymour Surrounds,Mitchell,24850
3446,DRUMMOND NORTH,VIC,Delivery Area,Updated 6-Feb-2020,-37.2,144.283333,20202103025,Malmsbury,202021030,Kyneton,Mount Alexander,25430
3446,MALMSBURY,VIC,Delivery Area,Updated 6-Feb-2020,-37.188889,144.385,20202103025,Malmsbury,202021030,Kyneton,Mount Alexander,25430
3447,TARADALE,VIC,Delivery Area,Updated 6-Feb-2020,-37.1465105,144.3576473,20202102815,Taradale (Vic.),202021028,Castlemaine Surrounds,Hepburn,22910
3448,ELPHINSTONE,VIC,Delivery Area,Updated 6-Feb-2020,-37.1,144.333333,20202102823,Elphinstone (Vic.),202021028,Castlemaine Surrounds,Mount Alexander,25430
3448,METCALFE,VIC,Delivery Area,Updated 6-Feb-2020,-37.1286977,144.4148693,20202102823,Elphinstone (Vic.),202021028,Castlemaine Surrounds,Mount Alexander,25430
3448,SUTTON GRANGE,VIC,Delivery Area,Updated 6-Feb-2020,-36.9622534,144.3457864,20202102823,Elphinstone (Vic.),202021028,Castlemaine Surrounds,Mount Alexander,25430
3450,CASTLEMAINE,VIC,Delivery Area,Updated 6-Feb-2020,-37.058136,144.2185006,20202102727,Castlemaine,202021027,Castlemaine,Mount Alexander,25430
3450,MOONLIGHT FLAT,VIC,Delivery Area,Updated 6-Feb-2020,-37.0632272,144.2456637,20202102727,Castlemaine,202021027,Castlemaine,Mount Alexander,25430
3451,BARKERS CREEK,VIC,Delivery Area,Updated 6-Feb-2020,-37.0050906,144.221785,20202102826,Barkers Creek,202021028,Castlemaine Surrounds,Hepburn,22910
3451,CAMPBELLS CREEK,VIC,Delivery Area,Updated 6-Feb-2020,-37.1,144.2,20202102826,Barkers Creek,202021028,Castlemaine Surrounds,Hepburn,22910
3451,CHEWTON,VIC,Delivery Area,Updated 6-Feb-2020,-37.083333,144.266667,20202102826,Barkers Creek,202021028,Castlemaine Surrounds,Hepburn,22910
3451,CHEWTON BUSHLANDS,VIC,Delivery Area,Updated 6-Feb-2020,-37.0783424,144.2893459,20202102826,Barkers Creek,202021028,Castlemaine Surrounds,Hepburn,22910
3451,FARADAY,VIC,Delivery Area,Updated 6-Feb-2020,-37.0500963,144.3077816,20202102826,Barkers Creek,202021028,Castlemaine Surrounds,Hepburn,22910
3451,FRYERSTOWN,VIC,Delivery Area,Updated 6-Feb-2020,-37.1432659,144.2549754,20202102826,Barkers Creek,202021028,Castlemaine Surrounds,Hepburn,22910
3451,GLENLUCE,VIC,Delivery Area,Updated 6-Feb-2020,-37.1959366,144.2405462,20202102826,Barkers Creek,202021028,Castlemaine Surrounds,Hepburn,22910
3451,GOLDEN POINT,VIC,Delivery Area,Updated 6-Feb-2020,-37.0665813,144.2756927,20202102826,Barkers Creek,202021028,Castlemaine Surrounds,Hepburn,22910
3451,GOWER,VIC,Delivery Area,Updated 6-Feb-2020,-37.0284764,144.1011245,20202102826,Barkers Creek,202021028,Castlemaine Surrounds,Hepburn,22910
3451,GUILDFORD,VIC,Delivery Area,Updated 6-Feb-2020,-37.1496144,144.1754128,20202102826,Barkers Creek,202021028,Castlemaine Surrounds,Hepburn,22910
3451,IRISHTOWN,VIC,Delivery Area,Updated 6-Feb-2020,-37.15,144.233333,20202102826,Barkers Creek,202021028,Castlemaine Surrounds,Hepburn,22910
3451,MCKENZIE HILL,VIC,Delivery Area,Updated 6-Feb-2020,-37.0686692,144.1801852,20202102826,Barkers Creek,202021028,Castlemaine Surrounds,Hepburn,22910
3451,MUCKLEFORD,VIC,Delivery Area,Updated 6-Feb-2020,-37.0693505,144.1537927,20202102826,Barkers Creek,202021028,Castlemaine Surrounds,Hepburn,22910
3451,TARILTA,VIC,Delivery Area,Updated 6-Feb-2020,-37.1863125,144.188367,20202102826,Barkers Creek,202021028,Castlemaine Surrounds,Hepburn,22910
3451,VAUGHAN,VIC,Delivery Area,Updated 6-Feb-2020,-37.1602076,144.2211029,20202102826,Barkers Creek,202021028,Castlemaine Surrounds,Hepburn,22910
3451,WOODBROOK,VIC,Delivery Area,Updated 6-Feb-2020,-37.0113,144.198,20202102826,Barkers Creek,202021028,Castlemaine Surrounds,Hepburn,22910
3451,YAPEEN,VIC,Delivery Area,Updated 6-Feb-2020,-37.1284806,144.1617791,20202102826,Barkers Creek,202021028,Castlemaine Surrounds,Hepburn,22910
3453,HARCOURT,VIC,Delivery Area,Updated 6-Feb-2020,-37.0,144.25,20202102819,Harcourt,202021028,Castlemaine Surrounds,Greater Bendigo,22620
3453,HARCOURT NORTH,VIC,Delivery Area,Updated 6-Feb-2020,-36.9404173,144.2850068,20202102819,Harcourt,202021028,Castlemaine Surrounds,Greater Bendigo,22620
3453,RAVENSWOOD,VIC,Delivery Area,Updated 6-Feb-2020,-36.866435,144.2080832,20202102819,Harcourt,202021028,Castlemaine Surrounds,Greater Bendigo,22620
3453,RAVENSWOOD SOUTH,VIC,Delivery Area,Updated 6-Feb-2020,-36.9523424,144.2364525,20202102819,Harcourt,202021028,Castlemaine Surrounds,Greater Bendigo,22620
3458,BARRYS REEF,VIC,Delivery Area,Updated 6-Feb-2020,-37.4562523,144.3193914,20202103110,Trentham East,202021031,Woodend,Macedon Ranges,24130
3458,BLACKWOOD,VIC,Delivery Area,Updated 6-Feb-2020,-37.4834268,144.3026601,20202103110,Trentham East,202021031,Woodend,Macedon Ranges,24130
3458,FERN HILL,VIC,Delivery Area,Updated 6-Feb-2020,-37.3753075,144.4232713,20202103110,Trentham East,202021031,Woodend,Macedon Ranges,24130
3458,LERDERDERG,VIC,Delivery Area,Updated 6-Feb-2020,-37.4378983,144.2813213,20202103110,Trentham East,202021031,Woodend,Macedon Ranges,24130
3458,LITTLE HAMPTON,VIC,Delivery Area,Updated 6-Feb-2020,-37.3673463,144.2920769,20202103110,Trentham East,202021031,Woodend,Macedon Ranges,24130
3458,NEWBURY,VIC,Delivery Area,Updated 6-Feb-2020,-37.4262018,144.2866151,20202103110,Trentham East,202021031,Woodend,Macedon Ranges,24130
3458,NORTH BLACKWOOD,VIC,Delivery Area,Updated 6-Feb-2020,-37.416667,144.366667,20202103110,Trentham East,202021031,Woodend,Macedon Ranges,24130
3458,TRENTHAM,VIC,Delivery Area,Updated 6-Feb-2020,-37.383333,144.316667,20202103110,Trentham East,202021031,Woodend,Macedon Ranges,24130
3458,TRENTHAM EAST,VIC,Delivery Area,Updated 6-Feb-2020,-37.4051772,144.4013907,20202103110,Trentham East,202021031,Woodend,Macedon Ranges,24130
3460,BASALT,VIC,Delivery Area,Updated 6-Feb-2020,-37.3088919,144.1038619,20102101123,Musk,201021011,Daylesford,Hepburn,22910
3460,DAYLESFORD,VIC,Delivery Area,Updated 6-Feb-2020,-37.35,144.15,20102101123,Musk,201021011,Daylesford,Hepburn,22910
3461,BULLARTO,VIC,Delivery Area,Updated 6-Feb-2020,-37.3990211,144.2125766,20202103006,Spring Hill (Vic.),202021030,Kyneton,Macedon Ranges,24130
3461,BULLARTO SOUTH,VIC,Delivery Area,Updated 6-Feb-2020,-37.4233362,144.2187155,20202103006,Spring Hill (Vic.),202021030,Kyneton,Macedon Ranges,24130
3461,CLYDESDALE,VIC,Delivery Area,Updated 6-Feb-2020,-37.1708854,144.0902405,20202103006,Spring Hill (Vic.),202021030,Kyneton,Macedon Ranges,24130
3461,COOMOORA,VIC,Delivery Area,Updated 6-Feb-2020,-37.3318362,144.1965497,20202103006,Spring Hill (Vic.),202021030,Kyneton,Macedon Ranges,24130
3461,DENVER,VIC,Delivery Area,Updated 6-Feb-2020,-37.285937,144.2866151,20202103006,Spring Hill (Vic.),202021030,Kyneton,Macedon Ranges,24130
3461,DRUMMOND,VIC,Delivery Area,Updated 6-Feb-2020,-37.238144,144.3091473,20202103006,Spring Hill (Vic.),202021030,Kyneton,Macedon Ranges,24130
3461,DRY DIGGINGS,VIC,Delivery Area,Updated 6-Feb-2020,-37.2965675,144.1556446,20202103006,Spring Hill (Vic.),202021030,Kyneton,Macedon Ranges,24130
3461,EGANSTOWN,VIC,Delivery Area,Updated 6-Feb-2020,-37.3562379,144.0773023,20202103006,Spring Hill (Vic.),202021030,Kyneton,Macedon Ranges,24130
3461,ELEVATED PLAINS,VIC,Delivery Area,Updated 6-Feb-2020,-37.2950318,144.1311117,20202103006,Spring Hill (Vic.),202021030,Kyneton,Macedon Ranges,24130
3461,FRANKLINFORD,VIC,Delivery Area,Updated 6-Feb-2020,-37.238838,144.0922835,20202103006,Spring Hill (Vic.),202021030,Kyneton,Macedon Ranges,24130
3461,GLENLYON,VIC,Delivery Area,Updated 6-Feb-2020,-37.25,144.25,20202103006,Spring Hill (Vic.),202021030,Kyneton,Macedon Ranges,24130
3461,HEPBURN,VIC,Delivery Area,Updated 6-Feb-2020,-37.3118233,144.125661,20202103006,Spring Hill (Vic.),202021030,Kyneton,Macedon Ranges,24130
3461,HEPBURN SPRINGS,VIC,Delivery Area,Updated 6-Feb-2020,-37.3147502,144.1474662,20202103006,Spring Hill (Vic.),202021030,Kyneton,Macedon Ranges,24130
3461,KORWEINGUBOORA,VIC,Delivery Area,Updated 6-Feb-2020,-37.4491886,144.1382841,20202103006,Spring Hill (Vic.),202021030,Kyneton,Macedon Ranges,24130
3461,LEONARDS HILL,VIC,Delivery Area,Updated 6-Feb-2020,-37.4203807,144.1203075,20202103006,Spring Hill (Vic.),202021030,Kyneton,Macedon Ranges,24130
3461,LYONVILLE,VIC,Delivery Area,Updated 6-Feb-2020,-37.3918627,144.2628847,20202103006,Spring Hill (Vic.),202021030,Kyneton,Macedon Ranges,24130
3461,MOUNT FRANKLIN,VIC,Delivery Area,Updated 6-Feb-2020,-37.2707306,144.1663956,20202103006,Spring Hill (Vic.),202021030,Kyneton,Macedon Ranges,24130
3461,MUSK,VIC,Delivery Area,Updated 6-Feb-2020,-37.372,144.193,20202103006,Spring Hill (Vic.),202021030,Kyneton,Macedon Ranges,24130
3461,MUSK VALE,VIC,Delivery Area,Updated 6-Feb-2020,-37.3823929,144.1338372,20202103006,Spring Hill (Vic.),202021030,Kyneton,Macedon Ranges,24130
3461,PORCUPINE RIDGE,VIC,Delivery Area,Updated 6-Feb-2020,-37.2950055,144.1931402,20202103006,Spring Hill (Vic.),202021030,Kyneton,Macedon Ranges,24130
3461,SAILORS FALLS,VIC,Delivery Area,Updated 6-Feb-2020,-37.3912224,144.120451,20202103006,Spring Hill (Vic.),202021030,Kyneton,Macedon Ranges,24130
3461,SAILORS HILL,VIC,Delivery Area,Updated 6-Feb-2020,-37.3585315,144.125661,20202103006,Spring Hill (Vic.),202021030,Kyneton,Macedon Ranges,24130
3461,SHEPHERDS FLAT,VIC,Delivery Area,Updated 6-Feb-2020,-37.2750015,144.1222545,20202103006,Spring Hill (Vic.),202021030,Kyneton,Macedon Ranges,24130
3461,SPARGO CREEK,VIC,Delivery Area,Updated 6-Feb-2020,-37.4775151,144.153047,20202103006,Spring Hill (Vic.),202021030,Kyneton,Macedon Ranges,24130
3461,STRANGWAYS,VIC,Delivery Area,Updated 6-Feb-2020,-37.1428024,144.0902405,20202103006,Spring Hill (Vic.),202021030,Kyneton,Macedon Ranges,24130
3461,WHEATSHEAF,VIC,Delivery Area,Updated 6-Feb-2020,-37.3274143,144.2217727,20202103006,Spring Hill (Vic.),202021030,Kyneton,Macedon Ranges,24130
3461,YANDOIT,VIC,Delivery Area,Updated 6-Feb-2020,-37.2,144.1,20202103006,Spring Hill (Vic.),202021030,Kyneton,Macedon Ranges,24130
3461,YANDOIT HILLS,VIC,Delivery Area,Updated 6-Feb-2020,-37.2156138,144.0575587,20202103006,Spring Hill (Vic.),202021030,Kyneton,Macedon Ranges,24130
3462,GREEN GULLY,VIC,Delivery Area,Updated 6-Feb-2020,-37.1185054,144.1011374,20202102820,Welshmans Reef,202021028,Castlemaine Surrounds,Mount Alexander,25430
3462,JOYCES CREEK,VIC,Delivery Area,Updated 6-Feb-2020,-37.0991451,143.9878151,20202102820,Welshmans Reef,202021028,Castlemaine Surrounds,Mount Alexander,25430
3462,MUCKLEFORD SOUTH,VIC,Delivery Area,Updated 6-Feb-2020,-37.1047021,144.1178262,20202102820,Welshmans Reef,202021028,Castlemaine Surrounds,Mount Alexander,25430
3462,NEWSTEAD,VIC,Delivery Area,Updated 6-Feb-2020,-37.105278,144.065,20202102820,Welshmans Reef,202021028,Castlemaine Surrounds,Mount Alexander,25430
3462,SANDON,VIC,Delivery Area,Updated 6-Feb-2020,-37.1713818,144.0531998,20202102820,Welshmans Reef,202021028,Castlemaine Surrounds,Mount Alexander,25430
3462,WELSHMANS REEF,VIC,Delivery Area,Updated 6-Feb-2020,-37.0663518,144.0405424,20202102820,Welshmans Reef,202021028,Castlemaine Surrounds,Mount Alexander,25430
3463,BARINGHUP,VIC,Delivery Area,Updated 6-Feb-2020,-36.9605286,143.9813554,20203103306,Woodstock West,202031033,Loddon,Loddon,23940
3463,BARINGHUP WEST,VIC,Delivery Area,Updated 6-Feb-2020,-36.9792699,143.9028461,20203103306,Woodstock West,202031033,Loddon,Loddon,23940
3463,BRADFORD,VIC,Delivery Area,Updated 6-Feb-2020,-36.9292943,144.0883677,20203103306,Woodstock West,202031033,Loddon,Loddon,23940
3463,EASTVILLE,VIC,Delivery Area,Updated 6-Feb-2020,-36.8892268,143.9792459,20203103306,Woodstock West,202031033,Loddon,Loddon,23940
3463,GOWER,VIC,Delivery Area,Updated 6-Feb-2020,-37.0285,144.101,20203103306,Woodstock West,202031033,Loddon,Loddon,23940
3463,LAANECOORIE,VIC,Delivery Area,Updated 6-Feb-2020,-36.8270468,143.8796572,20203103306,Woodstock West,202031033,Loddon,Loddon,23940
3463,MALDON,VIC,Delivery Area,Updated 6-Feb-2020,-36.9980464,144.0685988,20203103306,Woodstock West,202031033,Loddon,Loddon,23940
3463,NEEREMAN,VIC,Delivery Area,Updated 6-Feb-2020,-36.9196596,143.9551761,20203103306,Woodstock West,202031033,Loddon,Loddon,23940
3463,NUGGETTY,VIC,Delivery Area,Updated 6-Feb-2020,-36.960016,144.0582395,20203103306,Woodstock West,202031033,Loddon,Loddon,23940
3463,PERKINS REEF,VIC,Delivery Area,Updated 6-Feb-2020,-36.9875311,144.0729356,20203103306,Woodstock West,202031033,Loddon,Loddon,23940
3463,PORCUPINE FLAT,VIC,Delivery Area,Updated 6-Feb-2020,-36.9625622,144.1196762,20203103306,Woodstock West,202031033,Loddon,Loddon,23940
3463,SHELBOURNE,VIC,Delivery Area,Updated 6-Feb-2020,-36.8470309,144.0725362,20203103306,Woodstock West,202031033,Loddon,Loddon,23940
3463,TARRENGOWER,VIC,Delivery Area,Updated 6-Feb-2020,-37.0043939,144.017406,20203103306,Woodstock West,202031033,Loddon,Loddon,23940
3463,WALMER,VIC,Delivery Area,Updated 6-Feb-2020,-36.9714618,144.1501922,20203103306,Woodstock West,202031033,Loddon,Loddon,23940
3463,WOODSTOCK WEST,VIC,Delivery Area,Updated 6-Feb-2020,-36.821607,144.0034717,20203103306,Woodstock West,202031033,Loddon,Loddon,23940
3464,CARISBROOK,VIC,Delivery Area,Updated 6-Feb-2020,-37.0150311,143.8454596,20103101711,Moolort,201031017,Maryborough Surrounds,Mount Alexander,25430
3465,ADELAIDE LEAD,VIC,Delivery Area,Updated 6-Feb-2020,-37.0838207,143.679125,21501139107,Stuart Mill,215011391,St Arnaud,Mount Alexander,25430
3465,ALMA,VIC,Delivery Area,Updated 6-Feb-2020,-37.027222,143.677778,21501139107,Stuart Mill,215011391,St Arnaud,Mount Alexander,25430
3465,BOWENVALE,VIC,Delivery Area,Updated 6-Feb-2020,-36.9961863,143.698961,21501139107,Stuart Mill,215011391,St Arnaud,Mount Alexander,25430
3465,BUNG BONG,VIC,Delivery Area,Updated 6-Feb-2020,-37.066667,143.616667,21501139107,Stuart Mill,215011391,St Arnaud,Mount Alexander,25430
3465,COTSWOLD,VIC,Delivery Area,Updated 6-Feb-2020,-37.1542638,143.8865426,21501139107,Stuart Mill,215011391,St Arnaud,Mount Alexander,25430
3465,CRAIGIE,VIC,Delivery Area,Updated 6-Feb-2020,-37.0952972,143.7820105,21501139107,Stuart Mill,215011391,St Arnaud,Mount Alexander,25430
3465,DAISY HILL,VIC,Delivery Area,Updated 6-Feb-2020,-37.1132303,143.7261205,21501139107,Stuart Mill,215011391,St Arnaud,Mount Alexander,25430
3465,FLAGSTAFF,VIC,Delivery Area,Updated 6-Feb-2020,-37.05,143.775,21501139107,Stuart Mill,215011391,St Arnaud,Mount Alexander,25430
3465,GOLDEN POINT,VIC,Delivery Area,Updated 6-Feb-2020,-37.0922807,143.7626808,21501139107,Stuart Mill,215011391,St Arnaud,Mount Alexander,25430
3465,HAVELOCK,VIC,Delivery Area,Updated 6-Feb-2020,-36.9604672,143.7720261,21501139107,Stuart Mill,215011391,St Arnaud,Mount Alexander,25430
3465,HOMEBUSH,VIC,Delivery Area,Updated 6-Feb-2020,-37.0198599,143.5456416,21501139107,Stuart Mill,215011391,St Arnaud,Mount Alexander,25430
3465,MAJORCA,VIC,Delivery Area,Updated 6-Feb-2020,-37.1283598,143.79049,21501139107,Stuart Mill,215011391,St Arnaud,Mount Alexander,25430
3465,MARYBOROUGH,VIC,Delivery Area,Updated 6-Feb-2020,-37.0473301,143.7446068,21501139107,Stuart Mill,215011391,St Arnaud,Mount Alexander,25430
3465,MOOLORT,VIC,Delivery Area,Updated 6-Feb-2020,-37.0509897,143.9262883,21501139107,Stuart Mill,215011391,St Arnaud,Mount Alexander,25430
3465,MOONLIGHT FLAT,VIC,Delivery Area,Updated 6-Feb-2020,-37.050679,143.6819188,21501139107,Stuart Mill,215011391,St Arnaud,Mount Alexander,25430
3465,NATTE YALLOCK,VIC,Delivery Area,Updated 6-Feb-2020,-36.9365449,143.4678223,21501139107,Stuart Mill,215011391,St Arnaud,Mount Alexander,25430
3465,RATHSCAR,VIC,Delivery Area,Updated 6-Feb-2020,-36.9788504,143.5666075,21501139107,Stuart Mill,215011391,St Arnaud,Mount Alexander,25430
3465,RATHSCAR WEST,VIC,Delivery Area,Updated 6-Feb-2020,-37.0137796,143.4875086,21501139107,Stuart Mill,215011391,St Arnaud,Mount Alexander,25430
3465,RODBOROUGH,VIC,Delivery Area,Updated 6-Feb-2020,-37.1020285,143.8828158,21501139107,Stuart Mill,215011391,St Arnaud,Mount Alexander,25430
3465,SIMSON,VIC,Delivery Area,Updated 6-Feb-2020,-36.9948936,143.7748884,21501139107,Stuart Mill,215011391,St Arnaud,Mount Alexander,25430
3465,TIMOR,VIC,Delivery Area,Updated 6-Feb-2020,-36.984167,143.709167,21501139107,Stuart Mill,215011391,St Arnaud,Mount Alexander,25430
3465,TIMOR WEST,VIC,Delivery Area,Updated 6-Feb-2020,-36.9642713,143.6698303,21501139107,Stuart Mill,215011391,St Arnaud,Mount Alexander,25430
3465,WAREEK,VIC,Delivery Area,Updated 6-Feb-2020,-37.0145003,143.6111837,21501139107,Stuart Mill,215011391,St Arnaud,Mount Alexander,25430
3467,AVOCA,VIC,Delivery Area,Updated 6-Feb-2020,-37.0638618,143.4554195,20103101306,Avoca (Vic.),201031013,Avoca,Pyrenees,25990
3467,MOYREISK,VIC,Delivery Area,Updated 6-Feb-2020,-37.0638618,143.4554195,20103101306,Avoca (Vic.),201031013,Avoca,Pyrenees,25990
3468,AMPHITHEATRE,VIC,Delivery Area,Updated 6-Feb-2020,-37.1878175,143.4682535,20103101404,Waterloo (Vic.),201031014,Beaufort,Pyrenees,25990
3468,MOUNT LONARCH,VIC,Delivery Area,Updated 6-Feb-2020,-37.2709113,143.3784013,20103101404,Waterloo (Vic.),201031014,Beaufort,Pyrenees,25990
3469,ELMHURST,VIC,Delivery Area,Updated 6-Feb-2020,-37.183333,143.25,20103101404,Waterloo (Vic.),201031014,Beaufort,Pyrenees,25990
3469,GLENLOFTY,VIC,Delivery Area,Updated 6-Feb-2020,-37.1245667,143.1968444,20103101404,Waterloo (Vic.),201031014,Beaufort,Pyrenees,25990
3469,GLENLOGIE,VIC,Delivery Area,Updated 6-Feb-2020,-37.2351516,143.2830487,20103101404,Waterloo (Vic.),201031014,Beaufort,Pyrenees,25990
3469,GLENPATRICK,VIC,Delivery Area,Updated 6-Feb-2020,-37.1356779,143.3391976,20103101404,Waterloo (Vic.),201031014,Beaufort,Pyrenees,25990
3469,NOWHERE CREEK,VIC,Delivery Area,Updated 6-Feb-2020,-37.124108,143.2958532,20103101404,Waterloo (Vic.),201031014,Beaufort,Pyrenees,25990
3472,BET BET,VIC,Delivery Area,Updated 6-Feb-2020,-36.9217288,143.7531872,20203103308,Wehla,202031033,Loddon,Mount Alexander,25430
3472,BETLEY,VIC,Delivery Area,Updated 6-Feb-2020,-36.9182683,143.7965958,20203103308,Wehla,202031033,Loddon,Mount Alexander,25430
3472,BROMLEY,VIC,Delivery Area,Updated 6-Feb-2020,-36.8857797,143.7891332,20203103308,Wehla,202031033,Loddon,Mount Alexander,25430
3472,DUNLUCE,VIC,Delivery Area,Updated 6-Feb-2020,-36.9316623,143.600774,20203103308,Wehla,202031033,Loddon,Mount Alexander,25430
3472,DUNOLLY,VIC,Delivery Area,Updated 6-Feb-2020,-36.85,143.733333,20203103308,Wehla,202031033,Loddon,Mount Alexander,25430
3472,EDDINGTON,VIC,Delivery Area,Updated 6-Feb-2020,-36.8984001,143.831487,20203103308,Wehla,202031033,Loddon,Mount Alexander,25430
3472,GOLDSBOROUGH,VIC,Delivery Area,Updated 6-Feb-2020,-36.8207524,143.670169,20203103308,Wehla,202031033,Loddon,Mount Alexander,25430
3472,INKERMAN,VIC,Delivery Area,Updated 6-Feb-2020,-36.7919234,143.6772813,20203103308,Wehla,202031033,Loddon,Mount Alexander,25430
3472,MCINTYRE,VIC,Delivery Area,Updated 6-Feb-2020,-36.6871859,143.6620414,20203103308,Wehla,202031033,Loddon,Mount Alexander,25430
3472,MOLIAGUL,VIC,Delivery Area,Updated 6-Feb-2020,-36.7176149,143.671849,20203103308,Wehla,202031033,Loddon,Mount Alexander,25430
3472,MOUNT HOOGHLY,VIC,Delivery Area,Updated 6-Feb-2020,-36.9038149,143.663396,20203103308,Wehla,202031033,Loddon,Mount Alexander,25430
3475,ARCHDALE,VIC,Delivery Area,Updated 6-Feb-2020,-36.8345009,143.5307957,21501139107,Stuart Mill,215011391,St Arnaud,Northern Grampians,25810
3475,ARCHDALE JUNCTION,VIC,Delivery Area,Updated 6-Feb-2020,-36.8725115,143.5147379,21501139107,Stuart Mill,215011391,St Arnaud,Northern Grampians,25810
3475,BEALIBA,VIC,Delivery Area,Updated 6-Feb-2020,-36.8139252,143.535837,21501139107,Stuart Mill,215011391,St Arnaud,Northern Grampians,25810
3475,BURKES FLAT,VIC,Delivery Area,Updated 6-Feb-2020,-36.6460383,143.5388796,21501139107,Stuart Mill,215011391,St Arnaud,Northern Grampians,25810
3475,COCHRANES CREEK,VIC,Delivery Area,Updated 6-Feb-2020,-36.6909213,143.5862259,21501139107,Stuart Mill,215011391,St Arnaud,Northern Grampians,25810
3475,EMU,VIC,Delivery Area,Updated 6-Feb-2020,-36.722585,143.406515,21501139107,Stuart Mill,215011391,St Arnaud,Northern Grampians,25810
3475,LOGAN,VIC,Delivery Area,Updated 6-Feb-2020,-36.6173657,143.4736579,21501139107,Stuart Mill,215011391,St Arnaud,Northern Grampians,25810
3477,AVON PLAINS,VIC,Delivery Area,Updated 6-Sep-2025,-36.5508,142.925,21503140009,Yeungroon East,215031400,Buloke,Loddon,23940
3477,BEAZLEYS BRIDGE,VIC,Delivery Area,Updated 6-Sep-2025,-36.702,143.164,21503140009,Yeungroon East,215031400,Buloke,Loddon,23940
3477,CARAPOOEE,VIC,Delivery Area,Updated 6-Sep-2025,-36.7202,143.298,21503140009,Yeungroon East,215031400,Buloke,Loddon,23940
3477,CARAPOOEE WEST,VIC,Delivery Area,Updated 6-Sep-2025,-36.7325,143.267,21503140009,Yeungroon East,215031400,Buloke,Loddon,23940
3477,COONOOER BRIDGE,VIC,Delivery Area,Updated 6-Sep-2025,-36.4712,143.319,21503140009,Yeungroon East,215031400,Buloke,Loddon,23940
3477,COONOOER WEST,VIC,Delivery Area,Updated 6-Sep-2025,-36.4077,143.25,21503140009,Yeungroon East,215031400,Buloke,Loddon,23940
3477,DALYENONG,VIC,Delivery Area,Updated 6-Sep-2025,-36.8214,143.414,21503140009,Yeungroon East,215031400,Buloke,Loddon,23940
3477,GOOROC,VIC,Delivery Area,Updated 6-Sep-2025,-36.4841,143.193,21503140009,Yeungroon East,215031400,Buloke,Loddon,23940
3477,GOWAR EAST,VIC,Delivery Area,Updated 6-Sep-2025,-36.5716,143.38,21503140009,Yeungroon East,215031400,Buloke,Loddon,23940
3477,GRAYS BRIDGE,VIC,Delivery Area,Updated 6-Sep-2025,-36.6184,142.9,21503140009,Yeungroon East,215031400,Buloke,Loddon,23940
3477,GRE GRE,VIC,Delivery Area,Updated 6-Sep-2025,-36.6646,143.149,21503140009,Yeungroon East,215031400,Buloke,Loddon,23940
3477,GRE GRE NORTH,VIC,Delivery Area,Updated 6-Sep-2025,-36.5645,143.055,21503140009,Yeungroon East,215031400,Buloke,Loddon,23940
3477,GRE GRE SOUTH,VIC,Delivery Area,Updated 6-Sep-2025,-36.6631,143.012,21503140009,Yeungroon East,215031400,Buloke,Loddon,23940
3477,KOOREH,VIC,Delivery Area,Updated 6-Sep-2025,-36.6432,143.415,21503140009,Yeungroon East,215031400,Buloke,Loddon,23940
3477,MARNOO EAST,VIC,Delivery Area,Updated 6-Sep-2025,-36.6635,142.959,21503140009,Yeungroon East,215031400,Buloke,Loddon,23940
3477,MOOLERR,VIC,Delivery Area,Updated 6-Sep-2025,-36.6361,143.163,21503140009,Yeungroon East,215031400,Buloke,Loddon,23940
3477,MOYREISK,VIC,Delivery Area,Updated 6-Sep-2025,-36.8666,143.338,21503140009,Yeungroon East,215031400,Buloke,Loddon,23940
3477,PARADISE,VIC,Delivery Area,Updated 6-Sep-2025,-36.8317,143.109,21503140009,Yeungroon East,215031400,Buloke,Loddon,23940
3477,REDBANK,VIC,Delivery Area,Updated 25-Mar-2020,-36.936,143.324,21503140009,Yeungroon East,215031400,Buloke,Loddon,23940
3477,ROSTRON,VIC,Delivery Area,Updated 6-Sep-2025,-36.7832,143.18,21503140009,Yeungroon East,215031400,Buloke,Loddon,23940
3477,SLATY CREEK,VIC,Delivery Area,Updated 6-Sep-2025,-36.5731,143.271,21503140009,Yeungroon East,215031400,Buloke,Loddon,23940
3477,ST ARNAUD EAST,VIC,Delivery Area,Updated 6-Sep-2025,-36.6146,143.314,21503140009,Yeungroon East,215031400,Buloke,Loddon,23940
3477,ST ARNAUD NORTH,VIC,Delivery Area,Updated 6-Sep-2025,-36.5743,143.215,21503140009,Yeungroon East,215031400,Buloke,Loddon,23940
3477,STUART MILL,VIC,Delivery Area,Updated 6-Sep-2025,-36.8057,143.286,21503140009,Yeungroon East,215031400,Buloke,Loddon,23940
3477,SUTHERLAND,VIC,Delivery Area,Updated 6-Sep-2025,-36.5586,143.184,21503140009,Yeungroon East,215031400,Buloke,Loddon,23940
3477,SWANWATER,VIC,Delivery Area,Updated 6-Sep-2025,-36.531,143.087,21503140009,Yeungroon East,215031400,Buloke,Loddon,23940
3477,TOTTINGTON,VIC,Delivery Area,Updated 6-Sep-2025,-36.7687,143.103,21503140009,Yeungroon East,215031400,Buloke,Loddon,23940
3477,TRAYNORS LAGOON,VIC,Delivery Area,Updated 6-Sep-2025,-36.5807,142.981,21503140009,Yeungroon East,215031400,Buloke,Loddon,23940
3477,WINJALLOK,VIC,Delivery Area,Updated 6-Sep-2025,-36.8096,143.19,21503140009,Yeungroon East,215031400,Buloke,Loddon,23940
3477,YORK PLAINS,VIC,Delivery Area,Updated 6-Sep-2025,-36.5874,142.917,21503140009,Yeungroon East,215031400,Buloke,Loddon,23940
3478,AVON PLAINS,VIC,Delivery Area,Updated 6-Feb-2020,-36.5508207,142.9246631,21503140009,Yeungroon East,215031400,Buloke,Buloke,21270
3478,BEAZLEYS BRIDGE,VIC,Delivery Area,Updated 6-Feb-2020,-36.7020334,143.1636178,21503140009,Yeungroon East,215031400,Buloke,Buloke,21270
3478,BERRIMAL WEST,VIC,Delivery Area,Updated 6-Feb-2020,-36.4896,143.433,21503140009,Yeungroon East,215031400,Buloke,Buloke,21270
3478,CARAPOOEE,VIC,Delivery Area,Updated 6-Feb-2020,-36.7201734,143.2978752,21503140009,Yeungroon East,215031400,Buloke,Buloke,21270
3478,CARAPOOEE WEST,VIC,Delivery Area,Updated 6-Feb-2020,-36.7324712,143.2668778,21503140009,Yeungroon East,215031400,Buloke,Buloke,21270
3478,COONOOER BRIDGE,VIC,Delivery Area,Updated 6-Feb-2020,-36.4711528,143.318772,21503140009,Yeungroon East,215031400,Buloke,Buloke,21270
3478,COONOOER WEST,VIC,Delivery Area,Updated 6-Feb-2020,-36.4076896,143.2502265,21503140009,Yeungroon East,215031400,Buloke,Buloke,21270
3478,DARKBONEE,VIC,Delivery Area,Updated 6-Feb-2020,-37.0021,143.283,21503140009,Yeungroon East,215031400,Buloke,Buloke,21270
3478,DOOBOOBETIC,VIC,Delivery Area,Updated 6-Feb-2020,-36.3846219,143.159244,21503140009,Yeungroon East,215031400,Buloke,Buloke,21270
3478,ELBERTON,VIC,Delivery Area,Updated 6-Feb-2020,-36.688551,143.230699,21503140009,Yeungroon East,215031400,Buloke,Buloke,21270
3478,GOOROC,VIC,Delivery Area,Updated 6-Feb-2020,-36.4841066,143.1931374,21503140009,Yeungroon East,215031400,Buloke,Buloke,21270
3478,GOWAR EAST,VIC,Delivery Area,Updated 6-Feb-2020,-36.5715571,143.3801482,21503140009,Yeungroon East,215031400,Buloke,Buloke,21270
3478,GRE GRE,VIC,Delivery Area,Updated 6-Feb-2020,-36.664558,143.1494741,21503140009,Yeungroon East,215031400,Buloke,Buloke,21270
3478,GRE GRE NORTH,VIC,Delivery Area,Updated 6-Feb-2020,-36.5644744,143.0547935,21503140009,Yeungroon East,215031400,Buloke,Buloke,21270
3478,GRE GRE SOUTH,VIC,Delivery Area,Updated 6-Feb-2020,-36.663093,143.01198,21503140009,Yeungroon East,215031400,Buloke,Buloke,21270
3478,KOOREH,VIC,Delivery Area,Updated 6-Feb-2020,-36.6432108,143.4152429,21503140009,Yeungroon East,215031400,Buloke,Buloke,21270
3478,MEDLYN,VIC,Delivery Area,Updated 6-Feb-2020,-36.6020932,143.2631762,21503140009,Yeungroon East,215031400,Buloke,Buloke,21270
3478,MITCHELLS HILL,VIC,Delivery Area,Updated 6-Feb-2020,-36.61,143.0,21503140009,Yeungroon East,215031400,Buloke,Buloke,21270
3478,MOOLERR,VIC,Delivery Area,Updated 6-Feb-2020,-36.6360613,143.1625254,21503140009,Yeungroon East,215031400,Buloke,Buloke,21270
3478,MOONAMBEL,VIC,Delivery Area,Updated 6-Feb-2020,-36.9879818,143.319609,21503140009,Yeungroon East,215031400,Buloke,Buloke,21270
3478,PERCYDALE,VIC,Delivery Area,Updated 6-Feb-2020,-37.0383525,143.401068,21503140009,Yeungroon East,215031400,Buloke,Buloke,21270
3478,SLATY CREEK,VIC,Delivery Area,Updated 6-Feb-2020,-36.5730551,143.2709202,21503140009,Yeungroon East,215031400,Buloke,Buloke,21270
3478,ST ARNAUD,VIC,Delivery Area,Updated 6-Feb-2020,-36.616618,143.2603641,21503140009,Yeungroon East,215031400,Buloke,Buloke,21270
3478,ST ARNAUD EAST,VIC,Delivery Area,Updated 6-Feb-2020,-36.614622,143.31439,21503140009,Yeungroon East,215031400,Buloke,Buloke,21270
3478,ST ARNAUD NORTH,VIC,Delivery Area,Updated 6-Feb-2020,-36.5743217,143.2146832,21503140009,Yeungroon East,215031400,Buloke,Buloke,21270
3478,STUART MILL,VIC,Delivery Area,Updated 6-Feb-2020,-36.8057343,143.2861142,21503140009,Yeungroon East,215031400,Buloke,Buloke,21270
3478,SUTHERLAND,VIC,Delivery Area,Updated 6-Feb-2020,-36.5406796,143.1896917,21503140009,Yeungroon East,215031400,Buloke,Buloke,21270
3478,SWANWATER,VIC,Delivery Area,Updated 6-Feb-2020,-36.53101,143.086542,21503140009,Yeungroon East,215031400,Buloke,Buloke,21270
3478,TANWOOD,VIC,Delivery Area,Updated 6-Feb-2020,-37.0166617,143.364164,21503140009,Yeungroon East,215031400,Buloke,Buloke,21270
3478,TOTTINGTON,VIC,Delivery Area,Updated 6-Feb-2020,-36.7687376,143.103172,21503140009,Yeungroon East,215031400,Buloke,Buloke,21270
3478,TRAYNORS LAGOON,VIC,Delivery Area,Updated 6-Feb-2020,-36.580721,142.9811028,21503140009,Yeungroon East,215031400,Buloke,Buloke,21270
3478,TULKARA,VIC,Delivery Area,Updated 6-Feb-2020,-36.9558572,143.0349787,21503140009,Yeungroon East,215031400,Buloke,Buloke,21270
3478,WARRENMANG,VIC,Delivery Area,Updated 6-Feb-2020,-37.0322669,143.3014138,21503140009,Yeungroon East,215031400,Buloke,Buloke,21270
3478,YAWONG HILLS,VIC,Delivery Area,Updated 6-Feb-2020,-36.4873208,143.3510805,21503140009,Yeungroon East,215031400,Buloke,Buloke,21270
3480,AREEGRA,VIC,Delivery Area,Updated 6-Feb-2020,-36.2803801,142.7065456,21503140021,Donald,215031400,Buloke,Yarriambiack,27630
3480,BANYENONG,VIC,Delivery Area,Updated 6-Feb-2020,-36.2609932,143.0430383,21503140021,Donald,215031400,Buloke,Yarriambiack,27630
3480,BOOLITE,VIC,Delivery Area,Updated 6-Feb-2020,-36.3422079,142.6663706,21503140021,Donald,215031400,Buloke,Yarriambiack,27630
3480,CARRON,VIC,Delivery Area,Updated 6-Feb-2020,-36.2838631,142.7439213,21503140021,Donald,215031400,Buloke,Yarriambiack,27630
3480,COPE COPE,VIC,Delivery Area,Updated 6-Feb-2020,-36.4595313,142.964233,21503140021,Donald,215031400,Buloke,Yarriambiack,27630
3480,CORACK,VIC,Delivery Area,Updated 6-Feb-2020,-36.1989563,143.026752,21503140021,Donald,215031400,Buloke,Yarriambiack,27630
3480,CORACK EAST,VIC,Delivery Area,Updated 6-Feb-2020,-36.1676174,143.1091543,21503140021,Donald,215031400,Buloke,Yarriambiack,27630
3480,DONALD,VIC,Delivery Area,Updated 6-Feb-2020,-36.3694068,142.9819619,21503140021,Donald,215031400,Buloke,Yarriambiack,27630
3480,GIL GIL,VIC,Delivery Area,Updated 6-Feb-2020,-36.3361978,143.0752857,21503140021,Donald,215031400,Buloke,Yarriambiack,27630
3480,JEFFCOTT,VIC,Delivery Area,Updated 6-Feb-2020,-36.274215,143.139624,21503140021,Donald,215031400,Buloke,Yarriambiack,27630
3480,JEFFCOTT NORTH,VIC,Delivery Area,Updated 6-Feb-2020,-36.2505994,143.0905746,21503140021,Donald,215031400,Buloke,Yarriambiack,27630
3480,LAEN,VIC,Delivery Area,Updated 6-Feb-2020,-36.4313084,142.8135209,21503140021,Donald,215031400,Buloke,Yarriambiack,27630
3480,LAEN EAST,VIC,Delivery Area,Updated 6-Feb-2020,-36.3981546,142.9022519,21503140021,Donald,215031400,Buloke,Yarriambiack,27630
3480,LAEN NORTH,VIC,Delivery Area,Updated 6-Feb-2020,-36.3558441,142.8253033,21503140021,Donald,215031400,Buloke,Yarriambiack,27630
3480,LAKE BULOKE,VIC,Delivery Area,Updated 6-Feb-2020,-36.263595,142.9707014,21503140021,Donald,215031400,Buloke,Yarriambiack,27630
3480,LAWLER,VIC,Delivery Area,Updated 6-Feb-2020,-36.3857774,142.7522709,21503140021,Donald,215031400,Buloke,Yarriambiack,27630
3480,LITCHFIELD,VIC,Delivery Area,Updated 6-Feb-2020,-36.2951068,142.8156034,21503140021,Donald,215031400,Buloke,Yarriambiack,27630
3480,RICH AVON,VIC,Delivery Area,Updated 6-Feb-2020,-36.4449884,142.9077278,21503140021,Donald,215031400,Buloke,Yarriambiack,27630
3480,RICH AVON EAST,VIC,Delivery Area,Updated 6-Feb-2020,-36.4799327,142.9184342,21503140021,Donald,215031400,Buloke,Yarriambiack,27630
3480,RICH AVON WEST,VIC,Delivery Area,Updated 6-Feb-2020,-36.5021331,142.8074951,21503140021,Donald,215031400,Buloke,Yarriambiack,27630
3480,SWANWATER WEST,VIC,Delivery Area,Updated 6-Feb-2020,-36.5358402,142.9935811,21503140021,Donald,215031400,Buloke,Yarriambiack,27630
3482,MASSEY,VIC,Delivery Area,Updated 6-Feb-2020,-36.2332465,142.8954072,21503140016,Watchem West,215031400,Buloke,Yarriambiack,27630
3482,MORTON PLAINS,VIC,Delivery Area,Updated 6-Feb-2020,-36.084012,142.8668064,21503140016,Watchem West,215031400,Buloke,Yarriambiack,27630
3482,WARMUR,VIC,Delivery Area,Updated 6-Feb-2020,-36.0862874,142.7549562,21503140016,Watchem West,215031400,Buloke,Yarriambiack,27630
3482,WATCHEM,VIC,Delivery Area,Updated 6-Feb-2020,-36.1545324,142.8617484,21503140016,Watchem West,215031400,Buloke,Yarriambiack,27630
3482,WATCHEM WEST,VIC,Delivery Area,Updated 6-Feb-2020,-36.2008239,142.7700132,21503140016,Watchem West,215031400,Buloke,Yarriambiack,27630
3483,BALLAPUR,VIC,Delivery Area,Updated 6-Feb-2020,-35.9721684,142.7503873,21503140018,Birchip,215031400,Buloke,Buloke,21270
3483,BIRCHIP,VIC,Delivery Area,Updated 6-Feb-2020,-35.9833179,142.9145594,21503140018,Birchip,215031400,Buloke,Buloke,21270
3483,BIRCHIP WEST,VIC,Delivery Area,Updated 6-Feb-2020,-36.0436803,142.8076291,21503140018,Birchip,215031400,Buloke,Buloke,21270
3483,CURYO,VIC,Delivery Area,Updated 6-Feb-2020,-35.8092938,142.7648698,21503140018,Birchip,215031400,Buloke,Buloke,21270
3483,JIL JIL,VIC,Delivery Area,Updated 6-Feb-2020,-35.8218762,142.976087,21503140018,Birchip,215031400,Buloke,Buloke,21270
3483,KARYRIE,VIC,Delivery Area,Updated 6-Feb-2020,-35.9702789,142.8416475,21503140018,Birchip,215031400,Buloke,Buloke,21270
3483,KINNABULLA,VIC,Delivery Area,Updated 6-Feb-2020,-35.8927605,142.7960957,21503140018,Birchip,215031400,Buloke,Buloke,21270
3483,MARLBED,VIC,Delivery Area,Updated 6-Feb-2020,-35.8151223,142.8576993,21503140018,Birchip,215031400,Buloke,Buloke,21270
3483,NARRAPORT,VIC,Delivery Area,Updated 6-Feb-2020,-36.015576,143.056305,21503140018,Birchip,215031400,Buloke,Buloke,21270
3483,REEDY DAM,VIC,Delivery Area,Updated 6-Feb-2020,-35.940798,142.6380623,21503140018,Birchip,215031400,Buloke,Buloke,21270
3483,WHIRILY,VIC,Delivery Area,Updated 6-Feb-2020,-35.8960701,142.9772969,21503140018,Birchip,215031400,Buloke,Buloke,21270
3485,BANYAN,VIC,Delivery Area,Updated 6-Feb-2020,-35.6103603,142.8198735,21503140017,Willangie,215031400,Buloke,Buloke,21270
3485,WATCHUPGA,VIC,Delivery Area,Updated 6-Feb-2020,-35.7451698,142.6401908,21503140017,Willangie,215031400,Buloke,Buloke,21270
3485,WILLANGIE,VIC,Delivery Area,Updated 6-Feb-2020,-35.7563129,142.8384183,21503140017,Willangie,215031400,Buloke,Buloke,21270
3485,WOOMELANG,VIC,Delivery Area,Updated 6-Feb-2020,-35.683333,142.666667,21503140017,Willangie,215031400,Buloke,Buloke,21270
3487,LASCELLES,VIC,Delivery Area,Updated 6-Feb-2020,-35.5546022,142.5959129,21501139419,Woomelang,215011394,Yarriambiack,Yarriambiack,27630
3488,SPEED,VIC,Delivery Area,Updated 6-Feb-2020,-35.3897214,142.4362235,21503140003,Tyrrell Downs,215031400,Buloke,Buloke,21270
3488,TURRIFF,VIC,Delivery Area,Updated 6-Feb-2020,-35.4989,142.494,21503140003,Tyrrell Downs,215031400,Buloke,Buloke,21270
3488,TURRIFF EAST,VIC,Delivery Area,Updated 6-Feb-2020,-35.4475891,142.5840699,21503140003,Tyrrell Downs,215031400,Buloke,Buloke,21270
3489,TEMPY,VIC,Delivery Area,Updated 6-Feb-2020,-35.3151716,142.4039296,21502139811,Walpeup,215021398,Mildura Surrounds,Mildura,24780
3490,BIG DESERT,VIC,Delivery Area,Updated 6-Feb-2020,-35.6209,141.485,21502139812,Underbool,215021398,Mildura Surrounds,Hindmarsh,22980
3490,BOINKA,VIC,Delivery Area,Updated 6-Feb-2020,-35.2044399,141.5929146,21502139812,Underbool,215021398,Mildura Surrounds,Hindmarsh,22980
3490,KULWIN,VIC,Delivery Area,Updated 6-Feb-2020,-34.9868269,142.5936157,21502139812,Underbool,215021398,Mildura Surrounds,Hindmarsh,22980
3490,MITTYACK,VIC,Delivery Area,Updated 6-Feb-2020,-35.1565,142.658,21502139812,Underbool,215021398,Mildura Surrounds,Hindmarsh,22980
3490,MURRAY-SUNSET,VIC,Delivery Area,Updated 6-Feb-2020,-35.0396,141.72,21502139812,Underbool,215021398,Mildura Surrounds,Hindmarsh,22980
3490,OUYEN,VIC,Delivery Area,Updated 6-Feb-2020,-35.0725808,142.3187749,21502139812,Underbool,215021398,Mildura Surrounds,Hindmarsh,22980
3490,TORRITA,VIC,Delivery Area,Updated 6-Feb-2020,-35.1248266,141.9391395,21502139812,Underbool,215021398,Mildura Surrounds,Hindmarsh,22980
3490,TUTYE,VIC,Delivery Area,Updated 6-Feb-2020,-35.2844072,141.4966948,21502139812,Underbool,215021398,Mildura Surrounds,Hindmarsh,22980
3491,PATCHEWOLLOCK,VIC,Delivery Area,Updated 6-Feb-2020,-35.394936,142.1063337,21502139811,Walpeup,215021398,Mildura Surrounds,Mildura,24780
3494,CARWARP,VIC,Delivery Area,Updated 6-Feb-2020,-34.4593153,142.2033193,21502139807,Colignan,215021398,Mildura Surrounds,Mildura,24780
3494,COLIGNAN,VIC,Delivery Area,Updated 6-Feb-2020,-34.55,142.383333,21502139807,Colignan,215021398,Mildura Surrounds,Mildura,24780
3494,IRAAK,VIC,Delivery Area,Updated 6-Feb-2020,-34.416667,142.316667,21502139807,Colignan,215021398,Mildura Surrounds,Mildura,24780
3494,NANGILOC,VIC,Delivery Area,Updated 6-Feb-2020,-34.4741667,142.3513591,21502139807,Colignan,215021398,Mildura Surrounds,Mildura,24780
3496,CARDROSS,VIC,Delivery Area,Updated 6-Feb-2020,-34.3,142.15,21502139917,Red Cliffs,215021399,Red Cliffs,Mildura,24780
3496,CULLULLERAINE,VIC,Delivery Area,Updated 6-Feb-2020,-34.1905541,141.6192258,21502139917,Red Cliffs,215021399,Red Cliffs,Mildura,24780
3496,LINDSAY POINT,VIC,Delivery Area,Updated 6-Feb-2020,-34.1,141.017,21502139917,Red Cliffs,215021399,Red Cliffs,Mildura,24780
3496,MERINGUR,VIC,Delivery Area,Updated 6-Feb-2020,-34.3883964,141.3354325,21502139917,Red Cliffs,215021399,Red Cliffs,Mildura,24780
3496,MERRINEE,VIC,Delivery Area,Updated 6-Feb-2020,-34.3837902,141.6997043,21502139917,Red Cliffs,215021399,Red Cliffs,Mildura,24780
3496,MURRAY LOCK NO 9,VIC,Delivery Area,Updated 6-Feb-2020,-34.3907,141.431,21502139917,Red Cliffs,215021399,Red Cliffs,Mildura,24780
3496,NEDS CORNER,VIC,Delivery Area,Updated 6-Feb-2020,-34.274805,141.263471,21502139917,Red Cliffs,215021399,Red Cliffs,Mildura,24780
3496,RED CLIFFS,VIC,Delivery Area,Updated 6-Feb-2020,-34.3075,142.188056,21502139917,Red Cliffs,215021399,Red Cliffs,Mildura,24780
3496,SUNNYCLIFFS,VIC,Delivery Area,Updated 6-Feb-2020,-34.2877089,142.1863316,21502139917,Red Cliffs,215021399,Red Cliffs,Mildura,24780
3496,WERRIMULL,VIC,Delivery Area,Updated 6-Feb-2020,-34.4115116,141.4462452,21502139917,Red Cliffs,215021399,Red Cliffs,Mildura,24780
3498,IRYMPLE,VIC,Delivery Area,Updated 6-Feb-2020,-34.2495272,142.159382,21502139524,Irymple (Vic.),215021395,Irymple,Mildura,24780
3500,MILDURA,VIC,Delivery Area,Updated 6-Feb-2020,-34.2151229,142.1169401,21502147032,Mildura,215021470,Mildura - South,Mildura,24780
3500,MILDURA EAST,VIC,Delivery Area,Updated 6-Feb-2020,-34.2151229,142.1169401,21502147032,Mildura,215021470,Mildura - South,Mildura,24780
3500,MILDURA WEST,VIC,Delivery Area,Updated 6-Feb-2020,-34.1794783,142.1513862,21502147032,Mildura,215021470,Mildura - South,Mildura,24780
3501,HATTAH,VIC,Delivery Area,Updated 6-Feb-2020,-34.7711842,142.38679,21502139815,Mildura,215021398,Mildura Surrounds,Swan Hill,26610
3501,KOORLONG,VIC,Delivery Area,Updated 6-Feb-2020,-34.2479402,142.0423986,21502139815,Mildura,215021398,Mildura Surrounds,Swan Hill,26610
3501,MILDURA CENTRE PLAZA,VIC,Delivery Area,Updated 6-Feb-2020,-34.2085418,142.1401443,21502139815,Mildura,215021398,Mildura Surrounds,Swan Hill,26610
3501,MILDURA SOUTH,VIC,Delivery Area,Updated 6-Feb-2020,-34.2134642,142.1273099,21502139815,Mildura,215021398,Mildura Surrounds,Swan Hill,26610
3501,NICHOLS POINT,VIC,Delivery Area,Updated 6-Feb-2020,-34.2076592,142.2018502,21502139815,Mildura,215021398,Mildura Surrounds,Swan Hill,26610
3505,BIRDWOODTON,VIC,Delivery Area,Updated 6-Feb-2020,-34.196389,142.058611,21502147004,Mildura,215021470,Mildura - South,Mildura,24780
3505,CABARITA,VIC,Delivery Area,Updated 6-Feb-2020,-34.2,142.083,21502147004,Mildura,215021470,Mildura - South,Mildura,24780
3505,MERBEIN,VIC,Delivery Area,Updated 6-Feb-2020,-34.1613339,142.0475029,21502147004,Mildura,215021470,Mildura - South,Mildura,24780
3505,MERBEIN SOUTH,VIC,Delivery Area,Updated 6-Feb-2020,-34.2188002,142.0301484,21502147004,Mildura,215021470,Mildura - South,Mildura,24780
3505,MERBEIN WEST,VIC,Delivery Area,Updated 6-Feb-2020,-34.165556,142.008333,21502147004,Mildura,215021470,Mildura - South,Mildura,24780
3505,WARGAN,VIC,Delivery Area,Updated 6-Feb-2020,-34.1996653,141.9939074,21502147004,Mildura,215021470,Mildura - South,Mildura,24780
3505,YELTA,VIC,Delivery Area,Updated 6-Feb-2020,-34.1372058,142.0228245,21502147004,Mildura,215021470,Mildura - South,Mildura,24780
3506,COWANGIE,VIC,Delivery Area,Updated 6-Feb-2020,-35.1766811,141.3679914,21502139812,Underbool,215021398,Mildura Surrounds,Mildura,24780
3507,WALPEUP,VIC,Delivery Area,Updated 6-Feb-2020,-35.115573,142.0639245,21502139811,Walpeup,215021398,Mildura Surrounds,Mildura,24780
3509,LINGA,VIC,Delivery Area,Updated 6-Feb-2020,-35.1696885,141.6967912,21502139812,Underbool,215021398,Mildura Surrounds,Mildura,24780
3509,UNDERBOOL,VIC,Delivery Area,Updated 6-Feb-2020,-35.1707397,141.808038,21502139812,Underbool,215021398,Mildura Surrounds,Mildura,24780
3512,CARINA,VIC,Delivery Area,Updated 6-Feb-2020,-35.2141613,141.0951097,21502139814,Murrayville,215021398,Mildura Surrounds,Mildura,24780
3512,MURRAYVILLE,VIC,Delivery Area,Updated 6-Feb-2020,-35.262222,141.183333,21502139814,Murrayville,215021398,Mildura Surrounds,Mildura,24780
3512,PANITYA,VIC,Delivery Area,Updated 6-Feb-2020,-35.238,140.991,21502139814,Murrayville,215021398,Mildura Surrounds,Mildura,24780
3515,MARONG,VIC,Delivery Area,Updated 6-Feb-2020,-36.733333,144.133333,20203103306,Woodstock West,202031033,Loddon,Mount Alexander,25430
3515,SHELBOURNE,VIC,Delivery Area,Updated 6-Feb-2020,-36.847,144.073,20203103306,Woodstock West,202031033,Loddon,Mount Alexander,25430
3515,WILSONS HILL,VIC,Delivery Area,Updated 6-Feb-2020,-36.7284144,144.1077024,20203103306,Woodstock West,202031033,Loddon,Mount Alexander,25430
3516,BRIDGEWATER,VIC,Delivery Area,Updated 6-Feb-2020,-36.6047192,143.9405609,20203103303,Yarraberb,202031033,Loddon,Greater Bendigo,22620
3516,BRIDGEWATER NORTH,VIC,Delivery Area,Updated 6-Feb-2020,-36.5547664,143.9983577,20203103303,Yarraberb,202031033,Loddon,Greater Bendigo,22620
3516,BRIDGEWATER ON LODDON,VIC,Delivery Area,Updated 6-Feb-2020,-36.6047192,143.9405609,20203103303,Yarraberb,202031033,Loddon,Greater Bendigo,22620
3516,DERBY,VIC,Delivery Area,Updated 6-Feb-2020,-36.6593499,144.0078813,20203103303,Yarraberb,202031033,Loddon,Greater Bendigo,22620
3516,LEICHARDT,VIC,Delivery Area,Updated 6-Feb-2020,-36.6812208,144.1144787,20203103303,Yarraberb,202031033,Loddon,Greater Bendigo,22620
3516,YARRABERB,VIC,Delivery Area,Updated 6-Feb-2020,-36.6048366,144.0383058,20203103303,Yarraberb,202031033,Loddon,Greater Bendigo,22620
3517,BEARS LAGOON,VIC,Delivery Area,Updated 6-Feb-2020,-36.3439954,143.9748939,20203103322,Inglewood (Vic.),202031033,Loddon,Loddon,23940
3517,BRENANAH,VIC,Delivery Area,Updated 6-Feb-2020,-36.5576225,143.6992998,20203103322,Inglewood (Vic.),202031033,Loddon,Loddon,23940
3517,BULLABUL,VIC,Delivery Area,Updated 6-Feb-2020,-36.616,143.893,20203103322,Inglewood (Vic.),202031033,Loddon,Loddon,23940
3517,GLENALBYN,VIC,Delivery Area,Updated 6-Feb-2020,-36.4886713,143.7189525,20203103322,Inglewood (Vic.),202031033,Loddon,Loddon,23940
3517,INGLEWOOD,VIC,Delivery Area,Updated 6-Feb-2020,-36.576389,143.868889,20203103322,Inglewood (Vic.),202031033,Loddon,Loddon,23940
3517,JARKLIN,VIC,Delivery Area,Updated 6-Feb-2020,-36.2391629,143.9708139,20203103322,Inglewood (Vic.),202031033,Loddon,Loddon,23940
3517,KINGOWER,VIC,Delivery Area,Updated 6-Feb-2020,-36.602269,143.7785224,20203103322,Inglewood (Vic.),202031033,Loddon,Loddon,23940
3517,KURTING,VIC,Delivery Area,Updated 6-Feb-2020,-36.5381593,143.8257746,20203103322,Inglewood (Vic.),202031033,Loddon,Loddon,23940
3517,POWLETT PLAINS,VIC,Delivery Area,Updated 6-Feb-2020,-36.4730372,143.845799,20203103322,Inglewood (Vic.),202031033,Loddon,Loddon,23940
3517,RHEOLA,VIC,Delivery Area,Updated 6-Feb-2020,-36.6464456,143.7013326,20203103322,Inglewood (Vic.),202031033,Loddon,Loddon,23940
3517,SALISBURY WEST,VIC,Delivery Area,Updated 6-Feb-2020,-36.5024066,143.969794,20203103322,Inglewood (Vic.),202031033,Loddon,Loddon,23940
3517,SERPENTINE,VIC,Delivery Area,Updated 6-Feb-2020,-36.4113541,143.9793141,20203103322,Inglewood (Vic.),202031033,Loddon,Loddon,23940
3518,BERRIMAL,VIC,Delivery Area,Updated 6-Feb-2020,-36.4821643,143.5022376,21503140009,Yeungroon East,215031400,Buloke,Buloke,21270
3518,BORUNG,VIC,Delivery Area,Updated 6-Feb-2020,-36.308012,143.8037198,21503140009,Yeungroon East,215031400,Buloke,Buloke,21270
3518,FENTONS CREEK,VIC,Delivery Area,Updated 6-Feb-2020,-36.5562359,143.5647819,21503140009,Yeungroon East,215031400,Buloke,Buloke,21270
3518,FERNIHURST,VIC,Delivery Area,Updated 6-Feb-2020,-36.245004,143.8736382,21503140009,Yeungroon East,215031400,Buloke,Buloke,21270
3518,FIERY FLAT,VIC,Delivery Area,Updated 6-Feb-2020,-36.3982072,143.7901508,21503140009,Yeungroon East,215031400,Buloke,Buloke,21270
3518,KURRACA,VIC,Delivery Area,Updated 6-Feb-2020,-36.5035155,143.6173553,21503140009,Yeungroon East,215031400,Buloke,Buloke,21270
3518,KURRACA WEST,VIC,Delivery Area,Updated 6-Feb-2020,-36.5202438,143.5598436,21503140009,Yeungroon East,215031400,Buloke,Buloke,21270
3518,MYSIA,VIC,Delivery Area,Updated 6-Feb-2020,-36.2033155,143.7708834,21503140009,Yeungroon East,215031400,Buloke,Buloke,21270
3518,NINE MILE,VIC,Delivery Area,Updated 6-Feb-2020,-36.4612141,143.4179432,21503140009,Yeungroon East,215031400,Buloke,Buloke,21270
3518,RICHMOND PLAINS,VIC,Delivery Area,Updated 6-Feb-2020,-36.3866606,143.5331803,21503140009,Yeungroon East,215031400,Buloke,Buloke,21270
3518,SKINNERS FLAT,VIC,Delivery Area,Updated 6-Feb-2020,-36.3593165,143.5970521,21503140009,Yeungroon East,215031400,Buloke,Buloke,21270
3518,WEDDERBURN,VIC,Delivery Area,Updated 6-Feb-2020,-36.416667,143.616667,21503140009,Yeungroon East,215031400,Buloke,Buloke,21270
3518,WEDDERBURN JUNCTION,VIC,Delivery Area,Updated 6-Feb-2020,-36.435249,143.6891367,21503140009,Yeungroon East,215031400,Buloke,Buloke,21270
3518,WEHLA,VIC,Delivery Area,Updated 6-Feb-2020,-36.601821,143.6454503,21503140009,Yeungroon East,215031400,Buloke,Buloke,21270
3518,WOOLSHED FLAT,VIC,Delivery Area,Updated 6-Feb-2020,-36.3116753,143.6781281,21503140009,Yeungroon East,215031400,Buloke,Buloke,21270
3518,WOOSANG,VIC,Delivery Area,Updated 6-Feb-2020,-36.3056843,143.4505249,21503140009,Yeungroon East,215031400,Buloke,Buloke,21270
3520,KINYPANIAL,VIC,Delivery Area,Updated 6-Feb-2020,-36.353301,143.7520153,20203103311,Wedderburn Junction,202031033,Loddon,Loddon,23940
3520,KORONG VALE,VIC,Delivery Area,Updated 6-Feb-2020,-36.3557749,143.695912,20203103311,Wedderburn Junction,202031033,Loddon,Loddon,23940
3520,SOUTH KINYPANIAL,VIC,Delivery Area,Updated 6-Feb-2020,-36.3533,143.752,20203103311,Wedderburn Junction,202031033,Loddon,Loddon,23940
3521,PYALONG,VIC,Delivery Area,Updated 6-Feb-2020,-37.0989702,144.851121,20401106009,Pyalong,204011060,Seymour Surrounds,Mitchell,24850
3522,EMU FLAT,VIC,Delivery Area,Updated 6-Feb-2020,-37.122134,144.752773,20401106010,Tooborac,204011060,Seymour Surrounds,Mitchell,24850
3522,GLENHOPE EAST,VIC,Delivery Area,Updated 6-Feb-2020,-37.0704,144.706,20401106010,Tooborac,204011060,Seymour Surrounds,Mitchell,24850
3522,TOOBORAC,VIC,Delivery Area,Updated 6-Feb-2020,-37.0884579,144.7554106,20401106010,Tooborac,204011060,Seymour Surrounds,Mitchell,24850
3523,ARGYLE,VIC,Delivery Area,Updated 6-Feb-2020,-36.9470859,144.7227565,21601141003,Toolleen,216011410,Rushworth,Mitchell,24850
3523,COSTERFIELD,VIC,Delivery Area,Updated 6-Feb-2020,-36.866095,144.7817187,21601141003,Toolleen,216011410,Rushworth,Mitchell,24850
3523,DERRINAL,VIC,Delivery Area,Updated 6-Feb-2020,-36.9051176,144.557682,21601141003,Toolleen,216011410,Rushworth,Mitchell,24850
3523,HEATHCOTE,VIC,Delivery Area,Updated 6-Feb-2020,-36.916667,144.7,21601141003,Toolleen,216011410,Rushworth,Mitchell,24850
3523,HEATHCOTE SOUTH,VIC,Delivery Area,Updated 6-Feb-2020,-37.0221951,144.7082568,21601141003,Toolleen,216011410,Rushworth,Mitchell,24850
3523,KNOWSLEY,VIC,Delivery Area,Updated 6-Feb-2020,-36.8255256,144.5849219,21601141003,Toolleen,216011410,Rushworth,Mitchell,24850
3523,LADYS PASS,VIC,Delivery Area,Updated 6-Feb-2020,-36.8260392,144.6862995,21601141003,Toolleen,216011410,Rushworth,Mitchell,24850
3523,MOORMBOOL WEST,VIC,Delivery Area,Updated 6-Feb-2020,-36.8382977,144.8610895,21601141003,Toolleen,216011410,Rushworth,Mitchell,24850
3523,MOUNT CAMEL,VIC,Delivery Area,Updated 6-Feb-2020,-36.8311507,144.7309063,21601141003,Toolleen,216011410,Rushworth,Mitchell,24850
3523,REDCASTLE,VIC,Delivery Area,Updated 6-Feb-2020,-36.7704954,144.7611153,21601141003,Toolleen,216011410,Rushworth,Mitchell,24850
3525,BARRAKEE,VIC,Delivery Area,Updated 6-Feb-2020,-36.2914398,143.4666497,21503140012,Charlton (Vic.),215031400,Buloke,Loddon,23940
3525,BUCKRABANYULE,VIC,Delivery Area,Updated 6-Feb-2020,-36.3391603,143.5965629,21503140012,Charlton (Vic.),215031400,Buloke,Loddon,23940
3525,CHARLTON,VIC,Delivery Area,Updated 6-Feb-2020,-36.2678624,143.3510486,21503140012,Charlton (Vic.),215031400,Buloke,Loddon,23940
3525,CHIRRIP,VIC,Delivery Area,Updated 6-Feb-2020,-36.1675,143.157,21503140012,Charlton (Vic.),215031400,Buloke,Loddon,23940
3525,GRANITE FLAT,VIC,Delivery Area,Updated 6-Feb-2020,-36.1945016,143.1342358,21503140012,Charlton (Vic.),215031400,Buloke,Loddon,23940
3525,JEFFCOTT,VIC,Delivery Area,Updated 6-Feb-2020,-36.2742,143.14,21503140012,Charlton (Vic.),215031400,Buloke,Loddon,23940
3525,JEFFCOTT NORTH,VIC,Delivery Area,Updated 6-Feb-2020,-36.2506,143.091,21503140012,Charlton (Vic.),215031400,Buloke,Loddon,23940
3525,LAKE MARMAL,VIC,Delivery Area,Updated 6-Feb-2020,-36.0761482,143.5395558,21503140012,Charlton (Vic.),215031400,Buloke,Loddon,23940
3525,NAREEWILLOCK,VIC,Delivery Area,Updated 6-Feb-2020,-36.1840109,143.4206435,21503140012,Charlton (Vic.),215031400,Buloke,Loddon,23940
3525,TEDDYWADDY,VIC,Delivery Area,Updated 6-Feb-2020,-36.1986681,143.3390004,21503140012,Charlton (Vic.),215031400,Buloke,Loddon,23940
3525,TEDDYWADDY WEST,VIC,Delivery Area,Updated 6-Feb-2020,-36.1914693,143.2074942,21503140012,Charlton (Vic.),215031400,Buloke,Loddon,23940
3525,TERRAPPEE,VIC,Delivery Area,Updated 6-Feb-2020,-36.1575077,143.5747227,21503140012,Charlton (Vic.),215031400,Buloke,Loddon,23940
3525,WOOROONOOK,VIC,Delivery Area,Updated 6-Feb-2020,-36.2633328,143.1997051,21503140012,Charlton (Vic.),215031400,Buloke,Loddon,23940
3525,WYCHITELLA,VIC,Delivery Area,Updated 6-Feb-2020,-36.2468803,143.5503753,21503140012,Charlton (Vic.),215031400,Buloke,Loddon,23940
3525,WYCHITELLA NORTH,VIC,Delivery Area,Updated 6-Feb-2020,-36.2050299,143.6297904,21503140012,Charlton (Vic.),215031400,Buloke,Loddon,23940
3525,YEUNGROON,VIC,Delivery Area,Updated 6-Feb-2020,-36.3796429,143.2924834,21503140012,Charlton (Vic.),215031400,Buloke,Loddon,23940
3525,YEUNGROON EAST,VIC,Delivery Area,Updated 6-Feb-2020,-36.3294282,143.4213853,21503140012,Charlton (Vic.),215031400,Buloke,Loddon,23940
3527,BUNGULUKE,VIC,Delivery Area,Updated 6-Feb-2020,-36.067963,143.3808229,21503140109,Quambatook,215031401,Gannawarra,Loddon,23940
3527,DUMOSA,VIC,Delivery Area,Updated 6-Feb-2020,-35.9439979,143.2331487,21503140109,Quambatook,215031401,Gannawarra,Loddon,23940
3527,GLENLOTH,VIC,Delivery Area,Updated 6-Feb-2020,-36.141508,143.3403702,21503140109,Quambatook,215031401,Gannawarra,Loddon,23940
3527,GLENLOTH EAST,VIC,Delivery Area,Updated 6-Feb-2020,-36.0633484,143.4479313,21503140109,Quambatook,215031401,Gannawarra,Loddon,23940
3527,JERUK,VIC,Delivery Area,Updated 6-Feb-2020,-36.0138,143.426,21503140109,Quambatook,215031401,Gannawarra,Loddon,23940
3527,NINYEUNOOK,VIC,Delivery Area,Updated 6-Feb-2020,-35.9574,143.421,21503140109,Quambatook,215031401,Gannawarra,Loddon,23940
3527,TEDDYWADDY,VIC,Delivery Area,Updated 6-Feb-2020,-36.1987,143.339,21503140109,Quambatook,215031401,Gannawarra,Loddon,23940
3527,TEDDYWADDY WEST,VIC,Delivery Area,Updated 6-Feb-2020,-36.1915,143.207,21503140109,Quambatook,215031401,Gannawarra,Loddon,23940
3527,THALIA,VIC,Delivery Area,Updated 6-Feb-2020,-36.0917817,143.1322198,21503140109,Quambatook,215031401,Gannawarra,Loddon,23940
3527,TOWANINNY,VIC,Delivery Area,Updated 6-Feb-2020,-35.8695891,143.3196996,21503140109,Quambatook,215031401,Gannawarra,Loddon,23940
3527,TOWANINNY SOUTH,VIC,Delivery Area,Updated 6-Feb-2020,-35.9138937,143.3591023,21503140109,Quambatook,215031401,Gannawarra,Loddon,23940
3527,WYCHEPROOF,VIC,Delivery Area,Updated 6-Feb-2020,-36.077645,143.2271185,21503140109,Quambatook,215031401,Gannawarra,Loddon,23940
3527,WYCHEPROOF SOUTH,VIC,Delivery Area,Updated 6-Feb-2020,-36.1381074,143.1797045,21503140109,Quambatook,215031401,Gannawarra,Loddon,23940
3529,KALPIENUNG,VIC,Delivery Area,Updated 6-Feb-2020,-35.8374233,143.2631343,21503140019,Warne,215031400,Buloke,Buloke,21270
3529,NULLAWIL,VIC,Delivery Area,Updated 6-Feb-2020,-35.8508477,143.1747947,21503140019,Warne,215031400,Buloke,Buloke,21270
3530,CULGOA,VIC,Delivery Area,Updated 6-Feb-2020,-35.7178452,143.1040248,21503140019,Warne,215031400,Buloke,Buloke,21270
3530,SUTTON,VIC,Delivery Area,Updated 6-Feb-2020,-35.7329,142.974,21503140019,Warne,215031400,Buloke,Buloke,21270
3530,WANGIE,VIC,Delivery Area,Updated 6-Feb-2020,-35.6918,143.261,21503140019,Warne,215031400,Buloke,Buloke,21270
3530,WARNE,VIC,Delivery Area,Updated 6-Feb-2020,-35.7767774,143.1063157,21503140019,Warne,215031400,Buloke,Buloke,21270
3531,BERRIWILLOCK,VIC,Delivery Area,Updated 6-Feb-2020,-35.6392202,142.9909246,21503140017,Willangie,215031400,Buloke,Buloke,21270
3531,BOIGBEAT,VIC,Delivery Area,Updated 6-Feb-2020,-35.5622958,142.9364681,21503140017,Willangie,215031400,Buloke,Buloke,21270
3531,SPRINGFIELD,VIC,Delivery Area,Updated 6-Feb-2020,-35.6512854,142.9170407,21503140017,Willangie,215031400,Buloke,Buloke,21270
3533,BIMBOURIE,VIC,Delivery Area,Updated 6-Feb-2020,-35.3120424,142.7691482,21503140015,Sea Lake,215031400,Buloke,Swan Hill,26610
3533,LAKE TYRRELL,VIC,Delivery Area,Updated 6-Feb-2020,-35.3479943,142.8321695,21503140015,Sea Lake,215031400,Buloke,Swan Hill,26610
3533,MITTYACK,VIC,Delivery Area,Updated 6-Feb-2020,-35.1564547,142.6579563,21503140015,Sea Lake,215031400,Buloke,Swan Hill,26610
3533,MYALL,VIC,Delivery Area,Updated 6-Feb-2020,-35.5365,142.756,21503140015,Sea Lake,215031400,Buloke,Swan Hill,26610
3533,NANDALY,VIC,Delivery Area,Updated 6-Feb-2020,-35.309015,142.7003871,21503140015,Sea Lake,215031400,Buloke,Swan Hill,26610
3533,NINDA,VIC,Delivery Area,Updated 6-Feb-2020,-35.4422222,142.7246975,21503140015,Sea Lake,215031400,Buloke,Swan Hill,26610
3533,NYARRIN,VIC,Delivery Area,Updated 6-Feb-2020,-35.38806,142.6858801,21503140015,Sea Lake,215031400,Buloke,Swan Hill,26610
3533,PIER MILAN,VIC,Delivery Area,Updated 6-Feb-2020,-35.2373,142.692,21503140015,Sea Lake,215031400,Buloke,Swan Hill,26610
3533,SEA LAKE,VIC,Delivery Area,Updated 6-Feb-2020,-35.5055413,142.8526896,21503140015,Sea Lake,215031400,Buloke,Swan Hill,26610
3533,STRATEN,VIC,Delivery Area,Updated 6-Feb-2020,-35.3797,142.576,21503140015,Sea Lake,215031400,Buloke,Swan Hill,26610
3533,TYENNA,VIC,Delivery Area,Updated 6-Feb-2020,-35.3047,142.615,21503140015,Sea Lake,215031400,Buloke,Swan Hill,26610
3533,TYRRELL,VIC,Delivery Area,Updated 6-Feb-2020,-35.454687,142.9628175,21503140015,Sea Lake,215031400,Buloke,Swan Hill,26610
3533,TYRRELL DOWNS,VIC,Delivery Area,Updated 6-Feb-2020,-35.3215442,142.9405394,21503140015,Sea Lake,215031400,Buloke,Swan Hill,26610
3537,BARRAPORT,VIC,Delivery Area,Updated 6-Feb-2020,-36.0307362,143.6965895,21503140109,Quambatook,215031401,Gannawarra,Gannawarra,22250
3537,BARRAPORT WEST,VIC,Delivery Area,Updated 6-Feb-2020,-36.0175961,143.5344625,21503140109,Quambatook,215031401,Gannawarra,Gannawarra,22250
3537,BOORT,VIC,Delivery Area,Updated 6-Feb-2020,-36.1169559,143.7250526,21503140109,Quambatook,215031401,Gannawarra,Gannawarra,22250
3537,CANARY ISLAND,VIC,Delivery Area,Updated 6-Feb-2020,-36.0104707,143.8733361,21503140109,Quambatook,215031401,Gannawarra,Gannawarra,22250
3537,CATUMNAL,VIC,Delivery Area,Updated 6-Feb-2020,-36.076324,143.6183305,21503140109,Quambatook,215031401,Gannawarra,Gannawarra,22250
3537,GREDGWIN,VIC,Delivery Area,Updated 6-Feb-2020,-35.9728747,143.6244804,21503140109,Quambatook,215031401,Gannawarra,Gannawarra,22250
3537,LEAGHUR,VIC,Delivery Area,Updated 6-Feb-2020,-35.9833393,143.7948997,21503140109,Quambatook,215031401,Gannawarra,Gannawarra,22250
3537,MINMINDIE,VIC,Delivery Area,Updated 6-Feb-2020,-36.0297692,143.7462434,21503140109,Quambatook,215031401,Gannawarra,Gannawarra,22250
3537,YANDO,VIC,Delivery Area,Updated 6-Feb-2020,-36.0888202,143.8003273,21503140109,Quambatook,215031401,Gannawarra,Gannawarra,22250
3540,CANNIE,VIC,Delivery Area,Updated 6-Feb-2020,-35.7545959,143.4441754,21503140109,Quambatook,215031401,Gannawarra,Gannawarra,22250
3540,NINYEUNOOK,VIC,Delivery Area,Updated 6-Feb-2020,-35.9573887,143.421335,21503140109,Quambatook,215031401,Gannawarra,Gannawarra,22250
3540,OAKVALE,VIC,Delivery Area,Updated 6-Feb-2020,-35.9300673,143.5432638,21503140109,Quambatook,215031401,Gannawarra,Gannawarra,22250
3540,QUAMBATOOK,VIC,Delivery Area,Updated 6-Feb-2020,-35.849937,143.5233295,21503140109,Quambatook,215031401,Gannawarra,Gannawarra,22250
3542,COKUM,VIC,Delivery Area,Updated 6-Feb-2020,-35.7546836,143.2568631,21503140108,Tittybong,215031401,Gannawarra,Buloke,21270
3542,LALBERT,VIC,Delivery Area,Updated 6-Feb-2020,-35.6732662,143.3740654,21503140108,Tittybong,215031401,Gannawarra,Buloke,21270
3542,TITTYBONG,VIC,Delivery Area,Updated 6-Feb-2020,-35.7527,143.363,21503140108,Tittybong,215031401,Gannawarra,Buloke,21270
3542,TITYBONG,VIC,Delivery Area,Updated 6-Feb-2020,-35.7527007,143.3634186,21503140108,Tittybong,215031401,Gannawarra,Buloke,21270
3544,CHINANGIN,VIC,Delivery Area,Updated 6-Feb-2020,-35.5235843,143.1831744,21503140506,Ultima East,215031405,Swan Hill Surrounds,Buloke,21270
3544,GOWANFORD,VIC,Delivery Area,Updated 6-Feb-2020,-35.4191942,143.1922414,21503140506,Ultima East,215031405,Swan Hill Surrounds,Buloke,21270
3544,MURNUNGIN,VIC,Delivery Area,Updated 6-Feb-2020,-35.6506681,143.2859904,21503140506,Ultima East,215031405,Swan Hill Surrounds,Buloke,21270
3544,SPRINGFIELD,VIC,Delivery Area,Updated 6-Feb-2020,-35.5747,143.114,21503140506,Ultima East,215031405,Swan Hill Surrounds,Buloke,21270
3544,ULTIMA,VIC,Delivery Area,Updated 6-Feb-2020,-35.4743019,143.2608146,21503140506,Ultima East,215031405,Swan Hill Surrounds,Buloke,21270
3544,ULTIMA EAST,VIC,Delivery Area,Updated 6-Feb-2020,-35.4398974,143.4032942,21503140506,Ultima East,215031405,Swan Hill Surrounds,Buloke,21270
3544,WAITCHIE,VIC,Delivery Area,Updated 6-Feb-2020,-35.3723473,143.1291611,21503140506,Ultima East,215031405,Swan Hill Surrounds,Buloke,21270
3546,BOLTON,VIC,Delivery Area,Updated 6-Feb-2020,-34.967947,142.8799207,21503140513,Manangatang,215031405,Swan Hill Surrounds,Swan Hill,26610
3546,CHINKAPOOK,VIC,Delivery Area,Updated 6-Feb-2020,-35.1909919,142.9480585,21503140513,Manangatang,215031405,Swan Hill Surrounds,Swan Hill,26610
3546,COCAMBA,VIC,Delivery Area,Updated 6-Feb-2020,-35.1169363,142.8945483,21503140513,Manangatang,215031405,Swan Hill Surrounds,Swan Hill,26610
3546,GERAHMIN,VIC,Delivery Area,Updated 6-Feb-2020,-35.1725068,142.7997774,21503140513,Manangatang,215031405,Swan Hill Surrounds,Swan Hill,26610
3546,MANANGATANG,VIC,Delivery Area,Updated 6-Feb-2020,-35.044592,142.8825176,21503140513,Manangatang,215031405,Swan Hill Surrounds,Swan Hill,26610
3546,TUROAR,VIC,Delivery Area,Updated 6-Feb-2020,-35.1546104,143.1350595,21503140513,Manangatang,215031405,Swan Hill Surrounds,Swan Hill,26610
3546,WINNAMBOOL,VIC,Delivery Area,Updated 6-Feb-2020,-34.9605247,142.7675567,21503140513,Manangatang,215031405,Swan Hill Surrounds,Swan Hill,26610
3549,ANNUELLO,VIC,Delivery Area,Updated 6-Feb-2020,-34.9069376,142.8676911,21503140507,Wemen,215031405,Swan Hill Surrounds,Swan Hill,26610
3549,BANNERTON,VIC,Delivery Area,Updated 6-Feb-2020,-34.6792687,142.8430709,21503140507,Wemen,215031405,Swan Hill Surrounds,Swan Hill,26610
3549,HAPPY VALLEY,VIC,Delivery Area,Updated 6-Feb-2020,-34.6630957,142.7185075,21503140507,Wemen,215031405,Swan Hill Surrounds,Swan Hill,26610
3549,LIPAROO,VIC,Delivery Area,Updated 6-Feb-2020,-34.7834895,142.5563713,21503140507,Wemen,215031405,Swan Hill Surrounds,Swan Hill,26610
3549,ROBINVALE,VIC,Delivery Area,Updated 6-Feb-2020,-34.5885119,142.777553,21503140507,Wemen,215031405,Swan Hill Surrounds,Swan Hill,26610
3549,ROBINVALE IRRIGATION DISTRICT SECTION B,VIC,Delivery Area,Updated 6-Feb-2020,-34.6175,142.784722,21503140507,Wemen,215031405,Swan Hill Surrounds,Swan Hill,26610
3549,ROBINVALE IRRIGATION DISTRICT SECTION C,VIC,Delivery Area,Updated 6-Feb-2020,-34.620833,142.729167,21503140507,Wemen,215031405,Swan Hill Surrounds,Swan Hill,26610
3549,ROBINVALE IRRIGATION DISTRICT SECTION D,VIC,Delivery Area,Updated 6-Feb-2020,-34.637778,142.756944,21503140507,Wemen,215031405,Swan Hill Surrounds,Swan Hill,26610
3549,ROBINVALE IRRIGATION DISTRICT SECTION E,VIC,Delivery Area,Updated 6-Feb-2020,-34.665556,142.758611,21503140507,Wemen,215031405,Swan Hill Surrounds,Swan Hill,26610
3549,TOL TOL,VIC,Delivery Area,Updated 6-Feb-2020,-34.649784,142.8473788,21503140507,Wemen,215031405,Swan Hill Surrounds,Swan Hill,26610
3549,WANDOWN,VIC,Delivery Area,Updated 6-Feb-2020,-34.8223212,142.9427616,21503140507,Wemen,215031405,Swan Hill Surrounds,Swan Hill,26610
3549,WEMEN,VIC,Delivery Area,Updated 6-Feb-2020,-34.77225,142.6523403,21503140507,Wemen,215031405,Swan Hill Surrounds,Swan Hill,26610
3550,BENDIGO,VIC,Delivery Area,Updated 6-Feb-2020,-36.764269,144.2786,20201102520,White Hills (Vic.),202011025,White Hills - Ascot,Greater Bendigo,22620
3550,BENDIGO SOUTH,VIC,Delivery Area,Updated 6-Feb-2020,-36.7764913,144.2982905,20201102520,White Hills (Vic.),202011025,White Hills - Ascot,Greater Bendigo,22620
3550,DIAMOND HILL,VIC,Delivery Area,Updated 6-Feb-2020,-36.8227939,144.269834,20201102520,White Hills (Vic.),202011025,White Hills - Ascot,Greater Bendigo,22620
3550,EAST BENDIGO,VIC,Delivery Area,Updated 6-Feb-2020,-36.7430053,144.3193914,20201102520,White Hills (Vic.),202011025,White Hills - Ascot,Greater Bendigo,22620
3550,FLORA HILL,VIC,Delivery Area,Updated 6-Feb-2020,-36.7793071,144.2948079,20201102520,White Hills (Vic.),202011025,White Hills - Ascot,Greater Bendigo,22620
3550,IRONBARK,VIC,Delivery Area,Updated 6-Feb-2020,-36.7555238,144.2634067,20201102520,White Hills (Vic.),202011025,White Hills - Ascot,Greater Bendigo,22620
3550,KENNINGTON,VIC,Delivery Area,Updated 6-Feb-2020,-36.768937,144.305733,20201102520,White Hills (Vic.),202011025,White Hills - Ascot,Greater Bendigo,22620
3550,LONG GULLY,VIC,Delivery Area,Updated 6-Feb-2020,-36.7425683,144.256582,20201102520,White Hills (Vic.),202011025,White Hills - Ascot,Greater Bendigo,22620
3550,NORTH BENDIGO,VIC,Delivery Area,Updated 6-Feb-2020,-36.7359634,144.2784231,20201102520,White Hills (Vic.),202011025,White Hills - Ascot,Greater Bendigo,22620
3550,QUARRY HILL,VIC,Delivery Area,Updated 6-Feb-2020,-36.766667,144.283333,20201102520,White Hills (Vic.),202011025,White Hills - Ascot,Greater Bendigo,22620
3550,SANDHURST EAST,VIC,Delivery Area,Updated 6-Feb-2020,-36.7304,144.263,20201102520,White Hills (Vic.),202011025,White Hills - Ascot,Greater Bendigo,22620
3550,SPRING GULLY,VIC,Delivery Area,Updated 6-Feb-2020,-36.7976791,144.2866151,20201102520,White Hills (Vic.),202011025,White Hills - Ascot,Greater Bendigo,22620
3550,STRATHDALE,VIC,Delivery Area,Updated 6-Feb-2020,-36.7632753,144.3166595,20201102520,White Hills (Vic.),202011025,White Hills - Ascot,Greater Bendigo,22620
3550,TYSONS REEF,VIC,Delivery Area,Updated 6-Feb-2020,-36.7458,144.289,20201102520,White Hills (Vic.),202011025,White Hills - Ascot,Greater Bendigo,22620
3550,WEST BENDIGO,VIC,Delivery Area,Updated 6-Feb-2020,-36.7529342,144.2456637,20201102520,White Hills (Vic.),202011025,White Hills - Ascot,Greater Bendigo,22620
3550,WHITE HILLS,VIC,Delivery Area,Updated 6-Feb-2020,-36.733333,144.3,20201102520,White Hills (Vic.),202011025,White Hills - Ascot,Greater Bendigo,22620
3551,ARNOLD,VIC,Delivery Area,Updated 6-Feb-2020,-36.6723618,143.8186485,21601141003,Toolleen,216011410,Rushworth,Mount Alexander,25430
3551,ARNOLD WEST,VIC,Delivery Area,Updated 6-Feb-2020,-36.6848161,143.7816296,21601141003,Toolleen,216011410,Rushworth,Mount Alexander,25430
3551,ASCOT,VIC,Delivery Area,Updated 6-Feb-2020,-36.711109,144.332462,21601141003,Toolleen,216011410,Rushworth,Mount Alexander,25430
3551,AXE CREEK,VIC,Delivery Area,Updated 6-Feb-2020,-36.8363648,144.3938706,21601141003,Toolleen,216011410,Rushworth,Mount Alexander,25430
3551,AXEDALE,VIC,Delivery Area,Updated 6-Feb-2020,-36.7768707,144.5040073,21601141003,Toolleen,216011410,Rushworth,Mount Alexander,25430
3551,BAGSHOT,VIC,Delivery Area,Updated 6-Feb-2020,-36.6736721,144.3870348,21601141003,Toolleen,216011410,Rushworth,Mount Alexander,25430
3551,BAGSHOT NORTH,VIC,Delivery Area,Updated 6-Feb-2020,-36.599462,144.4263487,21601141003,Toolleen,216011410,Rushworth,Mount Alexander,25430
3551,BENDIGO FORWARD,VIC,Delivery Area,Updated 6-Feb-2020,-36.757,144.279,21601141003,Toolleen,216011410,Rushworth,Mount Alexander,25430
3551,CORNELLA,VIC,Delivery Area,Updated 6-Feb-2020,-36.7126769,144.7723228,21601141003,Toolleen,216011410,Rushworth,Mount Alexander,25430
3551,CREEK VIEW,VIC,Delivery Area,Updated 6-Feb-2020,-36.6975,144.328,21601141003,Toolleen,216011410,Rushworth,Mount Alexander,25430
3551,EMU CREEK,VIC,Delivery Area,Updated 6-Feb-2020,-36.8485227,144.3521811,21601141003,Toolleen,216011410,Rushworth,Mount Alexander,25430
3551,EPPALOCK,VIC,Delivery Area,Updated 6-Feb-2020,-36.8512465,144.4561033,21601141003,Toolleen,216011410,Rushworth,Mount Alexander,25430
3551,EPSOM,VIC,Delivery Area,Updated 6-Feb-2020,-36.7,144.316667,21601141003,Toolleen,216011410,Rushworth,Mount Alexander,25430
3551,HUNTLY,VIC,Delivery Area,Updated 6-Feb-2020,-36.664933,144.3289536,21601141003,Toolleen,216011410,Rushworth,Mount Alexander,25430
3551,HUNTLY NORTH,VIC,Delivery Area,Updated 6-Feb-2020,-36.6173012,144.335443,21601141003,Toolleen,216011410,Rushworth,Mount Alexander,25430
3551,JUNORTOUN,VIC,Delivery Area,Updated 6-Feb-2020,-36.7778248,144.379516,21601141003,Toolleen,216011410,Rushworth,Mount Alexander,25430
3551,KIMBOLTON,VIC,Delivery Area,Updated 6-Feb-2020,-36.9256864,144.5307089,21601141003,Toolleen,216011410,Rushworth,Mount Alexander,25430
3551,LAKE EPPALOCK,VIC,Delivery Area,Updated 6-Feb-2020,-36.8732,144.568,21601141003,Toolleen,216011410,Rushworth,Mount Alexander,25430
3551,LLANELLY,VIC,Delivery Area,Updated 6-Feb-2020,-36.7268475,143.8166126,21601141003,Toolleen,216011410,Rushworth,Mount Alexander,25430
3551,LOCKWOOD,VIC,Delivery Area,Updated 6-Feb-2020,-36.8154802,144.1610974,21601141003,Toolleen,216011410,Rushworth,Mount Alexander,25430
3551,LOCKWOOD SOUTH,VIC,Delivery Area,Updated 6-Feb-2020,-36.8547498,144.1624607,21601141003,Toolleen,216011410,Rushworth,Mount Alexander,25430
3551,LONGLEA,VIC,Delivery Area,Updated 6-Feb-2020,-36.7551182,144.4232713,21601141003,Toolleen,216011410,Rushworth,Mount Alexander,25430
3551,MAIDEN GULLY,VIC,Delivery Area,Updated 6-Feb-2020,-36.743,144.209,21601141003,Toolleen,216011410,Rushworth,Mount Alexander,25430
3551,MANDURANG,VIC,Delivery Area,Updated 6-Feb-2020,-36.818843,144.3129238,21601141003,Toolleen,216011410,Rushworth,Mount Alexander,25430
3551,MANDURANG SOUTH,VIC,Delivery Area,Updated 6-Feb-2020,-36.856513,144.2748086,21601141003,Toolleen,216011410,Rushworth,Mount Alexander,25430
3551,MINTO,VIC,Delivery Area,Updated 6-Feb-2020,-34.02646,150.8507,21601141003,Toolleen,216011410,Rushworth,Mount Alexander,25430
3551,MOSQUITO CREEK,VIC,Delivery Area,Updated 6-Feb-2020,-36.85,144.48,21601141003,Toolleen,216011410,Rushworth,Mount Alexander,25430
3551,MURPHYS CREEK,VIC,Delivery Area,Updated 6-Feb-2020,-36.7296066,143.7918468,21601141003,Toolleen,216011410,Rushworth,Mount Alexander,25430
3551,MYOLA,VIC,Delivery Area,Updated 6-Feb-2020,-36.6134918,144.6914452,21601141003,Toolleen,216011410,Rushworth,Mount Alexander,25430
3551,MYOLA EAST,VIC,Delivery Area,Updated 6-Feb-2020,-36.6587963,144.710029,21601141003,Toolleen,216011410,Rushworth,Mount Alexander,25430
3551,MYRTLE CREEK,VIC,Delivery Area,Updated 6-Feb-2020,-36.9358,144.404,21601141003,Toolleen,216011410,Rushworth,Mount Alexander,25430
3551,NEWBRIDGE,VIC,Delivery Area,Updated 6-Feb-2020,-36.7728183,143.9085663,21601141003,Toolleen,216011410,Rushworth,Mount Alexander,25430
3551,PAINSWICK,VIC,Delivery Area,Updated 6-Feb-2020,-36.7890012,143.7441454,21601141003,Toolleen,216011410,Rushworth,Mount Alexander,25430
3551,PILCHERS BRIDGE,VIC,Delivery Area,Updated 6-Feb-2020,-36.9374754,144.3713146,21601141003,Toolleen,216011410,Rushworth,Mount Alexander,25430
3551,SEDGWICK,VIC,Delivery Area,Updated 6-Feb-2020,-36.8799469,144.311879,21601141003,Toolleen,216011410,Rushworth,Mount Alexander,25430
3551,STRATHFIELDSAYE,VIC,Delivery Area,Updated 6-Feb-2020,-36.8,144.366667,21601141003,Toolleen,216011410,Rushworth,Mount Alexander,25430
3551,TARNAGULLA,VIC,Delivery Area,Updated 6-Feb-2020,-36.7670418,143.8274714,21601141003,Toolleen,216011410,Rushworth,Mount Alexander,25430
3551,TOOLLEEN,VIC,Delivery Area,Updated 6-Feb-2020,-36.7408124,144.6960512,21601141003,Toolleen,216011410,Rushworth,Mount Alexander,25430
3551,WAANYARRA,VIC,Delivery Area,Updated 6-Feb-2020,-36.8308412,143.8471568,21601141003,Toolleen,216011410,Rushworth,Mount Alexander,25430
3551,WELLSFORD,VIC,Delivery Area,Updated 6-Feb-2020,-36.6885938,144.3901108,21601141003,Toolleen,216011410,Rushworth,Mount Alexander,25430
3551,WOODSTOCK ON LODDON,VIC,Delivery Area,Updated 6-Feb-2020,-36.7705999,143.987135,21601141003,Toolleen,216011410,Rushworth,Mount Alexander,25430
3554,BENDIGO DC,VIC,,,-36.757,144.279,,,,,Greater Bendigo,22620
3555,BIG HILL,VIC,Delivery Area,Updated 6-Feb-2020,-36.8335675,144.2394389,20201102245,Golden Square,202011022,Kangaroo Flat - Golden Square,Greater Bendigo,22620
3555,GOLDEN GULLY,VIC,Delivery Area,Updated 6-Feb-2020,-36.7901441,144.2647717,20201102245,Golden Square,202011022,Kangaroo Flat - Golden Square,Greater Bendigo,22620
3555,GOLDEN SQUARE,VIC,Delivery Area,Updated 6-Feb-2020,-36.766667,144.25,20201102245,Golden Square,202011022,Kangaroo Flat - Golden Square,Greater Bendigo,22620
3555,KANGAROO FLAT,VIC,Delivery Area,Updated 6-Feb-2020,-36.783333,144.233333,20201102245,Golden Square,202011022,Kangaroo Flat - Golden Square,Greater Bendigo,22620
3555,LANSELL PLAZA,VIC,Delivery Area,Updated 6-Feb-2020,-36.8104086,144.2424245,20201102245,Golden Square,202011022,Kangaroo Flat - Golden Square,Greater Bendigo,22620
3555,SPECIMEN HILL,VIC,Delivery Area,Updated 6-Feb-2020,-36.7660043,144.2486143,20201102245,Golden Square,202011022,Kangaroo Flat - Golden Square,Greater Bendigo,22620
3556,CALIFORNIA GULLY,VIC,Delivery Area,Updated 6-Feb-2020,-36.7303149,144.2620417,20203103210,Sebastian,202031032,Bendigo Surrounds - North,Loddon,23940
3556,CAMPBELLS FOREST,VIC,Delivery Area,Updated 6-Feb-2020,-36.5985124,144.1151013,20203103210,Sebastian,202031032,Bendigo Surrounds - North,Loddon,23940
3556,COMET HILL,VIC,Delivery Area,Updated 6-Feb-2020,-36.6478,144.194,20203103210,Sebastian,202031032,Bendigo Surrounds - North,Loddon,23940
3556,EAGLEHAWK,VIC,Delivery Area,Updated 6-Feb-2020,-36.716667,144.25,20203103210,Sebastian,202031032,Bendigo Surrounds - North,Loddon,23940
3556,EAGLEHAWK NORTH,VIC,Delivery Area,Updated 6-Feb-2020,-36.6907216,144.256582,20203103210,Sebastian,202031032,Bendigo Surrounds - North,Loddon,23940
3556,JACKASS FLAT,VIC,Delivery Area,Updated 6-Feb-2020,-36.716667,144.283333,20203103210,Sebastian,202031032,Bendigo Surrounds - North,Loddon,23940
3556,MYERS FLAT,VIC,Delivery Area,Updated 6-Feb-2020,-36.7100539,144.1829124,20203103210,Sebastian,202031032,Bendigo Surrounds - North,Loddon,23940
3556,SAILORS GULLY,VIC,Delivery Area,Updated 6-Feb-2020,-36.70346,144.2320179,20203103210,Sebastian,202031032,Bendigo Surrounds - North,Loddon,23940
3556,SEBASTIAN,VIC,Delivery Area,Updated 6-Feb-2020,-36.5937109,144.2077977,20203103210,Sebastian,202031032,Bendigo Surrounds - North,Loddon,23940
3556,WHIPSTICK,VIC,Delivery Area,Updated 6-Feb-2020,-36.6513497,144.2779112,20203103210,Sebastian,202031032,Bendigo Surrounds - North,Loddon,23940
3556,WOODVALE,VIC,Delivery Area,Updated 6-Feb-2020,-36.6748291,144.2122356,20203103210,Sebastian,202031032,Bendigo Surrounds - North,Loddon,23940
3557,BARNADOWN,VIC,Delivery Area,Updated 6-Feb-2020,-36.6558714,144.515303,21601141003,Toolleen,216011410,Rushworth,Campaspe,21370
3557,FOSTERVILLE,VIC,Delivery Area,Updated 6-Feb-2020,-36.6967411,144.4992156,21601141003,Toolleen,216011410,Rushworth,Campaspe,21370
3557,GOORNONG,VIC,Delivery Area,Updated 6-Feb-2020,-36.6432507,144.4930553,21601141003,Toolleen,216011410,Rushworth,Campaspe,21370
3557,MUSKERRY,VIC,Delivery Area,Updated 6-Feb-2020,-36.7091607,144.5294528,21601141003,Toolleen,216011410,Rushworth,Campaspe,21370
3557,MUSKERRY EAST,VIC,Delivery Area,Updated 6-Feb-2020,-36.676699,144.621357,21601141003,Toolleen,216011410,Rushworth,Campaspe,21370
3558,BURNEWANG,VIC,Delivery Area,Updated 6-Feb-2020,-36.4859172,144.6285047,21601141005,Runnymede (Vic.),216011410,Rushworth,Campaspe,21370
3558,COROP WEST,VIC,Delivery Area,Updated 6-Feb-2020,-36.4803585,144.78584,21601141005,Runnymede (Vic.),216011410,Rushworth,Campaspe,21370
3558,CREEK VIEW,VIC,Delivery Area,Updated 6-Feb-2020,-36.6975214,144.3282345,21601141005,Runnymede (Vic.),216011410,Rushworth,Campaspe,21370
3558,ELMORE,VIC,Delivery Area,Updated 6-Feb-2020,-36.4967919,144.6087925,21601141005,Runnymede (Vic.),216011410,Rushworth,Campaspe,21370
3558,HUNTER,VIC,Delivery Area,Updated 6-Feb-2020,-36.4180047,144.5305377,21601141005,Runnymede (Vic.),216011410,Rushworth,Campaspe,21370
3558,RUNNYMEDE,VIC,Delivery Area,Updated 6-Feb-2020,-36.5192,144.624,21601141005,Runnymede (Vic.),216011410,Rushworth,Campaspe,21370
3559,AVONMORE,VIC,Delivery Area,Updated 6-Feb-2020,-36.5381814,144.533448,21601141005,Runnymede (Vic.),216011410,Rushworth,Greater Bendigo,22620
3559,BURRAMBOOT,VIC,Delivery Area,Updated 6-Feb-2020,-36.5326,144.786,21601141005,Runnymede (Vic.),216011410,Rushworth,Greater Bendigo,22620
3559,COLBINABBIN,VIC,Delivery Area,Updated 6-Feb-2020,-36.6083452,144.7724465,21601141005,Runnymede (Vic.),216011410,Rushworth,Greater Bendigo,22620
3559,COROP,VIC,Delivery Area,Updated 6-Feb-2020,-36.4803585,144.78584,21601141005,Runnymede (Vic.),216011410,Rushworth,Greater Bendigo,22620
3559,GOBARUP,VIC,Delivery Area,Updated 6-Feb-2020,-36.6804,144.919,21601141005,Runnymede (Vic.),216011410,Rushworth,Greater Bendigo,22620
3559,LYNDALE,VIC,Delivery Area,Updated 6-Feb-2020,-36.543,144.829,21601141005,Runnymede (Vic.),216011410,Rushworth,Greater Bendigo,22620
3559,MAYREEF,VIC,Delivery Area,Updated 6-Feb-2020,-36.5211,144.488,21601141005,Runnymede (Vic.),216011410,Rushworth,Greater Bendigo,22620
3559,RUNNYMEDE,VIC,Delivery Area,Updated 6-Feb-2020,-36.519214,144.6238907,21601141005,Runnymede (Vic.),216011410,Rushworth,Greater Bendigo,22620
3561,BALLENDELLA,VIC,Delivery Area,Updated 6-Feb-2020,-36.3032416,144.6446873,21601140911,Rochester (Vic.),216011409,Rochester,Campaspe,21370
3561,BAMAWM,VIC,Delivery Area,Updated 6-Feb-2020,-36.2615783,144.5971586,21601140911,Rochester (Vic.),216011409,Rochester,Campaspe,21370
3561,BAMAWM EXTENSION,VIC,Delivery Area,Updated 6-Feb-2020,-36.2117228,144.6069692,21601140911,Rochester (Vic.),216011409,Rochester,Campaspe,21370
3561,BONN,VIC,Delivery Area,Updated 6-Feb-2020,-36.4099,144.733,21601140911,Rochester (Vic.),216011409,Rochester,Campaspe,21370
3561,DIGGORA,VIC,Delivery Area,Updated 6-Feb-2020,-36.3508478,144.5855088,21601140911,Rochester (Vic.),216011409,Rochester,Campaspe,21370
3561,DIGGORA WEST,VIC,Delivery Area,Updated 6-Feb-2020,-36.354517,144.50504,21601140911,Rochester (Vic.),216011409,Rochester,Campaspe,21370
3561,FAIRY DELL,VIC,Delivery Area,Updated 6-Feb-2020,-36.3350888,144.7460094,21601140911,Rochester (Vic.),216011409,Rochester,Campaspe,21370
3561,NANNEELLA,VIC,Delivery Area,Updated 6-Feb-2020,-36.3195848,144.7775976,21601140911,Rochester (Vic.),216011409,Rochester,Campaspe,21370
3561,ROCHESTER,VIC,Delivery Area,Updated 6-Feb-2020,-36.366667,144.7,21601140911,Rochester (Vic.),216011409,Rochester,Campaspe,21370
3561,ROCHESTER WEST,VIC,Delivery Area,Updated 6-Feb-2020,-36.366667,144.7,21601140911,Rochester (Vic.),216011409,Rochester,Campaspe,21370
3561,THE SETTLEMENT,VIC,Delivery Area,Updated 6-Feb-2020,-36.4067818,144.5763899,21601140911,Rochester (Vic.),216011409,Rochester,Campaspe,21370
3561,TIMMERING,VIC,Delivery Area,Updated 6-Feb-2020,-36.3712313,144.8542145,21601140911,Rochester (Vic.),216011409,Rochester,Campaspe,21370
3562,TORRUMBARRY,VIC,Delivery Area,Updated 6-Feb-2020,-36.0471946,144.5437205,21601140811,Torrumbarry,216011408,Lockington - Gunbower,Campaspe,21370
3563,LOCKINGTON,VIC,Delivery Area,Updated 6-Feb-2020,-36.2606223,144.4999001,21601140803,Lockington,216011408,Lockington - Gunbower,Campaspe,21370
3564,BAMAWM EXTENSION,VIC,Delivery Area,Updated 6-Feb-2020,-36.2117,144.607,21601140813,Terrick Terrick East,216011408,Lockington - Gunbower,Campaspe,21370
3564,CAMPASPE WEST,VIC,Delivery Area,Updated 6-Feb-2020,-36.1207246,144.7451914,21601140813,Terrick Terrick East,216011408,Lockington - Gunbower,Campaspe,21370
3564,ECHUCA,VIC,Delivery Area,Updated 6-Feb-2020,-36.1459548,144.7448007,21601140813,Terrick Terrick East,216011408,Lockington - Gunbower,Campaspe,21370
3564,ECHUCA EAST,VIC,Delivery Area,Updated 6-Feb-2020,-36.1459548,144.7448007,21601140813,Terrick Terrick East,216011408,Lockington - Gunbower,Campaspe,21370
3564,ECHUCA SOUTH,VIC,Delivery Area,Updated 6-Feb-2020,-36.1403771,144.7468558,21601140813,Terrick Terrick East,216011408,Lockington - Gunbower,Campaspe,21370
3564,ECHUCA VILLAGE,VIC,Delivery Area,Updated 6-Feb-2020,-36.1492855,144.8181305,21601140813,Terrick Terrick East,216011408,Lockington - Gunbower,Campaspe,21370
3564,ECHUCA WEST,VIC,Delivery Area,Updated 6-Feb-2020,-36.1731205,144.6912948,21601140813,Terrick Terrick East,216011408,Lockington - Gunbower,Campaspe,21370
3564,KANYAPELLA,VIC,Delivery Area,Updated 6-Feb-2020,-36.1091548,144.8700277,21601140813,Terrick Terrick East,216011408,Lockington - Gunbower,Campaspe,21370
3564,MCEVOYS,VIC,Delivery Area,Updated 6-Feb-2020,-36.1149809,144.6314321,21601140813,Terrick Terrick East,216011408,Lockington - Gunbower,Campaspe,21370
3564,PATHO,VIC,Delivery Area,Updated 6-Feb-2020,-35.9890135,144.4266907,21601140813,Terrick Terrick East,216011408,Lockington - Gunbower,Campaspe,21370
3564,PATHO WEST,VIC,Delivery Area,Updated 6-Feb-2020,-35.9890135,144.4266907,21601140813,Terrick Terrick East,216011408,Lockington - Gunbower,Campaspe,21370
3564,ROSLYNMEAD,VIC,Delivery Area,Updated 6-Feb-2020,-36.1318366,144.5554762,21601140813,Terrick Terrick East,216011408,Lockington - Gunbower,Campaspe,21370
3564,SIMMIE,VIC,Delivery Area,Updated 6-Feb-2020,-36.1454112,144.7478793,21601140813,Terrick Terrick East,216011408,Lockington - Gunbower,Campaspe,21370
3564,WHARPARILLA,VIC,Delivery Area,Updated 6-Feb-2020,-36.0900709,144.6581754,21601140813,Terrick Terrick East,216011408,Lockington - Gunbower,Campaspe,21370
3565,KOTTA,VIC,Delivery Area,Updated 6-Feb-2020,-36.186252,144.5327632,21601140808,Roslynmead,216011408,Lockington - Gunbower,Campaspe,21370
3566,GUNBOWER,VIC,Delivery Area,Updated 6-Feb-2020,-35.9553896,144.3576473,21601140812,Gunbower,216011408,Lockington - Gunbower,Campaspe,21370
3567,HORFIELD,VIC,Delivery Area,Updated 6-Feb-2020,-35.879573,144.2245137,21503140118,Leitchville,215031401,Gannawarra,Loddon,23940
3567,LEITCHVILLE,VIC,Delivery Area,Updated 6-Feb-2020,-35.9065246,144.3016359,21503140118,Leitchville,215031401,Gannawarra,Loddon,23940
3568,BURKES BRIDGE,VIC,Delivery Area,Updated 6-Feb-2020,-35.8544786,144.3245139,21503140123,Teal Point,215031401,Gannawarra,Gannawarra,22250
3568,COHUNA,VIC,Delivery Area,Updated 6-Feb-2020,-35.8149095,144.2095074,21503140123,Teal Point,215031401,Gannawarra,Gannawarra,22250
3568,CULLEN,VIC,Delivery Area,Updated 6-Feb-2020,-35.797159,144.1595323,21503140123,Teal Point,215031401,Gannawarra,Gannawarra,22250
3568,DALTONS BRIDGE,VIC,Delivery Area,Updated 6-Feb-2020,-35.8284695,144.2899818,21503140123,Teal Point,215031401,Gannawarra,Gannawarra,22250
3568,GANNAWARRA,VIC,Delivery Area,Updated 6-Feb-2020,-35.8021206,144.215646,21503140123,Teal Point,215031401,Gannawarra,Gannawarra,22250
3568,KEELY,VIC,Delivery Area,Updated 6-Feb-2020,-35.8543258,144.2429343,21503140123,Teal Point,215031401,Gannawarra,Gannawarra,22250
3568,MACORNA NORTH,VIC,Delivery Area,Updated 6-Feb-2020,-35.8582737,144.1069684,21503140123,Teal Point,215031401,Gannawarra,Gannawarra,22250
3568,MCMILLANS,VIC,Delivery Area,Updated 6-Feb-2020,-35.8544278,144.1754128,21503140123,Teal Point,215031401,Gannawarra,Gannawarra,22250
3568,MEAD,VIC,Delivery Area,Updated 6-Feb-2020,-35.8125556,144.1202411,21503140123,Teal Point,215031401,Gannawarra,Gannawarra,22250
3568,MINCHA WEST,VIC,Delivery Area,Updated 6-Feb-2020,-35.8911006,144.1409921,21503140123,Teal Point,215031401,Gannawarra,Gannawarra,22250
3568,WEE WEE RUP,VIC,Delivery Area,Updated 6-Feb-2020,-35.8647979,144.3012123,21503140123,Teal Point,215031401,Gannawarra,Gannawarra,22250
3570,AUCHMORE,VIC,Delivery Area,Updated 6-Feb-2020,-36.4377995,144.137372,20203103305,Serpentine (Vic.),202031033,Loddon,Loddon,23940
3570,DRUMMARTIN,VIC,Delivery Area,Updated 6-Feb-2020,-36.4304903,144.4113046,20203103305,Serpentine (Vic.),202031033,Loddon,Loddon,23940
3570,KAMAROOKA,VIC,Delivery Area,Updated 6-Feb-2020,-36.4873812,144.3848445,20203103305,Serpentine (Vic.),202031033,Loddon,Loddon,23940
3570,NEILBOROUGH,VIC,Delivery Area,Updated 6-Feb-2020,-36.5844691,144.2408874,20203103305,Serpentine (Vic.),202031033,Loddon,Loddon,23940
3570,RAYWOOD,VIC,Delivery Area,Updated 6-Feb-2020,-36.544166,144.1890489,20203103305,Serpentine (Vic.),202031033,Loddon,Loddon,23940
3570,SUMMERFIELD,VIC,Delivery Area,Updated 6-Feb-2020,-36.4377995,144.137372,20203103305,Serpentine (Vic.),202031033,Loddon,Loddon,23940
3571,DINGEE,VIC,Delivery Area,Updated 6-Feb-2020,-36.3872318,144.2067793,20203103312,Tandarra,202031033,Loddon,Loddon,23940
3571,KAMAROOKA NORTH,VIC,Delivery Area,Updated 6-Feb-2020,-36.4040332,144.313752,20203103312,Tandarra,202031033,Loddon,Loddon,23940
3571,POMPAPIEL,VIC,Delivery Area,Updated 6-Feb-2020,-36.3429072,144.0920889,20203103312,Tandarra,202031033,Loddon,Loddon,23940
3571,TANDARRA,VIC,Delivery Area,Updated 6-Feb-2020,-36.4370245,144.2269013,20203103312,Tandarra,202031033,Loddon,Loddon,23940
3571,YALLOOK,VIC,Delivery Area,Updated 6-Feb-2020,-36.4003,144.211,20203103312,Tandarra,202031033,Loddon,Loddon,23940
3572,MILLOO,VIC,Delivery Area,Updated 6-Feb-2020,-36.3389754,144.3870348,21601140802,Tennyson (Vic.),216011408,Lockington - Gunbower,Loddon,23940
3572,PIAVELLA,VIC,Delivery Area,Updated 6-Feb-2020,-36.3147326,144.3248554,21601140802,Tennyson (Vic.),216011408,Lockington - Gunbower,Loddon,23940
3572,PRAIRIE,VIC,Delivery Area,Updated 6-Feb-2020,-36.2983314,144.2330412,21601140802,Tennyson (Vic.),216011408,Lockington - Gunbower,Loddon,23940
3572,TENNYSON,VIC,Delivery Area,Updated 6-Feb-2020,-36.3188171,144.4416393,21601140802,Tennyson (Vic.),216011408,Lockington - Gunbower,Loddon,23940
3573,CALIVIL,VIC,Delivery Area,Updated 6-Feb-2020,-36.2892964,144.097732,21601140813,Terrick Terrick East,216011408,Lockington - Gunbower,Campaspe,21370
3573,MITIAMO,VIC,Delivery Area,Updated 6-Feb-2020,-36.215708,144.2379564,21601140813,Terrick Terrick East,216011408,Lockington - Gunbower,Campaspe,21370
3573,PINE GROVE,VIC,Delivery Area,Updated 6-Feb-2020,-36.225239,144.4688326,21601140813,Terrick Terrick East,216011408,Lockington - Gunbower,Campaspe,21370
3573,PINE GROVE EAST,VIC,Delivery Area,Updated 6-Feb-2020,-36.225239,144.4688326,21601140813,Terrick Terrick East,216011408,Lockington - Gunbower,Campaspe,21370
3573,TERRICK TERRICK EAST,VIC,Delivery Area,Updated 6-Feb-2020,-36.06368,144.3389956,21601140813,Terrick Terrick East,216011408,Lockington - Gunbower,Campaspe,21370
3575,BALD ROCK,VIC,Delivery Area,Updated 6-Feb-2020,-36.0765,144.128,20203103320,Pyramid Hill,202031033,Loddon,Loddon,23940
3575,GLADFIELD,VIC,Delivery Area,Updated 6-Feb-2020,-36.082739,143.9427543,20203103320,Pyramid Hill,202031033,Loddon,Loddon,23940
3575,JUNGABURRA,VIC,Delivery Area,Updated 6-Feb-2020,-36.0752645,144.2952505,20203103320,Pyramid Hill,202031033,Loddon,Loddon,23940
3575,LODDON VALE,VIC,Delivery Area,Updated 6-Feb-2020,-35.9810436,143.9882376,20203103320,Pyramid Hill,202031033,Loddon,Loddon,23940
3575,MINCHA,VIC,Delivery Area,Updated 6-Feb-2020,-36.0015099,144.0286331,20203103320,Pyramid Hill,202031033,Loddon,Loddon,23940
3575,MOLOGA,VIC,Delivery Area,Updated 6-Feb-2020,-36.1513389,144.1812078,20203103320,Pyramid Hill,202031033,Loddon,Loddon,23940
3575,PYRAMID HILL,VIC,Delivery Area,Updated 6-Feb-2020,-36.0556784,144.1341779,20203103320,Pyramid Hill,202031033,Loddon,Loddon,23940
3575,SYLVATERRE,VIC,Delivery Area,Updated 6-Feb-2020,-36.0873022,144.2380732,20203103320,Pyramid Hill,202031033,Loddon,Loddon,23940
3575,TERRICK TERRICK,VIC,Delivery Area,Updated 6-Feb-2020,-36.0831717,144.2849737,20203103320,Pyramid Hill,202031033,Loddon,Loddon,23940
3575,YARRAWALLA,VIC,Delivery Area,Updated 6-Feb-2020,-36.1305222,144.0674299,20203103320,Pyramid Hill,202031033,Loddon,Loddon,23940
3576,DURHAM OX,VIC,Delivery Area,Updated 6-Feb-2020,-36.1415403,143.9324048,20203103317,Yarrawalla,202031033,Loddon,Loddon,23940
3579,APPIN,VIC,Delivery Area,Updated 6-Feb-2020,-35.8847165,143.8522489,21503140213,Kerang,215031402,Kerang,Swan Hill,26610
3579,APPIN SOUTH,VIC,Delivery Area,Updated 6-Feb-2020,-35.9137268,143.8831737,21503140213,Kerang,215031402,Kerang,Swan Hill,26610
3579,BAEL BAEL,VIC,Delivery Area,Updated 6-Feb-2020,-35.7156502,143.7509641,21503140213,Kerang,215031402,Kerang,Swan Hill,26610
3579,BEAUCHAMP,VIC,Delivery Area,Updated 6-Feb-2020,-35.6119647,143.5989591,21503140213,Kerang,215031402,Kerang,Swan Hill,26610
3579,BENJEROOP,VIC,Delivery Area,Updated 6-Feb-2020,-35.4988701,143.8288607,21503140213,Kerang,215031402,Kerang,Swan Hill,26610
3579,BUDGERUM EAST,VIC,Delivery Area,Updated 6-Feb-2020,-35.7701957,143.6518434,21503140213,Kerang,215031402,Kerang,Swan Hill,26610
3579,CAPELS CROSSING,VIC,Delivery Area,Updated 6-Feb-2020,-35.6196211,143.912358,21503140213,Kerang,215031402,Kerang,Swan Hill,26610
3579,DINGWALL,VIC,Delivery Area,Updated 6-Feb-2020,-35.7974653,143.8651496,21503140213,Kerang,215031402,Kerang,Swan Hill,26610
3579,EAST YEOBURN,VIC,Delivery Area,Updated 6-Feb-2020,-35.711,144.001,21503140213,Kerang,215031402,Kerang,Swan Hill,26610
3579,FAIRLEY,VIC,Delivery Area,Updated 6-Feb-2020,-35.685656,143.7967605,21503140213,Kerang,215031402,Kerang,Swan Hill,26610
3579,GONN CROSSING,VIC,Delivery Area,Updated 6-Feb-2020,-35.507575,143.9269679,21503140213,Kerang,215031402,Kerang,Swan Hill,26610
3579,KERANG,VIC,Delivery Area,Updated 6-Feb-2020,-35.7409643,143.9261931,21503140213,Kerang,215031402,Kerang,Swan Hill,26610
3579,KERANG EAST,VIC,Delivery Area,Updated 6-Feb-2020,-35.7724872,144.0381604,21503140213,Kerang,215031402,Kerang,Swan Hill,26610
3579,KOROOP,VIC,Delivery Area,Updated 6-Feb-2020,-35.7337783,144.0196288,21503140213,Kerang,215031402,Kerang,Swan Hill,26610
3579,LAKE MERAN,VIC,Delivery Area,Updated 6-Feb-2020,-35.871045,143.8111838,21503140213,Kerang,215031402,Kerang,Swan Hill,26610
3579,MACORNA,VIC,Delivery Area,Updated 6-Feb-2020,-35.9417669,143.9410112,21503140213,Kerang,215031402,Kerang,Swan Hill,26610
3579,MEERING WEST,VIC,Delivery Area,Updated 6-Feb-2020,-35.9062046,143.7276218,21503140213,Kerang,215031402,Kerang,Swan Hill,26610
3579,MILNES BRIDGE,VIC,Delivery Area,Updated 6-Feb-2020,-35.808852,144.0932497,21503140213,Kerang,215031402,Kerang,Swan Hill,26610
3579,MURRABIT,VIC,Delivery Area,Updated 6-Feb-2020,-35.5250292,143.9539977,21503140213,Kerang,215031402,Kerang,Swan Hill,26610
3579,MURRABIT WEST,VIC,Delivery Area,Updated 6-Feb-2020,-35.5039675,143.884505,21503140213,Kerang,215031402,Kerang,Swan Hill,26610
3579,MYALL,VIC,Delivery Area,Updated 6-Feb-2020,-35.587992,144.0177462,21503140213,Kerang,215031402,Kerang,Swan Hill,26610
3579,MYSTIC PARK,VIC,Delivery Area,Updated 6-Feb-2020,-35.5835707,143.7582729,21503140213,Kerang,215031402,Kerang,Swan Hill,26610
3579,NORMANVILLE,VIC,Delivery Area,Updated 6-Feb-2020,-35.8090963,143.7597716,21503140213,Kerang,215031402,Kerang,Swan Hill,26610
3579,PINE VIEW,VIC,Delivery Area,Updated 6-Feb-2020,-35.8086557,143.6647948,21503140213,Kerang,215031402,Kerang,Swan Hill,26610
3579,REEDY LAKE,VIC,Delivery Area,Updated 6-Feb-2020,-35.6843388,143.8632822,21503140213,Kerang,215031402,Kerang,Swan Hill,26610
3579,SANDHILL LAKE,VIC,Delivery Area,Updated 6-Feb-2020,-35.7385962,143.6894419,21503140213,Kerang,215031402,Kerang,Swan Hill,26610
3579,TEAL POINT,VIC,Delivery Area,Updated 6-Feb-2020,-35.6709241,144.0879034,21503140213,Kerang,215031402,Kerang,Swan Hill,26610
3579,TRAGOWEL,VIC,Delivery Area,Updated 6-Feb-2020,-35.8562703,144.0069262,21503140213,Kerang,215031402,Kerang,Swan Hill,26610
3579,WANDELLA,VIC,Delivery Area,Updated 6-Feb-2020,-35.7575877,143.8529276,21503140213,Kerang,215031402,Kerang,Swan Hill,26610
3579,WESTBY,VIC,Delivery Area,Updated 6-Feb-2020,-35.6334872,143.9472405,21503140213,Kerang,215031402,Kerang,Swan Hill,26610
3580,KOONDROOK,VIC,Delivery Area,Updated 6-Feb-2020,-35.6445701,144.1174856,21503140113,Westby,215031401,Gannawarra,Gannawarra,22250
3581,BEAUCHAMP,VIC,Delivery Area,Updated 6-Feb-2020,-35.6026,143.802,21503140112,Wandella (Vic.),215031401,Gannawarra,Gannawarra,22250
3581,LAKE CHARM,VIC,Delivery Area,Updated 6-Feb-2020,-35.6026039,143.8020236,21503140112,Wandella (Vic.),215031401,Gannawarra,Gannawarra,22250
3583,TRESCO,VIC,Delivery Area,Updated 6-Feb-2020,-35.5135995,143.6827007,21503140505,Winlaton,215031405,Swan Hill Surrounds,Swan Hill,26610
3584,LAKE BOGA,VIC,Delivery Area,Updated 6-Feb-2020,-35.4334504,143.6211297,21503140521,Lake Boga,215031405,Swan Hill Surrounds,Swan Hill,26610
3584,TRESCO WEST,VIC,Delivery Area,Updated 6-Feb-2020,-35.4807596,143.6310599,21503140521,Lake Boga,215031405,Swan Hill Surrounds,Swan Hill,26610
3585,CASTLE DONNINGTON,VIC,Delivery Area,Updated 6-Feb-2020,-35.4185703,143.6044718,21503140506,Ultima East,215031405,Swan Hill Surrounds,Gannawarra,22250
3585,CHILLINGOLLAH,VIC,Delivery Area,Updated 6-Feb-2020,-35.2627454,143.0529175,21503140506,Ultima East,215031405,Swan Hill Surrounds,Gannawarra,22250
3585,FISH POINT,VIC,Delivery Area,Updated 6-Feb-2020,-35.4312527,143.7061484,21503140506,Ultima East,215031405,Swan Hill Surrounds,Gannawarra,22250
3585,GOSCHEN,VIC,Delivery Area,Updated 6-Feb-2020,-35.4728269,143.45621,21503140506,Ultima East,215031405,Swan Hill Surrounds,Gannawarra,22250
3585,KUNAT,VIC,Delivery Area,Updated 6-Feb-2020,-35.5140079,143.5379778,21503140506,Ultima East,215031405,Swan Hill Surrounds,Gannawarra,22250
3585,MEATIAN,VIC,Delivery Area,Updated 6-Feb-2020,-35.5735971,143.3402073,21503140506,Ultima East,215031405,Swan Hill Surrounds,Gannawarra,22250
3585,NOWIE,VIC,Delivery Area,Updated 6-Feb-2020,-35.369287,143.2714994,21503140506,Ultima East,215031405,Swan Hill Surrounds,Gannawarra,22250
3585,NYRRABY,VIC,Delivery Area,Updated 6-Feb-2020,-35.2216153,143.2238262,21503140506,Ultima East,215031405,Swan Hill Surrounds,Gannawarra,22250
3585,PIRA,VIC,Delivery Area,Updated 6-Feb-2020,-35.254167,143.365278,21503140506,Ultima East,215031405,Swan Hill Surrounds,Gannawarra,22250
3585,POLISBET,VIC,Delivery Area,Updated 6-Feb-2020,-35.2907707,143.1276769,21503140506,Ultima East,215031405,Swan Hill Surrounds,Gannawarra,22250
3585,SPEEWA,VIC,Delivery Area,Updated 6-Feb-2020,-35.2202715,143.5175835,21503140506,Ultima East,215031405,Swan Hill Surrounds,Gannawarra,22250
3585,SWAN HILL,VIC,Delivery Area,Updated 6-Feb-2020,-35.3396318,143.5524803,21503140506,Ultima East,215031405,Swan Hill Surrounds,Gannawarra,22250
3585,SWAN HILL PIONEER,VIC,Delivery Area,Updated 6-Feb-2020,-35.3476,143.564,21503140506,Ultima East,215031405,Swan Hill Surrounds,Gannawarra,22250
3585,SWAN HILL WEST,VIC,Delivery Area,Updated 6-Feb-2020,-35.3784905,143.4409182,21503140506,Ultima East,215031405,Swan Hill Surrounds,Gannawarra,22250
3585,WINLATON,VIC,Delivery Area,Updated 6-Feb-2020,-35.4828459,143.7515463,21503140506,Ultima East,215031405,Swan Hill Surrounds,Gannawarra,22250
3586,BULGA,VIC,Delivery Area,Updated 6-Feb-2020,-35.3048165,143.345083,21503140515,Tyntynder South,215031405,Swan Hill Surrounds,Swan Hill,26610
3586,MURRAWEE,VIC,Delivery Area,Updated 6-Feb-2020,-35.298333,143.518056,21503140515,Tyntynder South,215031405,Swan Hill Surrounds,Swan Hill,26610
3586,MURRAYDALE,VIC,Delivery Area,Updated 6-Feb-2020,-35.2875,143.558333,21503140515,Tyntynder South,215031405,Swan Hill Surrounds,Swan Hill,26610
3586,PENTAL ISLAND,VIC,Delivery Area,Updated 6-Feb-2020,-35.3985004,143.6573007,21503140515,Tyntynder South,215031405,Swan Hill Surrounds,Swan Hill,26610
3586,TYNTYNDER,VIC,Delivery Area,Updated 6-Feb-2020,-35.2396695,143.5527423,21503140515,Tyntynder South,215031405,Swan Hill Surrounds,Swan Hill,26610
3586,TYNTYNDER SOUTH,VIC,Delivery Area,Updated 6-Feb-2020,-35.286944,143.518056,21503140515,Tyntynder South,215031405,Swan Hill Surrounds,Swan Hill,26610
3586,ULTIMA EAST,VIC,Delivery Area,Updated 6-Feb-2020,-35.4399,143.403,21503140515,Tyntynder South,215031405,Swan Hill Surrounds,Swan Hill,26610
3588,WOORINEN SOUTH,VIC,Delivery Area,Updated 6-Feb-2020,-35.2972762,143.4446136,21503140519,Woorinen South,215031405,Swan Hill Surrounds,Swan Hill,26610
3589,WOORINEN,VIC,Delivery Area,Updated 6-Feb-2020,-35.281667,143.465556,21503140519,Woorinen South,215031405,Swan Hill Surrounds,Swan Hill,26610
3589,WOORINEN NORTH,VIC,Delivery Area,Updated 6-Feb-2020,-35.2473621,143.4455358,21503140519,Woorinen South,215031405,Swan Hill Surrounds,Swan Hill,26610
3590,BEVERFORD,VIC,Delivery Area,Updated 6-Feb-2020,-35.2285875,143.4662269,21503140520,Beverford,215031405,Swan Hill Surrounds,Swan Hill,26610
3591,VINIFERA,VIC,Delivery Area,Updated 6-Feb-2020,-35.205935,143.4014055,21503140504,Woorinen North,215031405,Swan Hill Surrounds,Swan Hill,26610
3594,NYAH,VIC,Delivery Area,Updated 6-Feb-2020,-35.1526896,143.3582223,21503140523,Nyah,215031405,Swan Hill Surrounds,Swan Hill,26610
3595,NYAH WEST,VIC,Delivery Area,Updated 6-Feb-2020,-35.1832549,143.3366401,21503140522,Nyah West,215031405,Swan Hill Surrounds,Swan Hill,26610
3596,MIRALIE,VIC,Delivery Area,Updated 6-Feb-2020,-35.1279032,143.3230237,21503140502,Wood Wood,215031405,Swan Hill Surrounds,Swan Hill,26610
3596,TOWAN,VIC,Delivery Area,Updated 6-Feb-2020,-35.1707576,143.1903815,21503140502,Wood Wood,215031405,Swan Hill Surrounds,Swan Hill,26610
3596,WOOD WOOD,VIC,Delivery Area,Updated 6-Feb-2020,-35.113333,143.349444,21503140502,Wood Wood,215031405,Swan Hill Surrounds,Swan Hill,26610
3597,KENLEY,VIC,Delivery Area,Updated 6-Feb-2020,-34.870833,143.3329313,21503140508,Narrung (Vic.),215031405,Swan Hill Surrounds,Swan Hill,26610
3597,KOOLOONONG,VIC,Delivery Area,Updated 6-Feb-2020,-34.8719155,143.1404956,21503140508,Narrung (Vic.),215031405,Swan Hill Surrounds,Swan Hill,26610
3597,LAKE POWELL,VIC,Delivery Area,Updated 6-Feb-2020,-34.7149836,142.9040698,21503140508,Narrung (Vic.),215031405,Swan Hill Surrounds,Swan Hill,26610
3597,NARRUNG,VIC,Delivery Area,Updated 6-Feb-2020,-34.790356,143.2365866,21503140508,Narrung (Vic.),215031405,Swan Hill Surrounds,Swan Hill,26610
3597,NATYA,VIC,Delivery Area,Updated 6-Feb-2020,-34.8935781,143.3123474,21503140508,Narrung (Vic.),215031405,Swan Hill Surrounds,Swan Hill,26610
3597,PIANGIL,VIC,Delivery Area,Updated 6-Feb-2020,-35.0739274,143.3300801,21503140508,Narrung (Vic.),215031405,Swan Hill Surrounds,Swan Hill,26610
3599,BOUNDARY BEND,VIC,Delivery Area,Updated 6-Feb-2020,-34.7507483,143.1104044,21503140508,Narrung (Vic.),215031405,Swan Hill Surrounds,Swan Hill,26610
3607,TABILK,VIC,Delivery Area,Updated 6-Feb-2020,-36.8378153,145.1706992,20401105802,Wahring,204011058,Nagambie,Strathbogie,26430
3608,BAILIESTON,VIC,Delivery Area,Updated 6-Feb-2020,-36.7650657,145.0541611,20401105814,Nagambie,204011058,Nagambie,Greater Shepparton,22830
3608,GOULBURN WEIR,VIC,Delivery Area,Updated 6-Feb-2020,-36.7291107,145.1789802,20401105814,Nagambie,204011058,Nagambie,Greater Shepparton,22830
3608,GRAYTOWN,VIC,Delivery Area,Updated 6-Feb-2020,-36.8525999,144.9288711,20401105814,Nagambie,204011058,Nagambie,Greater Shepparton,22830
3608,KIRWANS BRIDGE,VIC,Delivery Area,Updated 6-Feb-2020,-36.737345,145.1366924,20401105814,Nagambie,204011058,Nagambie,Greater Shepparton,22830
3608,MITCHELLSTOWN,VIC,Delivery Area,Updated 6-Feb-2020,-36.8116106,145.0693227,20401105814,Nagambie,204011058,Nagambie,Greater Shepparton,22830
3608,NAGAMBIE,VIC,Delivery Area,Updated 6-Feb-2020,-36.7802263,145.1528312,20401105814,Nagambie,204011058,Nagambie,Greater Shepparton,22830
3608,WAHRING,VIC,Delivery Area,Updated 6-Feb-2020,-36.7114471,145.2677056,20401105814,Nagambie,204011058,Nagambie,Greater Shepparton,22830
3608,WIRRATE,VIC,Delivery Area,Updated 6-Feb-2020,-36.7704345,144.9820408,20401105814,Nagambie,204011058,Nagambie,Greater Shepparton,22830
3610,DHURRINGILE,VIC,Delivery Area,Updated 6-Feb-2020,-36.5169122,145.2431847,21603141915,Dhurringile,216031419,Shepparton Surrounds - West,Strathbogie,26430
3610,MOORILIM,VIC,Delivery Area,Updated 6-Feb-2020,-36.6150597,145.2915424,21603141915,Dhurringile,216031419,Shepparton Surrounds - West,Strathbogie,26430
3610,MURCHISON,VIC,Delivery Area,Updated 6-Feb-2020,-36.616667,145.216667,21603141915,Dhurringile,216031419,Shepparton Surrounds - West,Strathbogie,26430
3610,MURCHISON EAST,VIC,Delivery Area,Updated 6-Feb-2020,-36.6203401,145.2590707,21603141915,Dhurringile,216031419,Shepparton Surrounds - West,Strathbogie,26430
3610,MURCHISON NORTH,VIC,Delivery Area,Updated 6-Feb-2020,-36.563245,145.2590707,21603141915,Dhurringile,216031419,Shepparton Surrounds - West,Strathbogie,26430
3612,MOORA,VIC,Delivery Area,Updated 6-Feb-2020,-36.589908,144.9429445,21601141014,Whroo,216011410,Rushworth,Strathbogie,26430
3612,RUSHWORTH,VIC,Delivery Area,Updated 6-Feb-2020,-36.6265235,145.0672551,21601141014,Whroo,216011410,Rushworth,Strathbogie,26430
3612,WANALTA,VIC,Delivery Area,Updated 6-Feb-2020,-36.6198474,144.9243653,21601141014,Whroo,216011410,Rushworth,Strathbogie,26430
3612,WARANGA,VIC,Delivery Area,Updated 6-Feb-2020,-36.5330855,145.0621488,21601141014,Whroo,216011410,Rushworth,Strathbogie,26430
3612,WARANGA SHORES,VIC,Delivery Area,Updated 6-Feb-2020,-36.5316,145.069,21601141014,Whroo,216011410,Rushworth,Strathbogie,26430
3612,WHROO,VIC,Delivery Area,Updated 6-Feb-2020,-36.7098029,145.0307349,21601141014,Whroo,216011410,Rushworth,Strathbogie,26430
3614,TOOLAMBA,VIC,Delivery Area,Updated 6-Feb-2020,-36.4999437,145.3357789,21603141926,Toolamba West,216031419,Shepparton Surrounds - West,Greater Shepparton,22830
3614,TOOLAMBA WEST,VIC,Delivery Area,Updated 6-Feb-2020,-36.4841221,145.2645969,21603141926,Toolamba West,216031419,Shepparton Surrounds - West,Greater Shepparton,22830
3616,COOMA,VIC,Delivery Area,Updated 6-Feb-2020,-36.4189846,145.0607078,21603141928,Tatura,216031419,Shepparton Surrounds - West,Greater Shepparton,22830
3616,GILLIESTON,VIC,Delivery Area,Updated 6-Feb-2020,-36.342575,145.2124572,21603141928,Tatura,216031419,Shepparton Surrounds - West,Greater Shepparton,22830
3616,GIRGARRE EAST,VIC,Delivery Area,Updated 6-Feb-2020,-36.4399934,145.0603633,21603141928,Tatura,216031419,Shepparton Surrounds - West,Greater Shepparton,22830
3616,HARSTON,VIC,Delivery Area,Updated 6-Feb-2020,-36.4677867,145.0955173,21603141928,Tatura,216031419,Shepparton Surrounds - West,Greater Shepparton,22830
3616,MOOROOPNA NORTH WEST,VIC,Delivery Area,Updated 6-Feb-2020,-36.3551321,145.24696,21603141928,Tatura,216031419,Shepparton Surrounds - West,Greater Shepparton,22830
3616,TATURA,VIC,Delivery Area,Updated 6-Feb-2020,-36.4366557,145.2328259,21603141928,Tatura,216031419,Shepparton Surrounds - West,Greater Shepparton,22830
3616,TATURA EAST,VIC,Delivery Area,Updated 6-Feb-2020,-36.4379073,145.2977618,21603141928,Tatura,216031419,Shepparton Surrounds - West,Greater Shepparton,22830
3616,TOOLAMBA WEST,VIC,Delivery Area,Updated 6-Feb-2020,-36.4644,145.168,21603141928,Tatura,216031419,Shepparton Surrounds - West,Greater Shepparton,22830
3616,WARANGA,VIC,Delivery Area,Updated 6-Feb-2020,-36.4927,145.069,21603141928,Tatura,216031419,Shepparton Surrounds - West,Greater Shepparton,22830
3617,BYRNESIDE,VIC,Delivery Area,Updated 6-Feb-2020,-36.4005389,145.1706992,21603141916,Kyabram South,216031419,Shepparton Surrounds - West,Greater Shepparton,22830
3618,MERRIGUM,VIC,Delivery Area,Updated 6-Feb-2020,-36.3624013,145.1706992,21603141917,Merrigum,216031419,Shepparton Surrounds - West,Greater Shepparton,22830
3620,KYABRAM,VIC,Delivery Area,Updated 6-Feb-2020,-36.3139409,145.0468064,21603141916,Kyabram South,216031419,Shepparton Surrounds - West,Greater Shepparton,22830
3620,KYABRAM SOUTH,VIC,Delivery Area,Updated 6-Feb-2020,-36.3790246,145.0720796,21603141916,Kyabram South,216031419,Shepparton Surrounds - West,Greater Shepparton,22830
3620,LANCASTER,VIC,Delivery Area,Updated 6-Feb-2020,-36.3,145.116667,21603141916,Kyabram South,216031419,Shepparton Surrounds - West,Greater Shepparton,22830
3620,MOUNT SCOBIE,VIC,Delivery Area,Updated 6-Feb-2020,-36.3505556,144.9727778,21603141916,Kyabram South,216031419,Shepparton Surrounds - West,Greater Shepparton,22830
3620,ST GERMAINS,VIC,Delivery Area,Updated 6-Feb-2020,-36.1802397,145.1474292,21603141916,Kyabram South,216031419,Shepparton Surrounds - West,Greater Shepparton,22830
3620,TARIPTA,VIC,Delivery Area,Updated 6-Feb-2020,-36.26,145.05,21603141916,Kyabram South,216031419,Shepparton Surrounds - West,Greater Shepparton,22830
3620,WYUNA,VIC,Delivery Area,Updated 6-Feb-2020,-36.1990403,145.0650959,21603141916,Kyabram South,216031419,Shepparton Surrounds - West,Greater Shepparton,22830
3620,WYUNA EAST,VIC,Delivery Area,Updated 6-Feb-2020,-36.2369485,145.1027567,21603141916,Kyabram South,216031419,Shepparton Surrounds - West,Greater Shepparton,22830
3621,KOYUGA SOUTH,VIC,Delivery Area,Updated 6-Feb-2020,-36.2331845,144.9832134,21601140729,Yambuna,216011407,Kyabram,Campaspe,21370
3621,KY VALLEY,VIC,Delivery Area,Updated 6-Feb-2020,-36.2836761,145.0108596,21601140729,Yambuna,216011407,Kyabram,Campaspe,21370
3621,KY WEST,VIC,Delivery Area,Updated 6-Feb-2020,-36.299005,144.9648878,21601140729,Yambuna,216011407,Kyabram,Campaspe,21370
3621,KYVALLEY,VIC,Delivery Area,Updated 6-Feb-2020,-36.2837,145.011,21601140729,Yambuna,216011407,Kyabram,Campaspe,21370
3621,TONGALA,VIC,Delivery Area,Updated 6-Feb-2020,-36.2455668,144.9577866,21601140729,Yambuna,216011407,Kyabram,Campaspe,21370
3621,YAMBUNA,VIC,Delivery Area,Updated 6-Feb-2020,-36.1244798,144.9801151,21601140729,Yambuna,216011407,Kyabram,Campaspe,21370
3622,CORNELIA CREEK,VIC,Delivery Area,Updated 6-Feb-2020,-36.2466264,144.8358882,21601140902,Strathallan,216011409,Rochester,Campaspe,21370
3622,KOYUGA,VIC,Delivery Area,Updated 6-Feb-2020,-36.234256,144.9026948,21601140902,Strathallan,216011409,Rochester,Campaspe,21370
3622,STRATHALLAN,VIC,Delivery Area,Updated 6-Feb-2020,-36.2449977,144.8184741,21601140902,Strathallan,216011409,Rochester,Campaspe,21370
3623,CARAG CARAG,VIC,Delivery Area,Updated 6-Feb-2020,-36.45697,144.9236773,21601141012,Stanhope (Vic.),216011410,Rushworth,Greater Shepparton,22830
3623,STANHOPE,VIC,Delivery Area,Updated 6-Feb-2020,-36.4388545,144.9883506,21601141012,Stanhope (Vic.),216011410,Rushworth,Greater Shepparton,22830
3623,STANHOPE SOUTH,VIC,Delivery Area,Updated 6-Feb-2020,-36.4916967,145.0410187,21601141012,Stanhope (Vic.),216011410,Rushworth,Greater Shepparton,22830
3624,GIRGARRE,VIC,Delivery Area,Updated 6-Feb-2020,-36.4031385,144.9501708,21601141010,Girgarre,216011410,Rushworth,Campaspe,21370
3629,ARDMONA,VIC,Delivery Area,Updated 6-Feb-2020,-36.383333,145.3,21603141929,Ardmona,216031419,Shepparton Surrounds - West,Greater Shepparton,22830
3629,COOMBOONA,VIC,Delivery Area,Updated 6-Feb-2020,-36.2562044,145.2625246,21603141929,Ardmona,216031419,Shepparton Surrounds - West,Greater Shepparton,22830
3629,MOOROOPNA,VIC,Delivery Area,Updated 6-Feb-2020,-36.383333,145.35,21603141929,Ardmona,216031419,Shepparton Surrounds - West,Greater Shepparton,22830
3629,MOOROOPNA NORTH,VIC,Delivery Area,Updated 6-Feb-2020,-36.3301679,145.302945,21603141929,Ardmona,216031419,Shepparton Surrounds - West,Greater Shepparton,22830
3629,UNDERA,VIC,Delivery Area,Updated 6-Feb-2020,-36.2352558,145.2270858,21603141929,Ardmona,216031419,Shepparton Surrounds - West,Greater Shepparton,22830
3630,BENARCH,VIC,Delivery Area,Updated 6-Feb-2020,-36.4616,145.558,21603159440,Shepparton,216031594,Shepparton - South East,Greater Shepparton,22830
3630,BRANDITT,VIC,Delivery Area,Updated 6-Feb-2020,-36.3601935,145.4019719,21603159440,Shepparton,216031594,Shepparton - South East,Greater Shepparton,22830
3630,CANIAMBO,VIC,Delivery Area,Updated 6-Feb-2020,-36.4572843,145.6197031,21603159440,Shepparton,216031594,Shepparton - South East,Greater Shepparton,22830
3630,COLLIVER,VIC,Delivery Area,Updated 6-Feb-2020,-36.4016861,145.4012972,21603159440,Shepparton,216031594,Shepparton - South East,Greater Shepparton,22830
3630,DUNKIRK,VIC,Delivery Area,Updated 6-Feb-2020,-36.3695676,145.4089502,21603159440,Shepparton,216031594,Shepparton - South East,Greater Shepparton,22830
3630,SHEPPARTON,VIC,Delivery Area,Updated 6-Feb-2020,-36.383333,145.4,21603159440,Shepparton,216031594,Shepparton - South East,Greater Shepparton,22830
3630,SHEPPARTON SOUTH,VIC,Delivery Area,Updated 6-Feb-2020,-36.383333,145.4,21603159440,Shepparton,216031594,Shepparton - South East,Greater Shepparton,22830
3631,ARCADIA,VIC,Delivery Area,Updated 2-Dec-2022,-36.5315858,145.3456866,21603159434,Shepparton East,216031594,Shepparton - South East,Strathbogie,26430
3631,ARCADIA SOUTH,VIC,Delivery Area,Updated 2-Dec-2022,-36.5735787,145.3520475,21603159434,Shepparton East,216031594,Shepparton - South East,Strathbogie,26430
3631,BRANDITT,VIC,Delivery Area,Updated 6-Sep-2025,-36.5315858,145.3456866,21603159434,Shepparton East,216031594,Shepparton - South East,Strathbogie,26430
3631,COSGROVE,VIC,Delivery Area,Updated 2-Dec-2022,-36.3573136,145.6210903,21603159434,Shepparton East,216031594,Shepparton - South East,Strathbogie,26430
3631,COSGROVE SOUTH,VIC,Delivery Area,Updated 2-Dec-2022,-36.4233265,145.6474522,21603159434,Shepparton East,216031594,Shepparton - South East,Strathbogie,26430
3631,GRAHAMVALE,VIC,Delivery Area,Updated 2-Dec-2022,-36.35,145.433333,21603159434,Shepparton East,216031594,Shepparton - South East,Strathbogie,26430
3631,KARRAMOMUS,VIC,Delivery Area,Updated 2-Dec-2022,-36.5264916,145.4641232,21603159434,Shepparton East,216031594,Shepparton - South East,Strathbogie,26430
3631,KIALLA,VIC,Delivery Area,Updated 2-Dec-2022,-36.441,145.43,21603159434,Shepparton East,216031594,Shepparton - South East,Strathbogie,26430
3631,KIALLA EAST,VIC,Delivery Area,Updated 2-Dec-2022,-36.4594256,145.4776641,21603159434,Shepparton East,216031594,Shepparton - South East,Strathbogie,26430
3631,KIALLA WEST,VIC,Delivery Area,Updated 2-Dec-2022,-36.4737441,145.3917982,21603159434,Shepparton East,216031594,Shepparton - South East,Strathbogie,26430
3631,LEMNOS,VIC,Delivery Area,Updated 2-Dec-2022,-36.35,145.466667,21603159434,Shepparton East,216031594,Shepparton - South East,Strathbogie,26430
3631,ORRVALE,VIC,Delivery Area,Updated 2-Dec-2022,-36.4126671,145.4526995,21603159434,Shepparton East,216031594,Shepparton - South East,Strathbogie,26430
3631,PINE LODGE,VIC,Delivery Area,Updated 2-Dec-2022,-36.3500634,145.5586858,21603159434,Shepparton East,216031594,Shepparton - South East,Strathbogie,26430
3631,SHEPPARTON EAST,VIC,Delivery Area,Updated 2-Dec-2022,-36.3883321,145.480396,21603159434,Shepparton East,216031594,Shepparton - South East,Strathbogie,26430
3631,SHEPPARTON NORTH,VIC,Delivery Area,Updated 2-Dec-2022,-36.3299937,145.4008446,21603159434,Shepparton East,216031594,Shepparton - South East,Strathbogie,26430
3631,TAMLEUGH WEST,VIC,Delivery Area,Updated 2-Dec-2022,-36.5484,145.531,21603159434,Shepparton East,216031594,Shepparton - South East,Strathbogie,26430
3633,CONGUPNA,VIC,Delivery Area,Updated 6-Feb-2020,-36.2927129,145.480396,21603141805,Congupna,216031418,Shepparton Surrounds - East,Greater Shepparton,22830
3634,BUNBARTHA,VIC,Delivery Area,Updated 6-Feb-2020,-36.2409082,145.3537565,21603141809,Marungi,216031418,Shepparton Surrounds - East,Moira,24900
3634,INVERGORDON SOUTH,VIC,Delivery Area,Updated 6-Feb-2020,-36.1453,145.591,21603141809,Marungi,216031418,Shepparton Surrounds - East,Moira,24900
3634,KATANDRA,VIC,Delivery Area,Updated 6-Feb-2020,-36.2081387,145.6019917,21603141809,Marungi,216031418,Shepparton Surrounds - East,Moira,24900
3634,KATANDRA WEST,VIC,Delivery Area,Updated 6-Feb-2020,-36.2260077,145.5690835,21603141809,Marungi,216031418,Shepparton Surrounds - East,Moira,24900
3634,MARIONVALE,VIC,Delivery Area,Updated 6-Feb-2020,-36.2582022,145.5525484,21603141809,Marungi,216031418,Shepparton Surrounds - East,Moira,24900
3634,MARUNGI,VIC,Delivery Area,Updated 6-Feb-2020,-36.193889,145.531389,21603141809,Marungi,216031418,Shepparton Surrounds - East,Moira,24900
3634,TALLYGAROOPNA,VIC,Delivery Area,Updated 6-Feb-2020,-36.2456008,145.4240988,21603141809,Marungi,216031418,Shepparton Surrounds - East,Moira,24900
3634,ZEERUST,VIC,Delivery Area,Updated 6-Feb-2020,-36.2702014,145.3973329,21603141809,Marungi,216031418,Shepparton Surrounds - East,Moira,24900
3635,KAARIMBA,VIC,Delivery Area,Updated 6-Feb-2020,-36.1399798,145.2943066,21602141320,Wunghnu,216021413,Numurkah,Moira,24900
3635,MUNDOONA,VIC,Delivery Area,Updated 6-Feb-2020,-36.1748407,145.3565226,21602141320,Wunghnu,216021413,Numurkah,Moira,24900
3635,WUNGHNU,VIC,Delivery Area,Updated 6-Feb-2020,-36.1576304,145.4243197,21602141320,Wunghnu,216021413,Numurkah,Moira,24900
3636,DRUMANURE,VIC,Delivery Area,Updated 6-Feb-2020,-36.1480316,145.4945938,21602141337,Numurkah,216021413,Numurkah,Moira,24900
3636,INVERGORDON,VIC,Delivery Area,Updated 6-Feb-2020,-36.1313962,145.6023644,21602141337,Numurkah,216021413,Numurkah,Moira,24900
3636,NARING,VIC,Delivery Area,Updated 6-Feb-2020,-36.0711365,145.5739362,21602141337,Numurkah,216021413,Numurkah,Moira,24900
3636,NUMURKAH,VIC,Delivery Area,Updated 6-Feb-2020,-36.0883415,145.442323,21602141337,Numurkah,216021413,Numurkah,Moira,24900
3637,WAAIA,VIC,Delivery Area,Updated 6-Feb-2020,-36.0549166,145.3122755,21602141327,Waaia,216021413,Numurkah,Moira,24900
3637,YALCA,VIC,Delivery Area,Updated 6-Feb-2020,-35.925,145.333056,21602141327,Waaia,216021413,Numurkah,Moira,24900
3638,KOTUPNA,VIC,Delivery Area,Updated 6-Feb-2020,-36.1483333,145.1334448,21602141336,Nathalia,216021413,Numurkah,Moira,24900
3638,NATHALIA,VIC,Delivery Area,Updated 6-Feb-2020,-36.058333,145.203611,21602141336,Nathalia,216021413,Numurkah,Moira,24900
3638,YIELIMA,VIC,Delivery Area,Updated 6-Feb-2020,-35.9237539,145.1907129,21602141336,Nathalia,216021413,Numurkah,Moira,24900
3639,BARMAH,VIC,Delivery Area,Updated 6-Feb-2020,-36.0175,144.965278,21602141338,Barmah,216021413,Numurkah,Moira,24900
3639,LOWER MOIRA,VIC,Delivery Area,Updated 6-Feb-2020,-36.0632474,145.0250582,21602141338,Barmah,216021413,Numurkah,Moira,24900
3639,PICOLA,VIC,Delivery Area,Updated 6-Feb-2020,-36.0113631,145.1324102,21602141338,Barmah,216021413,Numurkah,Moira,24900
3639,PICOLA WEST,VIC,Delivery Area,Updated 6-Feb-2020,-35.9668967,145.0669104,21602141338,Barmah,216021413,Numurkah,Moira,24900
3640,KATUNGA,VIC,Delivery Area,Updated 6-Feb-2020,-36.0111562,145.4693163,21602141308,Katunga,216021413,Numurkah,Moira,24900
3641,BEARII,VIC,Delivery Area,Updated 6-Feb-2020,-35.9,145.333333,21602141335,Strathmerton,216021413,Numurkah,Moira,24900
3641,MYWEE,VIC,Delivery Area,Updated 6-Feb-2020,-35.8513318,145.5105258,21602141335,Strathmerton,216021413,Numurkah,Moira,24900
3641,STRATHMERTON,VIC,Delivery Area,Updated 6-Feb-2020,-35.9401904,145.4762409,21602141335,Strathmerton,216021413,Numurkah,Moira,24900
3641,ULUPNA,VIC,Delivery Area,Updated 6-Feb-2020,-35.8354844,145.4531112,21602141335,Strathmerton,216021413,Numurkah,Moira,24900
3644,COBRAM,VIC,Delivery Area,Updated 6-Feb-2020,-35.966667,145.65,21602141326,Yarroweyah,216021413,Numurkah,Berrigan,10650
3644,COBRAM EAST,VIC,Delivery Area,Updated 6-Feb-2020,-35.968929,145.7140853,21602141326,Yarroweyah,216021413,Numurkah,Berrigan,10650
3644,KOONOOMOO,VIC,Delivery Area,Updated 6-Feb-2020,-35.888682,145.5750049,21602141326,Yarroweyah,216021413,Numurkah,Berrigan,10650
3644,MUCKATAH,VIC,Delivery Area,Updated 6-Feb-2020,-36.0007918,145.6197031,21602141326,Yarroweyah,216021413,Numurkah,Berrigan,10650
3644,YARROWEYAH,VIC,Delivery Area,Updated 6-Feb-2020,-35.933333,145.55,21602141326,Yarroweyah,216021413,Numurkah,Berrigan,10650
3646,DOOKIE,VIC,Delivery Area,Updated 6-Feb-2020,-36.3117549,145.7104485,21603141810,Nalinga,216031418,Shepparton Surrounds - East,Strathbogie,26430
3646,MOUNT MAJOR,VIC,Delivery Area,Updated 6-Feb-2020,-36.3645428,145.704712,21603141810,Nalinga,216031418,Shepparton Surrounds - East,Strathbogie,26430
3646,NALINGA,VIC,Delivery Area,Updated 6-Feb-2020,-36.4351273,145.7304041,21603141810,Nalinga,216031418,Shepparton Surrounds - East,Strathbogie,26430
3646,WAGGARANDALL,VIC,Delivery Area,Updated 6-Feb-2020,-36.251944,145.800556,21603141810,Nalinga,216031418,Shepparton Surrounds - East,Strathbogie,26430
3646,WATTVILLE,VIC,Delivery Area,Updated 6-Feb-2020,-36.247446,145.704042,21603141810,Nalinga,216031418,Shepparton Surrounds - East,Strathbogie,26430
3646,YABBA NORTH,VIC,Delivery Area,Updated 6-Feb-2020,-36.216389,145.689722,21603141810,Nalinga,216031418,Shepparton Surrounds - East,Strathbogie,26430
3646,YABBA SOUTH,VIC,Delivery Area,Updated 6-Feb-2020,-36.2824397,145.6950058,21603141810,Nalinga,216031418,Shepparton Surrounds - East,Strathbogie,26430
3646,YOUANMITE,VIC,Delivery Area,Updated 6-Feb-2020,-36.1839147,145.6807625,21603141810,Nalinga,216031418,Shepparton Surrounds - East,Strathbogie,26430
3647,DOOKIE COLLEGE,VIC,LVR,Updated 6-Feb-2020,-36.3969441,145.6967281,21603141810,Nalinga,216031418,Shepparton Surrounds - East,Greater Shepparton,22830
3649,KATAMATITE,VIC,Delivery Area,Updated 6-Feb-2020,-36.0527793,145.6835389,21602141209,Katamatite East,216021412,Moira,Moira,24900
3649,KATAMATITE EAST,VIC,Delivery Area,Updated 6-Feb-2020,-36.0110345,145.7484624,21602141209,Katamatite East,216021412,Moira,Moira,24900
3658,BROADFORD,VIC,Delivery Area,Updated 6-Feb-2020,-37.2110528,145.063089,20904122424,Waterford Park,209041224,Wallan,Murrindindi,25620
3658,CLONBINANE,VIC,Delivery Area,Updated 25-Mar-2020 SA3,-37.2110528,145.063089,20904122424,Waterford Park,209041224,Wallan,Murrindindi,25620
3658,FLOWERDALE,VIC,Delivery Area,Updated 6-Feb-2020,-37.3190608,145.3288655,20904122424,Waterford Park,209041224,Wallan,Murrindindi,25620
3658,HAZELDENE,VIC,Delivery Area,Updated 6-Feb-2020,-37.3632656,145.2789336,20904122424,Waterford Park,209041224,Wallan,Murrindindi,25620
3658,REEDY CREEK,VIC,Delivery Area,Updated 6-Feb-2020,-37.2652467,145.1486206,20904122424,Waterford Park,209041224,Wallan,Murrindindi,25620
3658,STRATH CREEK,VIC,Delivery Area,Updated 6-Feb-2020,-37.2365,145.2212,20904122424,Waterford Park,209041224,Wallan,Murrindindi,25620
3658,SUGARLOAF CREEK,VIC,Delivery Area,Updated 6-Feb-2020,-37.1339,145.038,20904122424,Waterford Park,209041224,Wallan,Murrindindi,25620
3658,SUNDAY CREEK,VIC,Delivery Area,Updated 6-Feb-2020,-37.2441508,145.0438252,20904122424,Waterford Park,209041224,Wallan,Murrindindi,25620
3658,TYAAK,VIC,Delivery Area,Updated 6-Feb-2020,-37.2209691,145.1431018,20904122424,Waterford Park,209041224,Wallan,Murrindindi,25620
3658,WATERFORD PARK,VIC,Delivery Area,Updated 6-Feb-2020,-37.3006634,145.0665658,20904122424,Waterford Park,209041224,Wallan,Murrindindi,25620
3659,SUGARLOAF CREEK,VIC,Delivery Area,Updated 6-Feb-2020,-37.1338836,145.0383133,20401106006,Tallarook,204011060,Seymour Surrounds,Mitchell,24850
3659,TALLAROOK,VIC,Delivery Area,Updated 6-Feb-2020,-37.1126329,145.1155133,20401106006,Tallarook,204011060,Seymour Surrounds,Mitchell,24850
3660,CAVEAT,VIC,Delivery Area,Updated 6-Feb-2020,-37.0557415,145.4824736,20401106208,Strath Creek,204011062,Yea,Murrindindi,25620
3660,DROPMORE,VIC,Delivery Area,Updated 6-Feb-2020,-37.0340431,145.4164353,20401106208,Strath Creek,204011062,Yea,Murrindindi,25620
3660,DYSART,VIC,Delivery Area,Updated 6-Feb-2020,-37.0434842,145.1032715,20401106208,Strath Creek,204011062,Yea,Murrindindi,25620
3660,HIGHLANDS,VIC,Delivery Area,Updated 6-Feb-2020,-37.1016951,145.3927933,20401106208,Strath Creek,204011062,Yea,Murrindindi,25620
3660,HILLDENE,VIC,Delivery Area,Updated 6-Sep-2025,-37.0395,145.038,20401106208,Strath Creek,204011062,Yea,Murrindindi,25620
3660,KERRISDALE,VIC,Delivery Area,Updated 6-Feb-2020,-37.1761808,145.2542355,20401106208,Strath Creek,204011062,Yea,Murrindindi,25620
3660,KOBYBOYN,VIC,Delivery Area,Updated 6-Feb-2020,-37.0460551,145.227921,20401106208,Strath Creek,204011062,Yea,Murrindindi,25620
3660,NORTHWOOD,VIC,Delivery Area,Updated 6-Feb-2020,-36.9482551,145.1044805,20401106208,Strath Creek,204011062,Yea,Murrindindi,25620
3660,SEYMOUR,VIC,Delivery Area,Updated 6-Feb-2020,-37.0160797,145.1619887,20401106208,Strath Creek,204011062,Yea,Murrindindi,25620
3660,SEYMOUR SOUTH,VIC,Delivery Area,Updated 6-Feb-2020,-37.0291548,145.1446034,20401106208,Strath Creek,204011062,Yea,Murrindindi,25620
3660,TRAWOOL,VIC,Delivery Area,Updated 6-Feb-2020,-37.1089414,145.215564,20401106208,Strath Creek,204011062,Yea,Murrindindi,25620
3660,WHITEHEADS CREEK,VIC,Delivery Area,Updated 6-Feb-2020,-37.0266674,145.2576892,20401106208,Strath Creek,204011062,Yea,Murrindindi,25620
3662,PUCKAPUNYAL,VIC,Delivery Area,Updated 6-Feb-2020,-36.9514,144.917,20401106011,Puckapunyal,204011060,Seymour Surrounds,Mitchell,24850
3662,PUCKAPUNYAL MILPO,VIC,Delivery Area,Updated 6-Feb-2020,-36.9976,145.026,20401106011,Puckapunyal,204011060,Seymour Surrounds,Mitchell,24850
3663,MANGALORE,VIC,Delivery Area,Updated 6-Feb-2020,-36.9383316,145.1596592,20401105810,Mangalore (Vic.),204011058,Nagambie,Mitchell,24850
3664,AVENEL,VIC,Delivery Area,Updated 6-Feb-2020,-36.9,145.233333,20401105811,Upton Hill,204011058,Nagambie,Mitchell,24850
3664,UPTON HILL,VIC,Delivery Area,Updated 6-Feb-2020,-36.8873,145.409,20401105811,Upton Hill,204011058,Nagambie,Mitchell,24850
3665,LOCKSLEY,VIC,Delivery Area,Updated 6-Feb-2020,-36.8520512,145.3399273,20401105811,Upton Hill,204011058,Nagambie,Strathbogie,26430
3665,LONGWOOD,VIC,Delivery Area,Updated 6-Feb-2020,-36.8488197,145.4080574,20401105811,Upton Hill,204011058,Nagambie,Strathbogie,26430
3665,PRANJIP,VIC,Delivery Area,Updated 6-Feb-2020,-36.7191775,145.3554853,20401105811,Upton Hill,204011058,Nagambie,Strathbogie,26430
3666,BALMATTUM,VIC,Delivery Area,Updated 6-Feb-2020,-36.7132029,145.6543908,20401106007,Whiteheads Creek,204011060,Seymour Surrounds,Murrindindi,25620
3666,CREIGHTON,VIC,Delivery Area,Updated 6-Feb-2020,-36.7742293,145.4916348,20401106007,Whiteheads Creek,204011060,Seymour Surrounds,Murrindindi,25620
3666,CREIGHTONS CREEK,VIC,Delivery Area,Updated 6-Feb-2020,-36.8567727,145.5337363,20401106007,Whiteheads Creek,204011060,Seymour Surrounds,Murrindindi,25620
3666,EUROA,VIC,Delivery Area,Updated 6-Feb-2020,-36.75,145.566667,20401106007,Whiteheads Creek,204011060,Seymour Surrounds,Murrindindi,25620
3666,GOORAM,VIC,Delivery Area,Updated 6-Feb-2020,-36.9107466,145.6002839,20401106007,Whiteheads Creek,204011060,Seymour Surrounds,Murrindindi,25620
3666,KELVIN VIEW,VIC,Delivery Area,Updated 6-Feb-2020,-36.8213209,145.6682696,20401106007,Whiteheads Creek,204011060,Seymour Surrounds,Murrindindi,25620
3666,KITHBROOK,VIC,Delivery Area,Updated 6-Feb-2020,-36.8147407,145.7390855,20401106007,Whiteheads Creek,204011060,Seymour Surrounds,Murrindindi,25620
3666,LONGWOOD EAST,VIC,Delivery Area,Updated 6-Feb-2020,-36.8524,145.451,20401106007,Whiteheads Creek,204011060,Seymour Surrounds,Murrindindi,25620
3666,MIEPOLL,VIC,Delivery Area,Updated 6-Feb-2020,-36.673863,145.4838586,20401106007,Whiteheads Creek,204011060,Seymour Surrounds,Murrindindi,25620
3666,MOGLONEMBY,VIC,Delivery Area,Updated 6-Feb-2020,-36.6901911,145.5597255,20401106007,Whiteheads Creek,204011060,Seymour Surrounds,Murrindindi,25620
3666,MOLKA,VIC,Delivery Area,Updated 6-Feb-2020,-36.6968268,145.3651672,20401106007,Whiteheads Creek,204011060,Seymour Surrounds,Murrindindi,25620
3666,PRANJIP,VIC,Delivery Area,Updated 6-Feb-2020,-36.7192,145.355,20401106007,Whiteheads Creek,204011060,Seymour Surrounds,Murrindindi,25620
3666,RIGGS CREEK,VIC,Delivery Area,Updated 6-Feb-2020,-36.6690989,145.591616,20401106007,Whiteheads Creek,204011060,Seymour Surrounds,Murrindindi,25620
3666,RUFFY,VIC,Delivery Area,Updated 6-Feb-2020,-36.9262697,145.5032522,20401106007,Whiteheads Creek,204011060,Seymour Surrounds,Murrindindi,25620
3666,SHEANS CREEK,VIC,Delivery Area,Updated 6-Feb-2020,-36.772379,145.6376697,20401106007,Whiteheads Creek,204011060,Seymour Surrounds,Murrindindi,25620
3666,STRATHBOGIE,VIC,Delivery Area,Updated 6-Feb-2020,-36.879426,145.7113079,20401106007,Whiteheads Creek,204011060,Seymour Surrounds,Murrindindi,25620
3666,TARCOMBE,VIC,Delivery Area,Updated 6-Feb-2020,-37.025124,145.3624009,20401106007,Whiteheads Creek,204011060,Seymour Surrounds,Murrindindi,25620
3669,BOHO,VIC,Delivery Area,Updated 6-Feb-2020,-36.6787636,145.7752094,21603141813,Violet Town,216031418,Shepparton Surrounds - East,Mansfield,24250
3669,BOHO SOUTH,VIC,Delivery Area,Updated 6-Feb-2020,-36.7972508,145.7929572,21603141813,Violet Town,216031418,Shepparton Surrounds - East,Mansfield,24250
3669,CREEK JUNCTION,VIC,Delivery Area,Updated 6-Feb-2020,-36.818865,145.8138652,21603141813,Violet Town,216031418,Shepparton Surrounds - East,Mansfield,24250
3669,EARLSTON,VIC,Delivery Area,Updated 6-Feb-2020,-36.5370029,145.6918687,21603141813,Violet Town,216031418,Shepparton Surrounds - East,Mansfield,24250
3669,GOWANGARDIE,VIC,Delivery Area,Updated 6-Feb-2020,-36.4962518,145.7271278,21603141813,Violet Town,216031418,Shepparton Surrounds - East,Mansfield,24250
3669,KOONDA,VIC,Delivery Area,Updated 6-Feb-2020,-36.495663,145.7446421,21603141813,Violet Town,216031418,Shepparton Surrounds - East,Mansfield,24250
3669,MARRAWEENEY,VIC,Delivery Area,Updated 6-Feb-2020,-36.7602995,145.7474205,21603141813,Violet Town,216031418,Shepparton Surrounds - East,Mansfield,24250
3669,TAMLEUGH,VIC,Delivery Area,Updated 6-Feb-2020,-36.5764428,145.5753227,21603141813,Violet Town,216031418,Shepparton Surrounds - East,Mansfield,24250
3669,TAMLEUGH NORTH,VIC,Delivery Area,Updated 6-Feb-2020,-36.5198021,145.580869,21603141813,Violet Town,216031418,Shepparton Surrounds - East,Mansfield,24250
3669,UPOTIPOTPON,VIC,Delivery Area,Updated 6-Feb-2020,-36.5249,145.768,21603141813,Violet Town,216031418,Shepparton Surrounds - East,Mansfield,24250
3669,VIOLET TOWN,VIC,Delivery Area,Updated 6-Feb-2020,-36.6372041,145.7141065,21603141813,Violet Town,216031418,Shepparton Surrounds - East,Mansfield,24250
3670,BADDAGINNIE,VIC,Delivery Area,Updated 6-Feb-2020,-36.5986338,145.8739293,20402106405,Warrenbayne,204021064,Benalla Surrounds,Strathbogie,26430
3670,TARNOOK,VIC,Delivery Area,Updated 6-Feb-2020,-36.5440788,145.8737829,20402106405,Warrenbayne,204021064,Benalla Surrounds,Strathbogie,26430
3670,WARRENBAYNE,VIC,Delivery Area,Updated 6-Feb-2020,-36.6801239,145.9382944,20402106405,Warrenbayne,204021064,Benalla Surrounds,Strathbogie,26430
3672,BENALLA,VIC,Delivery Area,Updated 6-Feb-2020,-36.6181709,145.9804173,20402106329,Benalla,204021063,Benalla,Benalla,21010
3672,BENALLA WEST,VIC,Delivery Area,Updated 6-Feb-2020,-36.5556311,145.9733001,20402106329,Benalla,204021063,Benalla,Benalla,21010
3673,BENALLA,VIC,Delivery Area,Updated 6-Feb-2020,-36.5462,145.963,20402106409,Winton (Vic.),204021064,Benalla Surrounds,Mansfield,24250
3673,BROKEN CREEK,VIC,Delivery Area,Updated 6-Feb-2020,-36.4324114,145.8861029,20402106409,Winton (Vic.),204021064,Benalla Surrounds,Mansfield,24250
3673,GOOMALIBEE,VIC,Delivery Area,Updated 6-Feb-2020,-36.4955067,145.8767117,20402106409,Winton (Vic.),204021064,Benalla Surrounds,Mansfield,24250
3673,KILFEERA,VIC,Delivery Area,Updated 6-Feb-2020,-36.6115,146.113,20402106409,Winton (Vic.),204021064,Benalla Surrounds,Mansfield,24250
3673,LAKE MOKOAN,VIC,Delivery Area,Updated 6-Feb-2020,-36.4641,146.021,20402106409,Winton (Vic.),204021064,Benalla Surrounds,Mansfield,24250
3673,LIMA,VIC,Delivery Area,Updated 6-Feb-2020,-36.7500283,145.9504767,20402106409,Winton (Vic.),204021064,Benalla Surrounds,Mansfield,24250
3673,LIMA EAST,VIC,Delivery Area,Updated 6-Feb-2020,-36.7795957,145.9644013,20402106409,Winton (Vic.),204021064,Benalla Surrounds,Mansfield,24250
3673,LIMA SOUTH,VIC,Delivery Area,Updated 6-Feb-2020,-36.8209276,146.0041043,20402106409,Winton (Vic.),204021064,Benalla Surrounds,Mansfield,24250
3673,LURG,VIC,Delivery Area,Updated 6-Feb-2020,-36.5828157,146.1623601,20402106409,Winton (Vic.),204021064,Benalla Surrounds,Mansfield,24250
3673,MOLYULLAH,VIC,Delivery Area,Updated 6-Feb-2020,-36.7084797,146.1735254,20402106409,Winton (Vic.),204021064,Benalla Surrounds,Mansfield,24250
3673,MOORNGAG,VIC,Delivery Area,Updated 6-Feb-2020,-36.7233487,146.0452061,20402106409,Winton (Vic.),204021064,Benalla Surrounds,Mansfield,24250
3673,SAMARIA,VIC,Delivery Area,Updated 6-Feb-2020,-36.8090593,146.070298,20402106409,Winton (Vic.),204021064,Benalla Surrounds,Mansfield,24250
3673,SWANPOOL,VIC,Delivery Area,Updated 6-Feb-2020,-36.7625013,145.999449,20402106409,Winton (Vic.),204021064,Benalla Surrounds,Mansfield,24250
3673,TATONG,VIC,Delivery Area,Updated 6-Feb-2020,-36.7126488,146.1009752,20402106409,Winton (Vic.),204021064,Benalla Surrounds,Mansfield,24250
3673,UPOTIPOTPON,VIC,Delivery Area,Updated 6-Feb-2020,-36.5248655,145.7682613,20402106409,Winton (Vic.),204021064,Benalla Surrounds,Mansfield,24250
3673,UPPER LURG,VIC,Delivery Area,Updated 6-Feb-2020,-36.5693712,146.182688,20402106409,Winton (Vic.),204021064,Benalla Surrounds,Mansfield,24250
3673,UPPER RYANS CREEK,VIC,Delivery Area,Updated 6-Feb-2020,-36.6386279,146.1931616,20402106409,Winton (Vic.),204021064,Benalla Surrounds,Mansfield,24250
3673,WINTON,VIC,Delivery Area,Updated 6-Feb-2020,-36.5179166,146.0843236,20402106409,Winton (Vic.),204021064,Benalla Surrounds,Mansfield,24250
3673,WINTON NORTH,VIC,Delivery Area,Updated 6-Feb-2020,-36.4700488,146.1381795,20402106409,Winton (Vic.),204021064,Benalla Surrounds,Mansfield,24250
3675,BOWEYA,VIC,Delivery Area,Updated 6-Feb-2020,-36.2159557,146.1265609,21602141206,Yarrawonga South,216021412,Moira,Moira,24900
3675,BOWEYA NORTH,VIC,Delivery Area,Updated 6-Feb-2020,-36.2159557,146.1265609,21602141206,Yarrawonga South,216021412,Moira,Moira,24900
3675,GLENROWAN,VIC,Delivery Area,Updated 6-Feb-2020,-36.4468841,146.2321651,21602141206,Yarrawonga South,216021412,Moira,Moira,24900
3675,GLENROWAN WEST,VIC,Delivery Area,Updated 6-Feb-2020,-36.5461163,146.1530661,21602141206,Yarrawonga South,216021412,Moira,Moira,24900
3675,GRETA,VIC,Delivery Area,Updated 6-Feb-2020,-36.5586809,146.262896,21602141206,Yarrawonga South,216021412,Moira,Moira,24900
3675,GRETA SOUTH,VIC,Delivery Area,Updated 6-Feb-2020,-36.6313773,146.2391485,21602141206,Yarrawonga South,216021412,Moira,Moira,24900
3675,GRETA WEST,VIC,Delivery Area,Updated 6-Feb-2020,-36.5219436,146.2268784,21602141206,Yarrawonga South,216021412,Moira,Moira,24900
3675,HANSONVILLE,VIC,Delivery Area,Updated 6-Feb-2020,-36.5928571,146.2573078,21602141206,Yarrawonga South,216021412,Moira,Moira,24900
3675,MOUNT BRUNO,VIC,Delivery Area,Updated 6-Feb-2020,-36.3209075,146.1550012,21602141206,Yarrawonga South,216021412,Moira,Moira,24900
3675,TAMINICK,VIC,Delivery Area,Updated 6-Feb-2020,-36.4030874,146.1665469,21602141206,Yarrawonga South,216021412,Moira,Moira,24900
3677,APPIN PARK,VIC,Delivery Area,Updated 6-Feb-2020,-36.3428863,146.3002551,20402106721,Wangaratta South,204021067,Wangaratta Surrounds,Wangaratta,26700
3677,WANGARATTA,VIC,Delivery Area,Updated 6-Feb-2020,-36.3742363,146.3264849,20402106721,Wangaratta South,204021067,Wangaratta Surrounds,Wangaratta,26700
3677,WANGARATTA WEST,VIC,Delivery Area,Updated 6-Feb-2020,-36.35412,146.3044445,20402106721,Wangaratta South,204021067,Wangaratta Surrounds,Wangaratta,26700
3677,YARRUNGA,VIC,Delivery Area,Updated 6-Feb-2020,-36.3718147,146.317749,20402106721,Wangaratta South,204021067,Wangaratta Surrounds,Wangaratta,26700
3678,BOBINAWARRAH,VIC,Delivery Area,Updated 6-Feb-2020,-36.5119792,146.4782938,21602141204,Peechelba,216021412,Moira,Moira,24900
3678,BOORHAMAN,VIC,Delivery Area,Updated 6-Feb-2020,-36.2319711,146.3048179,21602141204,Peechelba,216021412,Moira,Moira,24900
3678,BOORHAMAN EAST,VIC,Delivery Area,Updated 6-Feb-2020,-36.1502928,146.2932875,21602141204,Peechelba,216021412,Moira,Moira,24900
3678,BOWSER,VIC,Delivery Area,Updated 6-Feb-2020,-36.30639,146.3628409,21602141204,Peechelba,216021412,Moira,Moira,24900
3678,BYAWATHA,VIC,Delivery Area,Updated 6-Feb-2020,-36.2872867,146.4730626,21602141204,Peechelba,216021412,Moira,Moira,24900
3678,CARBOOR,VIC,Delivery Area,Updated 6-Feb-2020,-36.6023424,146.5133073,21602141204,Peechelba,216021412,Moira,Moira,24900
3678,CHESHUNT,VIC,Delivery Area,Updated 6-Feb-2020,-36.7981846,146.427897,21602141204,Peechelba,216021412,Moira,Moira,24900
3678,CHESHUNT SOUTH,VIC,Delivery Area,Updated 6-Feb-2020,-36.921498,146.4220082,21602141204,Peechelba,216021412,Moira,Moira,24900
3678,DOCKER,VIC,Delivery Area,Updated 6-Feb-2020,-36.5262151,146.3831224,21602141204,Peechelba,216021412,Moira,Moira,24900
3678,DOCKERS PLAINS,VIC,Delivery Area,Updated 6-Feb-2020,-36.2945672,146.3385323,21602141204,Peechelba,216021412,Moira,Moira,24900
3678,EAST WANGARATTA,VIC,Delivery Area,Updated 6-Feb-2020,-36.358964,146.385437,21602141204,Peechelba,216021412,Moira,Moira,24900
3678,EDI,VIC,Delivery Area,Updated 6-Feb-2020,-36.6387619,146.4193903,21602141204,Peechelba,216021412,Moira,Moira,24900
3678,EDI UPPER,VIC,Delivery Area,Updated 6-Feb-2020,-36.7181217,146.4698925,21602141204,Peechelba,216021412,Moira,Moira,24900
3678,EVERTON,VIC,Delivery Area,Updated 6-Feb-2020,-36.4274862,146.5343216,21602141204,Peechelba,216021412,Moira,Moira,24900
3678,EVERTON UPPER,VIC,Delivery Area,Updated 6-Feb-2020,-36.397199,146.5413273,21602141204,Peechelba,216021412,Moira,Moira,24900
3678,KILLAWARRA,VIC,Delivery Area,Updated 6-Feb-2020,-36.2642952,146.2475293,21602141204,Peechelba,216021412,Moira,Moira,24900
3678,KING VALLEY,VIC,Delivery Area,Updated 6-Feb-2020,-36.694722,146.401667,21602141204,Peechelba,216021412,Moira,Moira,24900
3678,LACEBY,VIC,Delivery Area,Updated 6-Feb-2020,-36.4339973,146.3160003,21602141204,Peechelba,216021412,Moira,Moira,24900
3678,LONDRIGAN,VIC,Delivery Area,Updated 6-Feb-2020,-36.3379002,146.4371315,21602141204,Peechelba,216021412,Moira,Moira,24900
3678,MARKWOOD,VIC,Delivery Area,Updated 6-Feb-2020,-36.4695354,146.5056032,21602141204,Peechelba,216021412,Moira,Moira,24900
3678,MEADOW CREEK,VIC,Delivery Area,Updated 6-Feb-2020,-36.6136561,146.4656921,21602141204,Peechelba,216021412,Moira,Moira,24900
3678,MILAWA,VIC,Delivery Area,Updated 6-Feb-2020,-36.433333,146.433333,21602141204,Peechelba,216021412,Moira,Moira,24900
3678,NORTH WANGARATTA,VIC,Delivery Area,Updated 6-Feb-2020,-36.3285622,146.3663374,21602141204,Peechelba,216021412,Moira,Moira,24900
3678,OXLEY,VIC,Delivery Area,Updated 6-Feb-2020,-36.4349409,146.3554145,21602141204,Peechelba,216021412,Moira,Moira,24900
3678,OXLEY FLATS,VIC,Delivery Area,Updated 6-Feb-2020,-36.3984929,146.3957459,21602141204,Peechelba,216021412,Moira,Moira,24900
3678,PEECHELBA,VIC,Delivery Area,Updated 6-Feb-2020,-36.2,146.233333,21602141204,Peechelba,216021412,Moira,Moira,24900
3678,PEECHELBA EAST,VIC,Delivery Area,Updated 6-Feb-2020,-36.1754934,146.2569585,21602141204,Peechelba,216021412,Moira,Moira,24900
3678,ROSE RIVER,VIC,Delivery Area,Updated 6-Feb-2020,-36.8352482,146.5795179,21602141204,Peechelba,216021412,Moira,Moira,24900
3678,TARRAWINGEE,VIC,Delivery Area,Updated 6-Feb-2020,-36.39,146.449722,21602141204,Peechelba,216021412,Moira,Moira,24900
3678,WABONGA,VIC,Delivery Area,Updated 6-Feb-2020,-37.0332642,146.5509974,21602141204,Peechelba,216021412,Moira,Moira,24900
3678,WALDARA,VIC,Delivery Area,Updated 6-Feb-2020,-36.318486,146.2873482,21602141204,Peechelba,216021412,Moira,Moira,24900
3678,WANGANDARY,VIC,Delivery Area,Updated 6-Feb-2020,-36.3265068,146.2370535,21602141204,Peechelba,216021412,Moira,Moira,24900
3678,WANGARATTA FORWARD,VIC,Delivery Area,Updated 6-Feb-2020,-36.3683,146.317,21602141204,Peechelba,216021412,Moira,Moira,24900
3678,WANGARATTA SOUTH,VIC,Delivery Area,Updated 6-Feb-2020,-36.3913281,146.2594033,21602141204,Peechelba,216021412,Moira,Moira,24900
3678,WHITLANDS,VIC,Delivery Area,Updated 6-Feb-2020,-36.7752812,146.3635402,21602141204,Peechelba,216021412,Moira,Moira,24900
3682,BORALMA,VIC,Delivery Area,Updated 6-Feb-2020,-36.2465182,146.404078,20402106708,Eldorado,204021067,Wangaratta Surrounds,Indigo,23350
3682,LILLIPUT,VIC,Delivery Area,Updated 6-Feb-2020,-36.1506796,146.445966,20402106708,Eldorado,204021067,Wangaratta Surrounds,Indigo,23350
3682,NORONG,VIC,Delivery Area,Updated 6-Feb-2020,-36.072901,146.320194,20402106708,Eldorado,204021067,Wangaratta Surrounds,Indigo,23350
3682,SPRINGHURST,VIC,Delivery Area,Updated 6-Feb-2020,-36.183333,146.466667,20402106708,Eldorado,204021067,Wangaratta Surrounds,Indigo,23350
3683,CHILTERN,VIC,Delivery Area,Updated 6-Feb-2020,-36.15,146.6,20403107009,Chiltern,204031070,Chiltern - Indigo Valley,Indigo,23350
3683,CHILTERN VALLEY,VIC,Delivery Area,Updated 6-Feb-2020,-36.1478692,146.5584937,20403107009,Chiltern,204031070,Chiltern - Indigo Valley,Indigo,23350
3683,CORNISHTOWN,VIC,Delivery Area,Updated 6-Feb-2020,-36.1030334,146.5609463,20403107009,Chiltern,204031070,Chiltern - Indigo Valley,Indigo,23350
3683,INDIGO,VIC,Delivery Area,Updated 6-Feb-2020,-36.1761,146.584,20403107009,Chiltern,204031070,Chiltern - Indigo Valley,Indigo,23350
3685,BOORHAMAN NORTH,VIC,Delivery Area,Updated 6-Feb-2020,-36.0937184,146.2234366,20403107005,Browns Plains (Vic.),204031070,Chiltern - Indigo Valley,Wangaratta,26700
3685,BRIMIN,VIC,Delivery Area,Updated 6-Feb-2020,-36.0670425,146.3047796,20403107005,Browns Plains (Vic.),204031070,Chiltern - Indigo Valley,Wangaratta,26700
3685,BROWNS PLAINS,VIC,Delivery Area,Updated 6-Feb-2020,-36.0554544,146.6366569,20403107005,Browns Plains (Vic.),204031070,Chiltern - Indigo Valley,Wangaratta,26700
3685,CARLYLE,VIC,Delivery Area,Updated 6-Feb-2020,-36.013283,146.4754933,20403107005,Browns Plains (Vic.),204031070,Chiltern - Indigo Valley,Wangaratta,26700
3685,DUGAYS BRIDGE,VIC,Delivery Area,Updated 6-Feb-2020,-36.0595,146.3,20403107005,Browns Plains (Vic.),204031070,Chiltern - Indigo Valley,Wangaratta,26700
3685,GOORAMADDA,VIC,Delivery Area,Updated 6-Feb-2020,-35.9971399,146.5809197,20403107005,Browns Plains (Vic.),204031070,Chiltern - Indigo Valley,Wangaratta,26700
3685,GREAT SOUTHERN,VIC,Delivery Area,Updated 6-Feb-2020,-36.0835088,146.4889087,20403107005,Browns Plains (Vic.),204031070,Chiltern - Indigo Valley,Wangaratta,26700
3685,LAKE MOODEMERE,VIC,Delivery Area,Updated 6-Feb-2020,-36.0555906,146.3894175,20403107005,Browns Plains (Vic.),204031070,Chiltern - Indigo Valley,Wangaratta,26700
3685,NORONG CENTRAL,VIC,Delivery Area,Updated 6-Feb-2020,-36.0826,146.333,20403107005,Browns Plains (Vic.),204031070,Chiltern - Indigo Valley,Wangaratta,26700
3685,PRENTICE NORTH,VIC,Delivery Area,Updated 6-Feb-2020,-36.03,146.5,20403107005,Browns Plains (Vic.),204031070,Chiltern - Indigo Valley,Wangaratta,26700
3685,RUTHERGLEN,VIC,Delivery Area,Updated 6-Feb-2020,-36.055556,146.4625,20403107005,Browns Plains (Vic.),204031070,Chiltern - Indigo Valley,Wangaratta,26700
3687,CARLYLE,VIC,Delivery Area,Updated 6-Feb-2020,-36.0163,146.439,20402106512,Wahgunyah,204021065,Rutherglen,Indigo,23350
3687,WAHGUNYAH,VIC,Delivery Area,Updated 6-Feb-2020,-35.9852648,146.4383942,20402106512,Wahgunyah,204021065,Rutherglen,Indigo,23350
3688,BARNAWARTHA,VIC,Delivery Area,Updated 6-Feb-2020,-36.112928,146.655462,20403107008,Indigo Valley,204031070,Chiltern - Indigo Valley,Indigo,23350
3688,BARNAWARTHA NORTH,VIC,Delivery Area,Updated 6-Feb-2020,-36.0655,146.745,20403107008,Indigo Valley,204031070,Chiltern - Indigo Valley,Indigo,23350
3688,INDIGO UPPER,VIC,Delivery Area,Updated 6-Feb-2020,-36.2381,146.793,20403107008,Indigo Valley,204031070,Chiltern - Indigo Valley,Indigo,23350
3688,INDIGO VALLEY,VIC,Delivery Area,Updated 6-Feb-2020,-36.1773993,146.7464131,20403107008,Indigo Valley,204031070,Chiltern - Indigo Valley,Indigo,23350
3690,WEST WODONGA,VIC,Delivery Area,Updated 6-Feb-2020,-36.1242129,146.8574235,20403149239,Wodonga,204031492,Wodonga,Wodonga,27170
3690,WODONGA,VIC,Delivery Area,Updated 6-Feb-2020,-36.1240938,146.8817639,20403149239,Wodonga,204031492,Wodonga,Wodonga,27170
3690,WODONGA PLAZA,VIC,Delivery Area,Updated 6-Feb-2020,-36.1209858,146.8823254,20403149239,Wodonga,204031492,Wodonga,Wodonga,27170
3691,ALLANS FLAT,VIC,Delivery Area,Updated 6-Feb-2020,-36.2870441,146.9263742,20403149227,Wodonga,204031492,Wodonga,Albury,10050
3691,BANDIANA,VIC,Delivery Area,Updated 6-Feb-2020,-36.1479,146.927,20403149227,Wodonga,204031492,Wodonga,Albury,10050
3691,BARANDUDA,VIC,Delivery Area,Updated 6-Feb-2020,-36.1933366,146.9496305,20403149227,Wodonga,204031492,Wodonga,Albury,10050
3691,BARNAWARTHA NORTH,VIC,Delivery Area,Updated 6-Feb-2020,-36.065526,146.745223,20403149227,Wodonga,204031492,Wodonga,Albury,10050
3691,BELLBRIDGE,VIC,Delivery Area,Updated 6-Feb-2020,-36.098056,147.058889,20403149227,Wodonga,204031492,Wodonga,Albury,10050
3691,BERRINGAMA,VIC,Delivery Area,Updated 6-Feb-2020,-36.2164826,147.6541763,20403149227,Wodonga,204031492,Wodonga,Albury,10050
3691,BETHANGA,VIC,Delivery Area,Updated 6-Feb-2020,-36.1374717,147.0837049,20403149227,Wodonga,204031492,Wodonga,Albury,10050
3691,BONEGILLA,VIC,Delivery Area,Updated 6-Feb-2020,-36.1304904,146.9865317,20403149227,Wodonga,204031492,Wodonga,Albury,10050
3691,BUNGIL,VIC,Delivery Area,Updated 6-Feb-2020,-36.0473064,147.342353,20403149227,Wodonga,204031492,Wodonga,Albury,10050
3691,CASTLE CREEK,VIC,Delivery Area,Updated 6-Feb-2020,-36.1888471,146.8254903,20403149227,Wodonga,204031492,Wodonga,Albury,10050
3691,CORAL BANK,VIC,Delivery Area,Updated 6-Feb-2020,-36.6134912,147.1036831,20403149227,Wodonga,204031492,Wodonga,Albury,10050
3691,DEDERANG,VIC,Delivery Area,Updated 6-Feb-2020,-36.4738806,147.0175042,20403149227,Wodonga,204031492,Wodonga,Albury,10050
3691,EBDEN,VIC,Delivery Area,Updated 6-Feb-2020,-36.1415988,147.0136321,20403149227,Wodonga,204031492,Wodonga,Albury,10050
3691,GATEWAY ISLAND,VIC,Delivery Area,Updated 6-Feb-2020,-36.096,146.897,20403149227,Wodonga,204031492,Wodonga,Albury,10050
3691,GLEN CREEK,VIC,Delivery Area,Updated 6-Feb-2020,-36.4412799,146.9358703,20403149227,Wodonga,204031492,Wodonga,Albury,10050
3691,GUNDOWRING,VIC,Delivery Area,Updated 6-Feb-2020,-36.3479927,147.0752513,20403149227,Wodonga,204031492,Wodonga,Albury,10050
3691,HUME WEIR,VIC,Delivery Area,Updated 6-Feb-2020,-36.1716037,147.0353982,20403149227,Wodonga,204031492,Wodonga,Albury,10050
3691,HUON CREEK,VIC,Delivery Area,Updated 6-Feb-2020,-36.152069,146.8124847,20403149227,Wodonga,204031492,Wodonga,Albury,10050
3691,KANCOONA,VIC,Delivery Area,Updated 6-Feb-2020,-36.5942273,147.000254,20403149227,Wodonga,204031492,Wodonga,Albury,10050
3691,KANCOONA SOUTH,VIC,Delivery Area,Updated 6-Feb-2020,-36.5961,146.999,20403149227,Wodonga,204031492,Wodonga,Albury,10050
3691,KERGUNYAH,VIC,Delivery Area,Updated 6-Feb-2020,-36.3415784,147.0076483,20403149227,Wodonga,204031492,Wodonga,Albury,10050
3691,KERGUNYAH SOUTH,VIC,Delivery Area,Updated 6-Feb-2020,-36.4268421,147.0361627,20403149227,Wodonga,204031492,Wodonga,Albury,10050
3691,KIEWA,VIC,Delivery Area,Updated 6-Feb-2020,-36.2732078,147.019899,20403149227,Wodonga,204031492,Wodonga,Albury,10050
3691,KILLARA,VIC,Delivery Area,Updated 6-Feb-2020,-36.1385938,146.952051,20403149227,Wodonga,204031492,Wodonga,Albury,10050
3691,LENEVA,VIC,Delivery Area,Updated 6-Feb-2020,-36.2330793,146.8374363,20403149227,Wodonga,204031492,Wodonga,Albury,10050
3691,LONE PINE,VIC,Delivery Area,Updated 6-Feb-2020,-36.2374,146.966,20403149227,Wodonga,204031492,Wodonga,Albury,10050
3691,LUCYVALE,VIC,Delivery Area,Updated 6-Feb-2020,-36.2836195,147.6208862,20403149227,Wodonga,204031492,Wodonga,Albury,10050
3691,MONGANS BRIDGE,VIC,Delivery Area,Updated 6-Feb-2020,-36.5896586,147.1003269,20403149227,Wodonga,204031492,Wodonga,Albury,10050
3691,MOUNT ALFRED,VIC,Delivery Area,Updated 6-Feb-2020,-35.986,147.619,20403149227,Wodonga,204031492,Wodonga,Albury,10050
3691,OSBORNES FLAT,VIC,Delivery Area,Updated 6-Feb-2020,-36.3087971,146.8933207,20403149227,Wodonga,204031492,Wodonga,Albury,10050
3691,RUNNING CREEK,VIC,Delivery Area,Updated 6-Feb-2020,-36.5313566,147.0479616,20403149227,Wodonga,204031492,Wodonga,Albury,10050
3691,STAGHORN FLAT,VIC,Delivery Area,Updated 6-Feb-2020,-36.2667509,146.9457191,20403149227,Wodonga,204031492,Wodonga,Albury,10050
3691,TALGARNO,VIC,Delivery Area,Updated 6-Feb-2020,-36.0658326,147.2208225,20403149227,Wodonga,204031492,Wodonga,Albury,10050
3691,TANGAMBALANGA,VIC,Delivery Area,Updated 6-Feb-2020,-36.233333,147.033333,20403149227,Wodonga,204031492,Wodonga,Albury,10050
3691,THOLOGOLONG,VIC,Delivery Area,Updated 6-Feb-2020,-35.9689949,147.4036985,20403149227,Wodonga,204031492,Wodonga,Albury,10050
3691,UPPER GUNDOWRING,VIC,Delivery Area,Updated 6-Feb-2020,-36.4916755,147.0710248,20403149227,Wodonga,204031492,Wodonga,Albury,10050
3691,WODONGA FORWARD,VIC,Delivery Area,Updated 6-Feb-2020,-36.1241,146.882,20403149227,Wodonga,204031492,Wodonga,Albury,10050
3694,BANDIANA,VIC,Delivery Area,Updated 6-Feb-2020,-36.1479054,146.9269017,,,,,Wodonga,27170
3694,BANDIANA MILPO,VIC,Delivery Area,Updated 6-Feb-2020,-36.1432044,146.9213861,,,,,Wodonga,27170
3695,CHARLEROI,VIC,Delivery Area,Updated 6-Feb-2020,-36.2896032,147.1242215,20403107510,Sandy Creek (Vic.),204031075,Yackandandah,Towong,26670
3695,HUON,VIC,Delivery Area,Updated 6-Feb-2020,-36.2061236,147.0468626,20403107510,Sandy Creek (Vic.),204031075,Yackandandah,Towong,26670
3695,RED BLUFF,VIC,Delivery Area,Updated 6-Feb-2020,-36.304285,147.123674,20403107510,Sandy Creek (Vic.),204031075,Yackandandah,Towong,26670
3695,SANDY CREEK,VIC,Delivery Area,Updated 6-Feb-2020,-36.3581428,147.131622,20403107510,Sandy Creek (Vic.),204031075,Yackandandah,Towong,26670
3697,TAWONGA,VIC,Delivery Area,Updated 6-Feb-2020,-36.6673311,147.168985,20403106927,Tawonga South,204031069,Bright - Mount Beauty,Alpine,20110
3698,TAWONGA SOUTH,VIC,Delivery Area,Updated 6-Feb-2020,-36.7629,147.135,20403106931,Tawonga South,204031069,Bright - Mount Beauty,Alpine,20110
3699,BOGONG,VIC,Delivery Area,Updated 6-Feb-2020,-36.8025742,147.2241735,20502108209,Omeo Valley,205021082,Bruthen - Omeo,East Gippsland,22110
3699,FALLS CREEK,VIC,Delivery Area,Updated 6-Feb-2020,-36.8658814,147.2869802,20502108209,Omeo Valley,205021082,Bruthen - Omeo,East Gippsland,22110
3699,MOUNT BEAUTY,VIC,Delivery Area,Updated 6-Feb-2020,-36.7358203,147.1768206,20502108209,Omeo Valley,205021082,Bruthen - Omeo,East Gippsland,22110
3699,NELSE,VIC,Delivery Area,Updated 6-Feb-2020,-36.8325,147.36,20502108209,Omeo Valley,205021082,Bruthen - Omeo,East Gippsland,22110
3700,BULLIOH,VIC,Delivery Area,Updated 6-Feb-2020,-36.1937039,147.3858095,20403107220,Tallangatta Valley,204031072,Towong,Towong,26670
3700,GEORGES CREEK,VIC,Delivery Area,Updated 6-Feb-2020,-36.1614173,147.2652758,20403107220,Tallangatta Valley,204031072,Towong,Towong,26670
3700,JARVIS CREEK,VIC,Delivery Area,Updated 6-Feb-2020,-36.1713405,147.218909,20403107220,Tallangatta Valley,204031072,Towong,Towong,26670
3700,TALLANGATTA,VIC,Delivery Area,Updated 6-Feb-2020,-36.2194035,147.1933136,20403107220,Tallangatta Valley,204031072,Towong,Towong,26670
3700,TALLANGATTA EAST,VIC,Delivery Area,Updated 6-Feb-2020,-36.2023799,147.304922,20403107220,Tallangatta Valley,204031072,Towong,Towong,26670
3701,DARTMOUTH,VIC,Delivery Area,Updated 6-Feb-2020,-36.5324694,147.4961766,20502108209,Omeo Valley,205021082,Bruthen - Omeo,East Gippsland,22110
3701,ESKDALE,VIC,Delivery Area,Updated 6-Feb-2020,-36.4526584,147.2403405,20502108209,Omeo Valley,205021082,Bruthen - Omeo,East Gippsland,22110
3701,FERNVALE,VIC,Delivery Area,Updated 6-Feb-2020,-27.4595799,152.663801,20502108209,Omeo Valley,205021082,Bruthen - Omeo,East Gippsland,22110
3701,GRANITE FLAT,VIC,Delivery Area,Updated 6-Feb-2020,-36.7044,147.342,20502108209,Omeo Valley,205021082,Bruthen - Omeo,East Gippsland,22110
3701,GRANYA,VIC,Delivery Area,Updated 6-Feb-2020,-36.048535,147.2695104,20502108209,Omeo Valley,205021082,Bruthen - Omeo,East Gippsland,22110
3701,MITTA MITTA,VIC,Delivery Area,Updated 6-Feb-2020,-36.4923219,147.3583041,20502108209,Omeo Valley,205021082,Bruthen - Omeo,East Gippsland,22110
3701,OLD TALLANGATTA,VIC,Delivery Area,Updated 6-Feb-2020,-36.2024,147.249,20502108209,Omeo Valley,205021082,Bruthen - Omeo,East Gippsland,22110
3701,SHELLEY,VIC,Delivery Area,Updated 6-Feb-2020,-36.1869359,147.5444299,20502108209,Omeo Valley,205021082,Bruthen - Omeo,East Gippsland,22110
3701,TALLANDOON,VIC,Delivery Area,Updated 6-Feb-2020,-36.3966,147.249,20502108209,Omeo Valley,205021082,Bruthen - Omeo,East Gippsland,22110
3701,TALLANGATTA SOUTH,VIC,Delivery Area,Updated 6-Feb-2020,-36.2978,147.235,20502108209,Omeo Valley,205021082,Bruthen - Omeo,East Gippsland,22110
3701,TALLANGATTA VALLEY,VIC,Delivery Area,Updated 6-Feb-2020,-36.2909123,147.3941583,20502108209,Omeo Valley,205021082,Bruthen - Omeo,East Gippsland,22110
3704,KOETONG,VIC,Delivery Area,Updated 6-Feb-2020,-36.1192035,147.5306312,20403107219,Tintaldra,204031072,Towong,Towong,26670
3705,CUDGEWA,VIC,Delivery Area,Updated 6-Feb-2020,-36.1622621,147.8026919,20403107219,Tintaldra,204031072,Towong,Towong,26670
3705,NARIEL VALLEY,VIC,Delivery Area,Updated 6-Feb-2020,-36.1623,147.803,20403107219,Tintaldra,204031072,Towong,Towong,26670
3707,BIGGARA,VIC,Delivery Area,Updated 6-Feb-2020,-36.3200378,148.0371007,20502108001,Wulgulmerang West,205021080,Alps - East,East Gippsland,22110
3707,COLAC COLAC,VIC,Delivery Area,Updated 6-Feb-2020,-36.2274141,147.8481414,20502108001,Wulgulmerang West,205021080,Alps - East,East Gippsland,22110
3707,CORRYONG,VIC,Delivery Area,Updated 6-Feb-2020,-36.1966523,147.9023498,20502108001,Wulgulmerang West,205021080,Alps - East,East Gippsland,22110
3707,DEEP CREEK NSW 2460 CORRYONG,VIC,Delivery Area,Updated 6-Sep-2025,-36.3200378,148.0371007,20502108001,Wulgulmerang West,205021080,Alps - East,East Gippsland,22110
3707,NARIEL VALLEY,VIC,Delivery Area,Updated 6-Feb-2020,-36.3208467,147.8261046,20502108001,Wulgulmerang West,205021080,Alps - East,East Gippsland,22110
3707,THOWGLA VALLEY,VIC,Delivery Area,Updated 6-Feb-2020,-36.2392066,147.9478634,20502108001,Wulgulmerang West,205021080,Alps - East,East Gippsland,22110
3707,TOM GROGGIN,VIC,Delivery Area,Updated 6-Feb-2020,-36.5955377,148.0805353,20502108001,Wulgulmerang West,205021080,Alps - East,East Gippsland,22110
3707,TOWONG,VIC,Delivery Area,Updated 6-Feb-2020,-36.1303027,147.9752136,20502108001,Wulgulmerang West,205021080,Alps - East,East Gippsland,22110
3707,TOWONG UPPER,VIC,Delivery Area,Updated 6-Feb-2020,-36.2049032,148.0291763,20502108001,Wulgulmerang West,205021080,Alps - East,East Gippsland,22110
3708,TINTALDRA,VIC,Delivery Area,Updated 6-Feb-2020,-36.0660058,147.9048938,20403107219,Tintaldra,204031072,Towong,Towong,26670
3709,BURROWYE,VIC,Delivery Area,Updated 6-Feb-2020,-36.0183679,147.5444299,20403107210,Walwa,204031072,Towong,Towong,26670
3709,GUYS FOREST,VIC,Delivery Area,Updated 6-Feb-2020,-36.0745295,147.6456757,20403107210,Walwa,204031072,Towong,Towong,26670
3709,MOUNT ALFRED,VIC,Delivery Area,Updated 6-Feb-2020,-35.9859729,147.6192928,20403107210,Walwa,204031072,Towong,Towong,26670
3709,PINE MOUNTAIN,VIC,Delivery Area,Updated 6-Feb-2020,-35.9872127,147.8342647,20403107210,Walwa,204031072,Towong,Towong,26670
3709,WALWA,VIC,Delivery Area,Updated 6-Feb-2020,-35.9642807,147.6814535,20403107210,Walwa,204031072,Towong,Towong,26670
3711,BUXTON,VIC,Delivery Area,Updated 6-Feb-2020,-37.430404,145.702282,20401105417,Narbethong,204011054,Alexandra,Murrindindi,25620
3712,RUBICON,VIC,Delivery Area,Updated 6-Feb-2020,-37.298904,145.8283795,20401105409,Thornton (Vic.),204011054,Alexandra,Murrindindi,25620
3712,THORNTON,VIC,Delivery Area,Updated 6-Feb-2020,-37.2605102,145.8349846,20401105409,Thornton (Vic.),204011054,Alexandra,Murrindindi,25620
3713,EILDON,VIC,Delivery Area,Updated 6-Feb-2020,-37.2342952,145.897646,20401105717,Mountain Bay,204011057,Mansfield (Vic.),Mansfield,24250
3713,LAKE EILDON,VIC,Delivery Area,Updated 6-Feb-2020,-37.1200442,145.8968867,20401105717,Mountain Bay,204011057,Mansfield (Vic.),Mansfield,24250
3713,TAYLOR BAY,VIC,Delivery Area,Updated 6-Feb-2020,-37.2094,145.878,20401105717,Mountain Bay,204011057,Mansfield (Vic.),Mansfield,24250
3714,ACHERON,VIC,Delivery Area,Updated 6-Feb-2020,-37.2729634,145.7040584,20401105416,Alexandra (Vic.),204011054,Alexandra,Murrindindi,25620
3714,ALEXANDRA,VIC,Delivery Area,Updated 6-Feb-2020,-37.1943946,145.7080742,20401105416,Alexandra (Vic.),204011054,Alexandra,Murrindindi,25620
3714,CATHKIN,VIC,Delivery Area,Updated 6-Feb-2020,-37.1550013,145.5777492,20401105416,Alexandra (Vic.),204011054,Alexandra,Murrindindi,25620
3714,CRYSTAL CREEK,VIC,Delivery Area,Updated 6-Feb-2020,-37.2735215,145.6366011,20401105416,Alexandra (Vic.),204011054,Alexandra,Murrindindi,25620
3714,DEVILS RIVER,VIC,Delivery Area,Updated 6-Feb-2020,-37.1906,145.784,20401105416,Alexandra (Vic.),204011054,Alexandra,Murrindindi,25620
3714,FAWCETT,VIC,Delivery Area,Updated 6-Feb-2020,-37.1098593,145.7081721,20401105416,Alexandra (Vic.),204011054,Alexandra,Murrindindi,25620
3714,KORIELLA,VIC,Delivery Area,Updated 6-Feb-2020,-37.1712677,145.6720867,20401105416,Alexandra (Vic.),204011054,Alexandra,Murrindindi,25620
3714,MAINTONGOON,VIC,Delivery Area,Updated 6-Feb-2020,-37.1383,145.759,20401105416,Alexandra (Vic.),204011054,Alexandra,Murrindindi,25620
3714,TAGGERTY,VIC,Delivery Area,Updated 6-Feb-2020,-37.3160872,145.7316571,20401105416,Alexandra (Vic.),204011054,Alexandra,Murrindindi,25620
3714,WHANREGARWEN,VIC,Delivery Area,Updated 6-Feb-2020,-37.2225,145.6,20401105416,Alexandra (Vic.),204011054,Alexandra,Murrindindi,25620
3715,ANCONA,VIC,Delivery Area,Updated 6-Feb-2020,-36.9483706,145.8463301,20401105702,Woodfield,204011057,Mansfield (Vic.),Murrindindi,25620
3715,MERTON,VIC,Delivery Area,Updated 6-Feb-2020,-36.983333,145.716667,20401105702,Woodfield,204011057,Mansfield (Vic.),Murrindindi,25620
3715,WOODFIELD,VIC,Delivery Area,Updated 6-Feb-2020,-37.0772946,145.8113478,20401105702,Woodfield,204011057,Mansfield (Vic.),Murrindindi,25620
3717,FLOWERDALE,VIC,Delivery Area,Updated 6-Feb-2020,-37.3190608,145.3288655,20401106210,Flowerdale (Vic.),204011062,Yea,Mitchell,24850
3717,GHIN GHIN,VIC,Delivery Area,Updated 6-Feb-2020,-37.137096,145.3745044,20401106210,Flowerdale (Vic.),204011062,Yea,Mitchell,24850
3717,GLENBURN,VIC,Delivery Area,Updated 6-Feb-2020,-37.4198646,145.4457768,20401106210,Flowerdale (Vic.),204011062,Yea,Mitchell,24850
3717,HOMEWOOD,VIC,Delivery Area,Updated 6-Feb-2020,-37.1920857,145.3302481,20401106210,Flowerdale (Vic.),204011062,Yea,Mitchell,24850
3717,KILLINGWORTH,VIC,Delivery Area,Updated 6-Feb-2020,-37.1869104,145.4124348,20401106210,Flowerdale (Vic.),204011062,Yea,Mitchell,24850
3717,LIMESTONE,VIC,Delivery Area,Updated 6-Feb-2020,-37.2404661,145.4945938,20401106210,Flowerdale (Vic.),204011062,Yea,Mitchell,24850
3717,MURRINDINDI,VIC,Delivery Area,Updated 6-Feb-2020,-37.3618407,145.53928,20401106210,Flowerdale (Vic.),204011062,Yea,Mitchell,24850
3717,YEA,VIC,Delivery Area,Updated 6-Feb-2020,-37.2229373,145.4070195,20401106210,Flowerdale (Vic.),204011062,Yea,Mitchell,24850
3718,MOLESWORTH,VIC,Delivery Area,Updated 6-Feb-2020,-37.1696241,145.5136433,20401106209,Murrindindi,204011062,Yea,Murrindindi,25620
3719,GOBUR,VIC,Delivery Area,Updated 6-Feb-2020,-37.0120101,145.6275226,20401105406,Yarck,204011054,Alexandra,Murrindindi,25620
3719,KANUMBRA,VIC,Delivery Area,Updated 6-Feb-2020,-37.0446471,145.7043648,20401105406,Yarck,204011054,Alexandra,Murrindindi,25620
3719,TERIP TERIP,VIC,Delivery Area,Updated 6-Feb-2020,-37.0241763,145.5293823,20401105406,Yarck,204011054,Alexandra,Murrindindi,25620
3719,YARCK,VIC,Delivery Area,Updated 6-Feb-2020,-37.0967252,145.6030578,20401105406,Yarck,204011054,Alexandra,Murrindindi,25620
3720,BONNIE DOON,VIC,Delivery Area,Updated 6-Feb-2020,-37.0207039,145.8690603,20401105703,Bonnie Doon (Vic.),204011057,Mansfield (Vic.),Mansfield,24250
3722,BARWITE,VIC,Delivery Area,Updated 6-Feb-2020,-36.9850215,146.1789907,20401105724,Mansfield (Vic.),204011057,Mansfield (Vic.),Unincorporated Vic,29399
3722,MANSFIELD,VIC,Delivery Area,Updated 6-Feb-2020,-37.0625288,146.0821493,20401105724,Mansfield (Vic.),204011057,Mansfield (Vic.),Unincorporated Vic,29399
3722,MIRIMBAH,VIC,Delivery Area,Updated 6-Feb-2020,-37.1103367,146.396505,20401105724,Mansfield (Vic.),204011057,Mansfield (Vic.),Unincorporated Vic,29399
3723,ARCHERTON,VIC,Delivery Area,Updated 6-Feb-2020,-36.8970666,146.2620743,20505109901,Wrathung,205051099,Alps - West,Murrindindi,25620
3723,BARJARG,VIC,Delivery Area,Updated 6-Feb-2020,-36.9242225,145.995043,20505109901,Wrathung,205051099,Alps - West,Murrindindi,25620
3723,BOOROLITE,VIC,Delivery Area,Updated 6-Feb-2020,-37.1355776,146.2181999,20505109901,Wrathung,205051099,Alps - West,Murrindindi,25620
3723,BRIDGE CREEK,VIC,Delivery Area,Updated 6-Feb-2020,-36.9540594,146.1205023,20505109901,Wrathung,205051099,Alps - West,Murrindindi,25620
3723,DELATITE,VIC,Delivery Area,Updated 6-Feb-2020,-37.1400757,146.1648024,20505109901,Wrathung,205051099,Alps - West,Murrindindi,25620
3723,ENOCHS POINT,VIC,Delivery Area,Updated 6-Feb-2020,-37.4226,146.101,20505109901,Wrathung,205051099,Alps - West,Murrindindi,25620
3723,GAFFNEYS CREEK,VIC,Delivery Area,Updated 6-Feb-2020,-37.5011312,146.2066412,20505109901,Wrathung,205051099,Alps - West,Murrindindi,25620
3723,GOUGHS BAY,VIC,Delivery Area,Updated 6-Feb-2020,-37.1646432,146.0689038,20505109901,Wrathung,205051099,Alps - West,Murrindindi,25620
3723,HOWES CREEK,VIC,Delivery Area,Updated 6-Feb-2020,-37.1234786,146.0051431,20505109901,Wrathung,205051099,Alps - West,Murrindindi,25620
3723,HOWQUA,VIC,Delivery Area,Updated 6-Feb-2020,-37.2263406,146.1870498,20505109901,Wrathung,205051099,Alps - West,Murrindindi,25620
3723,HOWQUA HILLS,VIC,Delivery Area,Updated 6-Feb-2020,-37.1921242,146.3262019,20505109901,Wrathung,205051099,Alps - West,Murrindindi,25620
3723,HOWQUA INLET,VIC,Delivery Area,Updated 6-Feb-2020,-37.232544,146.1337552,20505109901,Wrathung,205051099,Alps - West,Murrindindi,25620
3723,JAMIESON,VIC,Delivery Area,Updated 6-Feb-2020,-37.2977261,146.1609645,20505109901,Wrathung,205051099,Alps - West,Murrindindi,25620
3723,KEVINGTON,VIC,Delivery Area,Updated 6-Feb-2020,-37.344075,146.1365429,20505109901,Wrathung,205051099,Alps - West,Murrindindi,25620
3723,KNOCKWOOD,VIC,Delivery Area,Updated 6-Feb-2020,-37.4295,146.23,20505109901,Wrathung,205051099,Alps - West,Murrindindi,25620
3723,MACS COVE,VIC,Delivery Area,Updated 6-Feb-2020,-37.20912,146.1421265,20505109901,Wrathung,205051099,Alps - West,Murrindindi,25620
3723,MAINDAMPLE,VIC,Delivery Area,Updated 6-Feb-2020,-37.024348,145.9588312,20505109901,Wrathung,205051099,Alps - West,Murrindindi,25620
3723,MATLOCK,VIC,Delivery Area,Updated 6-Feb-2020,-37.5890036,146.168466,20505109901,Wrathung,205051099,Alps - West,Murrindindi,25620
3723,MERRIJIG,VIC,Delivery Area,Updated 6-Feb-2020,-37.0831709,146.2745848,20505109901,Wrathung,205051099,Alps - West,Murrindindi,25620
3723,MOUNT BULLER,VIC,Delivery Area,Updated 6-Feb-2020,-37.1467949,146.4489704,20505109901,Wrathung,205051099,Alps - West,Murrindindi,25620
3723,MOUNTAIN BAY,VIC,Delivery Area,Updated 6-Feb-2020,-37.1973138,146.0987923,20505109901,Wrathung,205051099,Alps - West,Murrindindi,25620
3723,NILLAHCOOTIE,VIC,Delivery Area,Updated 6-Feb-2020,-36.8751645,145.9999188,20505109901,Wrathung,205051099,Alps - West,Murrindindi,25620
3723,PIRIES,VIC,Delivery Area,Updated 6-Feb-2020,-37.1593256,146.127394,20505109901,Wrathung,205051099,Alps - West,Murrindindi,25620
3723,SAWMILL SETTLEMENT,VIC,Delivery Area,Updated 6-Feb-2020,-37.1192184,146.3656381,20505109901,Wrathung,205051099,Alps - West,Murrindindi,25620
3723,TOLMIE,VIC,Delivery Area,Updated 6-Feb-2020,-36.9387389,146.2433388,20505109901,Wrathung,205051099,Alps - West,Murrindindi,25620
3723,WOODS POINT,VIC,Delivery Area,Updated 6-Feb-2020,-37.569722,146.254167,20505109901,Wrathung,205051099,Alps - West,Murrindindi,25620
3725,BOXWOOD,VIC,Delivery Area,Updated 6-Feb-2020,-36.308272,145.7884151,20402106403,Stewarton (Vic.),204021064,Benalla Surrounds,Greater Shepparton,22830
3725,CHESNEY VALE,VIC,Delivery Area,Updated 6-Feb-2020,-36.4135912,146.0870297,20402106403,Stewarton (Vic.),204021064,Benalla Surrounds,Greater Shepparton,22830
3725,GOORAMBAT,VIC,Delivery Area,Updated 6-Feb-2020,-36.4391452,145.9393385,20402106403,Stewarton (Vic.),204021064,Benalla Surrounds,Greater Shepparton,22830
3725,MAJOR PLAINS,VIC,Delivery Area,Updated 6-Feb-2020,-36.3530478,145.7797428,20402106403,Stewarton (Vic.),204021064,Benalla Surrounds,Greater Shepparton,22830
3725,STEWARTON,VIC,Delivery Area,Updated 6-Feb-2020,-36.4337384,145.7932767,20402106403,Stewarton (Vic.),204021064,Benalla Surrounds,Greater Shepparton,22830
3726,BUNGEET,VIC,Delivery Area,Updated 6-Feb-2020,-36.2864353,146.0531617,20402106403,Stewarton (Vic.),204021064,Benalla Surrounds,Benalla,21010
3726,BUNGEET WEST,VIC,Delivery Area,Updated 6-Feb-2020,-36.3602582,146.0135026,20402106403,Stewarton (Vic.),204021064,Benalla Surrounds,Benalla,21010
3726,DEVENISH,VIC,Delivery Area,Updated 6-Feb-2020,-36.3464064,145.9045405,20402106403,Stewarton (Vic.),204021064,Benalla Surrounds,Benalla,21010
3726,THOONA,VIC,Delivery Area,Updated 6-Feb-2020,-36.3305143,146.0852867,20402106403,Stewarton (Vic.),204021064,Benalla Surrounds,Benalla,21010
3727,ALMONDS,VIC,Delivery Area,Updated 6-Feb-2020,-36.2442306,146.0560088,21602141206,Yarrawonga South,216021412,Moira,Moira,24900
3727,LAKE ROWAN,VIC,Delivery Area,Updated 6-Feb-2020,-36.269722,145.966944,21602141206,Yarrawonga South,216021412,Moira,Moira,24900
3727,PELLUEBLA,VIC,Delivery Area,Updated 6-Feb-2020,-36.1998005,146.0037499,21602141206,Yarrawonga South,216021412,Moira,Moira,24900
3727,ST JAMES,VIC,Delivery Area,Updated 6-Feb-2020,-36.2799892,145.8920165,21602141206,Yarrawonga South,216021412,Moira,Moira,24900
3727,WAGGARANDALL,VIC,Delivery Area,Updated 6-Feb-2020,-36.2519,145.801,21602141206,Yarrawonga South,216021412,Moira,Moira,24900
3727,YUNDOOL,VIC,Delivery Area,Updated 6-Feb-2020,-36.2602668,145.8216946,21602141206,Yarrawonga South,216021412,Moira,Moira,24900
3728,BOOMAHNOOMOONAH,VIC,Delivery Area,Updated 6-Feb-2020,-36.1379842,146.0803668,21602141206,Yarrawonga South,216021412,Moira,Moira,24900
3728,TUNGAMAH,VIC,Delivery Area,Updated 6-Feb-2020,-36.1575347,145.8697558,21602141206,Yarrawonga South,216021412,Moira,Moira,24900
3728,WILBY,VIC,Delivery Area,Updated 6-Feb-2020,-36.157778,146.015833,21602141206,Yarrawonga South,216021412,Moira,Moira,24900
3728,YOUARANG,VIC,Delivery Area,Updated 6-Feb-2020,-36.1666207,145.7929293,21602141206,Yarrawonga South,216021412,Moira,Moira,24900
3730,BATHUMI,VIC,Delivery Area,Updated 6-Feb-2020,-36.038333,146.084722,21602141421,Yarrawonga (Vic.),216021414,Yarrawonga,Moira,24900
3730,BOOSEY,VIC,Delivery Area,Updated 6-Feb-2020,-36.0030907,145.7964042,21602141421,Yarrawonga (Vic.),216021414,Yarrawonga,Moira,24900
3730,BUNDALONG,VIC,Delivery Area,Updated 6-Feb-2020,-36.02935,146.1302674,21602141421,Yarrawonga (Vic.),216021414,Yarrawonga,Moira,24900
3730,BUNDALONG SOUTH,VIC,Delivery Area,Updated 6-Feb-2020,-36.096111,146.189444,21602141421,Yarrawonga (Vic.),216021414,Yarrawonga,Moira,24900
3730,BURRAMINE,VIC,Delivery Area,Updated 6-Feb-2020,-35.9976137,145.9184581,21602141421,Yarrawonga (Vic.),216021414,Yarrawonga,Moira,24900
3730,BURRAMINE SOUTH,VIC,Delivery Area,Updated 6-Feb-2020,-36.0782522,145.8665293,21602141421,Yarrawonga (Vic.),216021414,Yarrawonga,Moira,24900
3730,ESMOND,VIC,Delivery Area,Updated 6-Feb-2020,-36.078056,146.181667,21602141421,Yarrawonga (Vic.),216021414,Yarrawonga,Moira,24900
3730,TELFORD,VIC,Delivery Area,Updated 6-Feb-2020,-36.0926718,145.9295937,21602141421,Yarrawonga (Vic.),216021414,Yarrawonga,Moira,24900
3730,YARRAWONGA,VIC,Delivery Area,Updated 6-Feb-2020,-36.0271135,145.9990577,21602141421,Yarrawonga (Vic.),216021414,Yarrawonga,Moira,24900
3730,YARRAWONGA SOUTH,VIC,Delivery Area,Updated 6-Feb-2020,-36.0897829,146.0481851,21602141421,Yarrawonga (Vic.),216021414,Yarrawonga,Moira,24900
3732,MOYHU,VIC,Delivery Area,Updated 6-Feb-2020,-36.5783046,146.3785017,20402106729,Whitlands,204021067,Wangaratta Surrounds,Wangaratta,26700
3732,MYRRHEE,VIC,Delivery Area,Updated 6-Feb-2020,-36.7142444,146.3392412,20402106729,Whitlands,204021067,Wangaratta Surrounds,Wangaratta,26700
3733,WHITFIELD,VIC,Delivery Area,Updated 6-Feb-2020,-36.748307,146.4160017,20402106729,Whitlands,204021067,Wangaratta Surrounds,Wangaratta,26700
3735,BOWMANS FOREST,VIC,Delivery Area,Updated 6-Feb-2020,-36.4694093,146.6377088,20402106715,Whorouly,204021067,Wangaratta Surrounds,Wangaratta,26700
3735,WHOROULY,VIC,Delivery Area,Updated 6-Feb-2020,-36.4896569,146.5726463,20402106715,Whorouly,204021067,Wangaratta Surrounds,Wangaratta,26700
3735,WHOROULY EAST,VIC,Delivery Area,Updated 6-Feb-2020,-36.5319958,146.6387726,20402106715,Whorouly,204021067,Wangaratta Surrounds,Wangaratta,26700
3735,WHOROULY SOUTH,VIC,Delivery Area,Updated 6-Feb-2020,-36.5695356,146.6037123,20402106715,Whorouly,204021067,Wangaratta Surrounds,Wangaratta,26700
3737,ABBEYARD,VIC,Delivery Area,Updated 6-Feb-2020,-37.0213248,146.7640653,20403107115,Myrtleford,204031071,Myrtleford,Wangaratta,26700
3737,BARWIDGEE,VIC,Delivery Area,Updated 6-Feb-2020,-36.5098367,146.7770185,20403107115,Myrtleford,204031071,Myrtleford,Wangaratta,26700
3737,BUFFALO RIVER,VIC,Delivery Area,Updated 6-Feb-2020,-36.618382,146.6815213,20403107115,Myrtleford,204031071,Myrtleford,Wangaratta,26700
3737,DANDONGADALE,VIC,Delivery Area,Updated 6-Feb-2020,-36.911853,146.6999205,20403107115,Myrtleford,204031071,Myrtleford,Wangaratta,26700
3737,GAPSTED,VIC,Delivery Area,Updated 6-Feb-2020,-36.5140692,146.6562952,20403107115,Myrtleford,204031071,Myrtleford,Wangaratta,26700
3737,HAVILAH,VIC,Delivery Area,Updated 6-Feb-2020,-36.6270079,146.8912838,20403107115,Myrtleford,204031071,Myrtleford,Wangaratta,26700
3737,HAVILLAH,VIC,Delivery Area,Updated 6-Feb-2020,-36.627,146.891,20403107115,Myrtleford,204031071,Myrtleford,Wangaratta,26700
3737,MERRIANG,VIC,Delivery Area,Updated 6-Feb-2020,-36.571194,146.690672,20403107115,Myrtleford,204031071,Myrtleford,Wangaratta,26700
3737,MERRIANG SOUTH,VIC,Delivery Area,Updated 6-Feb-2020,-36.6077258,146.6683632,20403107115,Myrtleford,204031071,Myrtleford,Wangaratta,26700
3737,MUDGEGONGA,VIC,Delivery Area,Updated 6-Feb-2020,-36.4684985,146.8683621,20403107115,Myrtleford,204031071,Myrtleford,Wangaratta,26700
3737,MYRTLEFORD,VIC,Delivery Area,Updated 6-Feb-2020,-36.5555446,146.7237861,20403107115,Myrtleford,204031071,Myrtleford,Wangaratta,26700
3737,NUG NUG,VIC,Delivery Area,Updated 6-Feb-2020,-36.6663602,146.6958662,20403107115,Myrtleford,204031071,Myrtleford,Wangaratta,26700
3737,ROSEWHITE,VIC,Delivery Area,Updated 6-Feb-2020,-36.5870913,146.8430584,20403107115,Myrtleford,204031071,Myrtleford,Wangaratta,26700
3737,SELWYN,VIC,Delivery Area,Updated 6-Feb-2020,-37.0671106,146.9998845,20403107115,Myrtleford,204031071,Myrtleford,Wangaratta,26700
3737,WONNANGATTA,VIC,Delivery Area,Updated 6-Feb-2020,-37.1382413,146.8156708,20403107115,Myrtleford,204031071,Myrtleford,Wangaratta,26700
3738,OVENS,VIC,Delivery Area,Updated 6-Feb-2020,-36.6120774,146.7749116,20403107107,Ovens,204031071,Myrtleford,Alpine,20110
3739,EUROBIN,VIC,Delivery Area,Updated 6-Feb-2020,-36.6332007,146.8423556,20403107107,Ovens,204031071,Myrtleford,Alpine,20110
3740,BUCKLAND,VIC,Delivery Area,Updated 6-Feb-2020,-36.7500523,146.8796103,20403106926,Wandiligong,204031069,Bright - Mount Beauty,Alpine,20110
3740,MOUNT BUFFALO,VIC,Delivery Area,Updated 6-Feb-2020,-36.7833333,146.7833333,20403106926,Wandiligong,204031069,Bright - Mount Beauty,Alpine,20110
3740,POREPUNKAH,VIC,Delivery Area,Updated 6-Feb-2020,-36.694433,146.9264143,20403106926,Wandiligong,204031069,Bright - Mount Beauty,Alpine,20110
3741,BRIGHT,VIC,Delivery Area,Updated 6-Feb-2020,-36.7321521,146.9836221,20403106929,Hotham Heights,204031069,Bright - Mount Beauty,Unincorporated Vic,29399
3741,FREEBURGH,VIC,Delivery Area,Updated 6-Feb-2020,-36.7731846,147.0302412,20403106929,Hotham Heights,204031069,Bright - Mount Beauty,Unincorporated Vic,29399
3741,GERMANTOWN,VIC,Delivery Area,Updated 6-Feb-2020,-36.7449398,147.0197923,20403106929,Hotham Heights,204031069,Bright - Mount Beauty,Unincorporated Vic,29399
3741,HARRIETVILLE,VIC,Delivery Area,Updated 6-Feb-2020,-36.8886692,147.0650375,20403106929,Hotham Heights,204031069,Bright - Mount Beauty,Unincorporated Vic,29399
3741,HOTHAM HEIGHTS,VIC,Delivery Area,Updated 6-Feb-2020,-36.9940351,147.1520733,20403106929,Hotham Heights,204031069,Bright - Mount Beauty,Unincorporated Vic,29399
3741,MOUNT HOTHAM,VIC,Delivery Area,Updated 6-Feb-2020,-36.9753,147.133,20403106929,Hotham Heights,204031069,Bright - Mount Beauty,Unincorporated Vic,29399
3741,SMOKO,VIC,Delivery Area,Updated 6-Feb-2020,-36.8184901,147.0610439,20403106929,Hotham Heights,204031069,Bright - Mount Beauty,Unincorporated Vic,29399
3744,WANDILIGONG,VIC,Delivery Area,Updated 6-Feb-2020,-36.7907956,146.9773826,20403106926,Wandiligong,204031069,Bright - Mount Beauty,Alpine,20110
3746,ELDORADO,VIC,Delivery Area,Updated 6-Feb-2020,-36.3225392,146.5280168,20402106708,Eldorado,204021067,Wangaratta Surrounds,Wangaratta,26700
3747,BAARMUTHA,VIC,Delivery Area,Updated 6-Feb-2020,-36.3981,146.66,20403106812,Beechworth,204031068,Beechworth,Wangaratta,26700
3747,BEECHWORTH,VIC,Delivery Area,Updated 6-Feb-2020,-36.3533015,146.6877247,20403106812,Beechworth,204031068,Beechworth,Wangaratta,26700
3747,HURDLE FLAT,VIC,Delivery Area,Updated 6-Feb-2020,-36.389,146.744,20403106812,Beechworth,204031068,Beechworth,Wangaratta,26700
3747,MURMUNGEE,VIC,Delivery Area,Updated 6-Feb-2020,-36.4436817,146.6573474,20403106812,Beechworth,204031068,Beechworth,Wangaratta,26700
3747,SILVER CREEK,VIC,Delivery Area,Updated 6-Feb-2020,-36.3779,146.727,20403106812,Beechworth,204031068,Beechworth,Wangaratta,26700
3747,STANLEY,VIC,Delivery Area,Updated 6-Feb-2020,-36.4059155,146.7526731,20403106812,Beechworth,204031068,Beechworth,Wangaratta,26700
3747,WOOLSHED,VIC,Delivery Area,Updated 6-Feb-2020,-36.3094381,146.6154638,20403106812,Beechworth,204031068,Beechworth,Wangaratta,26700
3747,WOORAGEE,VIC,Delivery Area,Updated 6-Feb-2020,-36.2951735,146.6912281,20403106812,Beechworth,204031068,Beechworth,Wangaratta,26700
3749,BRUARONG,VIC,Delivery Area,Updated 6-Feb-2020,-36.4246056,146.9068284,20403107512,Yackandandah,204031075,Yackandandah,Indigo,23350
3749,YACKANDANDAH,VIC,Delivery Area,Updated 6-Feb-2020,-36.313056,146.839167,20403107512,Yackandandah,204031075,Yackandandah,Indigo,23350
3750,WOLLERT,VIC,Delivery Area,Updated 6-Feb-2020,-37.5891893,144.9942305,20904143753,Wollert,209041437,Wollert,Whittlesea,27070
3751,WOODSTOCK,VIC,Delivery Area,Updated 6-Feb-2020,-37.5365105,145.0603633,20904122522,Woodstock (Vic.),209041225,Whittlesea,Whittlesea,27070
3752,MORANG SOUTH,VIC,Delivery Area,Updated 6-Feb-2020,-37.651389,145.089563,20904143635,South Morang,209041436,South Morang - South,Whittlesea,27070
3752,SOUTH MORANG,VIC,Delivery Area,Updated 6-Feb-2020,-37.6377485,145.082419,20904143635,South Morang,209041436,South Morang - South,Whittlesea,27070
3753,BEVERIDGE,VIC,Delivery Area,Updated 6-Feb-2020,-37.4822825,144.9832134,20904122512,Beveridge,209041225,Whittlesea,Whittlesea,27070
3754,DOREEN,VIC,Delivery Area,Updated 6-Feb-2020,-37.605,145.146,20904153223,Mernda,209041532,Mernda - South,Nillumbik,25710
3754,MERNDA,VIC,Delivery Area,Updated 6-Feb-2020,-37.5892795,145.103791,20904153223,Mernda,209041532,Mernda - South,Nillumbik,25710
3755,YAN YEAN,VIC,Delivery Area,Updated 6-Feb-2020,-37.5474779,145.1486206,20904122503,Yan Yean,209041225,Whittlesea,Nillumbik,25710
3756,CHINTIN,VIC,Delivery Area,Updated 6-Feb-2020,-37.3906207,144.8344934,21002123517,Darraweit Guim,210021235,Romsey,Macedon Ranges,24130
3756,DARRAWEIT GUIM,VIC,Delivery Area,Updated 6-Feb-2020,-37.4,144.9,21002123517,Darraweit Guim,210021235,Romsey,Macedon Ranges,24130
3756,HIDDEN VALLEY,VIC,Delivery Area,Updated 6-Feb-2020,-37.3952162,144.9903551,21002123517,Darraweit Guim,210021235,Romsey,Macedon Ranges,24130
3756,UPPER PLENTY,VIC,Delivery Area,Updated 6-Feb-2020,-37.4238058,145.0603633,21002123517,Darraweit Guim,210021235,Romsey,Macedon Ranges,24130
3756,WALLAN,VIC,Delivery Area,Updated 6-Feb-2020,-37.4066923,144.9798236,21002123517,Darraweit Guim,210021235,Romsey,Macedon Ranges,24130
3756,WALLAN EAST,VIC,Delivery Area,Updated 6-Feb-2020,-37.417287,145.007146,21002123517,Darraweit Guim,210021235,Romsey,Macedon Ranges,24130
3757,BRUCES CREEK,VIC,Delivery Area,Updated 6-Feb-2020,-37.5191073,145.125666,20904122528,Whittlesea,209041225,Whittlesea,Nillumbik,25710
3757,EDEN PARK,VIC,Delivery Area,Updated 6-Feb-2020,-37.489,145.07,20904122528,Whittlesea,209041225,Whittlesea,Nillumbik,25710
3757,HUMEVALE,VIC,Delivery Area,Updated 6-Feb-2020,-37.497,145.175,20904122528,Whittlesea,209041225,Whittlesea,Nillumbik,25710
3757,KINGLAKE CENTRAL,VIC,Delivery Area,Updated 6-Feb-2020,-37.493954,145.325409,20904122528,Whittlesea,209041225,Whittlesea,Nillumbik,25710
3757,KINGLAKE WEST,VIC,Delivery Area,Updated 6-Feb-2020,-37.466667,145.233333,20904122528,Whittlesea,209041225,Whittlesea,Nillumbik,25710
3757,PHEASANT CREEK,VIC,Delivery Area,Updated 6-Feb-2020,-37.483333,145.283333,20904122528,Whittlesea,209041225,Whittlesea,Nillumbik,25710
3757,WHITTLESEA,VIC,Delivery Area,Updated 6-Feb-2020,-37.513889,145.113889,20904122528,Whittlesea,209041225,Whittlesea,Nillumbik,25710
3758,HEATHCOTE JUNCTION,VIC,Delivery Area,Updated 6-Feb-2020,-37.3853254,145.0438252,20904122423,Heathcote Junction,209041224,Wallan,Mitchell,24850
3758,WANDONG,VIC,Delivery Area,Updated 6-Feb-2020,-37.336023,145.0399797,20904122423,Heathcote Junction,209041224,Wallan,Mitchell,24850
3759,PANTON HILL,VIC,Delivery Area,Updated 6-Feb-2020,-37.6400391,145.2424941,20903121220,Panton Hill,209031212,Panton Hill - St Andrews,Nillumbik,25710
3760,SMITHS GULLY,VIC,Delivery Area,Updated 4-Dec-2022,-37.6267001,145.2867055,20903121204,Smiths Gully,209031212,Panton Hill - St Andrews,Nillumbik,25710
3761,ST ANDREWS,VIC,,Updated 6-Feb-2020,-37.592,145.281,20903121207,St Andrews (Vic.),209031212,Panton Hill - St Andrews,Nillumbik,25710
3762,BYLANDS,VIC,,Updated 6-Feb-2020,-37.3564,144.972,21002123501,Springfield (Macedon Ranges - Vic.),210021235,Romsey,Macedon Ranges,24130
3763,KINGLAKE,VIC,Delivery Area,Updated 6-Feb-2020,-37.518382,145.3591263,20903121210,Kinglake,209031212,Panton Hill - St Andrews,Nillumbik,25710
3763,MOUNT SLIDE,VIC,Delivery Area,Updated 6-Feb-2020,-37.5550514,145.3760672,20903121210,Kinglake,209031212,Panton Hill - St Andrews,Nillumbik,25710
3764,FORBES,VIC,Delivery Area,Updated 6-Feb-2020,-37.3078202,144.8841246,20401106008,Sugarloaf Creek,204011060,Seymour Surrounds,Macedon Ranges,24130
3764,GLENAROUA,VIC,Delivery Area,Updated 6-Feb-2020,-37.0580067,144.9618719,20401106008,Sugarloaf Creek,204011060,Seymour Surrounds,Macedon Ranges,24130
3764,HIGH CAMP,VIC,Delivery Area,Updated 6-Feb-2020,-37.1932159,144.8937671,20401106008,Sugarloaf Creek,204011060,Seymour Surrounds,Macedon Ranges,24130
3764,KILMORE,VIC,Delivery Area,Updated 6-Feb-2020,-37.3016566,144.9497232,20401106008,Sugarloaf Creek,204011060,Seymour Surrounds,Macedon Ranges,24130
3764,KILMORE EAST,VIC,Delivery Area,Updated 6-Feb-2020,-37.2930364,144.9811479,20401106008,Sugarloaf Creek,204011060,Seymour Surrounds,Macedon Ranges,24130
3764,MORANDING,VIC,Delivery Area,Updated 6-Feb-2020,-37.2360979,144.9501708,20401106008,Sugarloaf Creek,204011060,Seymour Surrounds,Macedon Ranges,24130
3764,TANTARABOO,VIC,Delivery Area,Updated 6-Feb-2020,-37.2372199,144.8250025,20401106008,Sugarloaf Creek,204011060,Seymour Surrounds,Macedon Ranges,24130
3764,WILLOWMAVIN,VIC,Delivery Area,Updated 6-Feb-2020,-37.25543,144.8717467,20401106008,Sugarloaf Creek,204011060,Seymour Surrounds,Macedon Ranges,24130
3765,MONTROSE,VIC,Delivery Area,Updated 6-Feb-2020,-37.8083883,145.353065,21105128217,Sassafras (Vic.),211051282,Mount Dandenong - Olinda,Yarra Ranges,27450
3766,KALORAMA,VIC,Delivery Area,Updated 6-Feb-2020,-37.8194936,145.3862638,21105128230,Silvan,211051282,Mount Dandenong - Olinda,Yarra Ranges,27450
3767,MOUNT DANDENONG,VIC,Delivery Area,Updated 6-Feb-2020,-37.8421584,145.3420015,21105128229,Mount Dandenong,211051282,Mount Dandenong - Olinda,Yarra Ranges,27450
3770,COLDSTREAM,VIC,Delivery Area,Updated 6-Feb-2020,-37.734,145.383,21105128521,Gruyere,211051285,Wandin - Seville,Yarra Ranges,27450
3770,GRUYERE,VIC,Delivery Area,Updated 6-Feb-2020,-37.734,145.45,21105128521,Gruyere,211051285,Wandin - Seville,Yarra Ranges,27450
3770,YERING,VIC,Delivery Area,Updated 6-Feb-2020,-37.7002209,145.3582514,21105128521,Gruyere,211051285,Wandin - Seville,Yarra Ranges,27450
3775,CHRISTMAS HILLS,VIC,Delivery Area,Updated 6-Feb-2020,-37.6515,145.3173,21105127634,Yarra Glen,211051276,Healesville - Yarra Glen,Nillumbik,25710
3775,DIXONS CREEK,VIC,Delivery Area,Updated 6-Feb-2020,-37.6,145.416667,21105127634,Yarra Glen,211051276,Healesville - Yarra Glen,Nillumbik,25710
3775,STEELS CREEK,VIC,Delivery Area,Updated 6-Feb-2020,-37.594,145.374,21105127634,Yarra Glen,211051276,Healesville - Yarra Glen,Nillumbik,25710
3775,TARRAWARRA,VIC,Delivery Area,Updated 6-Feb-2020,-37.6469756,145.4363814,21105127634,Yarra Glen,211051276,Healesville - Yarra Glen,Nillumbik,25710
3775,YARRA GLEN,VIC,Delivery Area,Updated 6-Feb-2020,-37.648889,145.371944,21105127634,Yarra Glen,211051276,Healesville - Yarra Glen,Nillumbik,25710
3777,BADGER CREEK,VIC,Delivery Area,Updated 6-Feb-2020,-37.685,145.538,21105128609,Wesburn,211051286,Yarra Valley,Murrindindi,25620
3777,CASTELLA,VIC,Delivery Area,Updated 6-Feb-2020,-37.524722,145.433333,21105128609,Wesburn,211051286,Yarra Valley,Murrindindi,25620
3777,CHUM CREEK,VIC,Delivery Area,Updated 6-Feb-2020,-37.606,145.488,21105128609,Wesburn,211051286,Yarra Valley,Murrindindi,25620
3777,HEALESVILLE,VIC,Delivery Area,Updated 6-Feb-2020,-37.656111,145.513889,21105128609,Wesburn,211051286,Yarra Valley,Murrindindi,25620
3777,HEALESVILLE MAIN STREET,VIC,Delivery Area,Updated 6-Feb-2020,-37.6565,145.515,21105128609,Wesburn,211051286,Yarra Valley,Murrindindi,25620
3777,HEALESVILLE POST SHOP,VIC,Delivery Area,Updated 6-Feb-2020,-37.6541,145.515,21105128609,Wesburn,211051286,Yarra Valley,Murrindindi,25620
3777,MOUNT TOOLEBEWONG,VIC,Delivery Area,Updated 6-Feb-2020,-37.702,145.572,21105128609,Wesburn,211051286,Yarra Valley,Murrindindi,25620
3777,TOOLANGI,VIC,Delivery Area,Updated 6-Feb-2020,-37.533333,145.466667,21105128609,Wesburn,211051286,Yarra Valley,Murrindindi,25620
3778,FERNSHAW,VIC,Delivery Area,Updated 6-Feb-2020,-37.616115,145.6383617,21105128609,Wesburn,211051286,Yarra Valley,Yarra Ranges,27450
3778,NARBETHONG,VIC,Delivery Area,Updated 6-Feb-2020,-37.5233314,145.6710457,21105128609,Wesburn,211051286,Yarra Valley,Yarra Ranges,27450
3779,CAMBARVILLE,VIC,Delivery Area,Updated 6-Feb-2020,-37.6105261,146.0129789,20401106101,Toorongo,204011061,Upper Yarra Valley,Yarra Ranges,27450
3779,MARYSVILLE,VIC,Delivery Area,Updated 6-Feb-2020,-37.5083939,145.7474205,20401106101,Toorongo,204011061,Upper Yarra Valley,Yarra Ranges,27450
3781,COCKATOO,VIC,Delivery Area,Updated 6-Feb-2020,-37.935,145.492,21201128953,Nangana,212011289,Emerald - Cockatoo,Cardinia,21450
3781,MOUNT BURNETT,VIC,Delivery Area,Updated 6-Feb-2020,-37.9767584,145.5145727,21201128953,Nangana,212011289,Emerald - Cockatoo,Cardinia,21450
3781,NANGANA,VIC,Delivery Area,Updated 6-Feb-2020,-37.866667,145.533333,21201128953,Nangana,212011289,Emerald - Cockatoo,Cardinia,21450
3782,AVONSLEIGH,VIC,Delivery Area,Updated 6-Feb-2020,-37.925,145.481944,21201128952,Avonsleigh,212011289,Emerald - Cockatoo,Yarra Ranges,27450
3782,CLEMATIS,VIC,Delivery Area,Updated 6-Feb-2020,-37.9322058,145.4222435,21201128952,Avonsleigh,212011289,Emerald - Cockatoo,Yarra Ranges,27450
3782,EMERALD,VIC,Delivery Area,Updated 6-Feb-2020,-37.933056,145.436944,21201128952,Avonsleigh,212011289,Emerald - Cockatoo,Yarra Ranges,27450
3782,MACCLESFIELD,VIC,Delivery Area,Updated 6-Feb-2020,-37.883,145.477,21201128952,Avonsleigh,212011289,Emerald - Cockatoo,Yarra Ranges,27450
3783,GEMBROOK,VIC,Delivery Area,Updated 6-Feb-2020,-37.9524044,145.6023644,21201128953,Nangana,212011289,Emerald - Cockatoo,Cardinia,21450
3785,TREMONT,VIC,Delivery Area,Updated 6-Feb-2020,-37.8782906,145.3171139,21105128228,Tremont,211051282,Mount Dandenong - Olinda,Yarra Ranges,27450
3786,FERNY CREEK,VIC,Delivery Area,Updated 6-Feb-2020,-37.8759058,145.3309395,21105128401,Upwey,211051284,Upwey - Tecoma,Yarra Ranges,27450
3787,SASSAFRAS,VIC,Delivery Area,Updated 6-Feb-2020,-37.8645935,145.353065,21105128225,Sassafras (Vic.),211051282,Mount Dandenong - Olinda,Knox,23670
3787,SASSAFRAS GULLY,VIC,Delivery Area,Updated 6-Feb-2020,-37.8622113,145.3538556,21105128225,Sassafras (Vic.),211051282,Mount Dandenong - Olinda,Knox,23670
3788,OLINDA,VIC,Delivery Area,Updated 6-Feb-2020,-37.8532703,145.3751961,21105128230,Silvan,211051282,Mount Dandenong - Olinda,Yarra Ranges,27450
3789,SHERBROOKE,VIC,Delivery Area,Updated 6-Feb-2020,-37.8963853,145.3641298,21105128231,Sherbrooke,211051282,Mount Dandenong - Olinda,Yarra Ranges,27450
3791,KALLISTA,VIC,Delivery Area,Updated 6-Feb-2020,-37.9051015,145.4111713,21105128231,Sherbrooke,211051282,Mount Dandenong - Olinda,Cardinia,21450
3792,THE PATCH,VIC,Delivery Area,Updated 6-Feb-2020,-37.8887708,145.3973329,21105128209,The Patch,211051282,Mount Dandenong - Olinda,Yarra Ranges,27450
3793,MONBULK,VIC,Delivery Area,Updated 6-Feb-2020,-37.8689357,145.4360858,21105128212,Olinda (Vic.),211051282,Mount Dandenong - Olinda,Yarra Ranges,27450
3795,SILVAN,VIC,Delivery Area,Updated 6-Feb-2020,-37.8342877,145.4305486,21105128230,Silvan,211051282,Mount Dandenong - Olinda,Yarra Ranges,27450
3796,MOUNT EVELYN,VIC,Delivery Area,Updated 6-Feb-2020,-37.7791563,145.3917982,21105128326,Mount Evelyn,211051283,Mount Evelyn,Yarra Ranges,27450
3797,GILDEROY,VIC,Delivery Area,Updated 6-Feb-2020,-37.851396,145.7249828,21105128657,Yarra Junction,211051286,Yarra Valley,Yarra Ranges,27450
3797,GLADYSDALE,VIC,Delivery Area,Updated 6-Feb-2020,-37.816667,145.65,21105128657,Yarra Junction,211051286,Yarra Valley,Yarra Ranges,27450
3797,POWELLTOWN,VIC,Delivery Area,Updated 6-Feb-2020,-37.865,145.753,21105128657,Yarra Junction,211051286,Yarra Valley,Yarra Ranges,27450
3797,THREE BRIDGES,VIC,Delivery Area,Updated 6-Feb-2020,-37.833333,145.683333,21105128657,Yarra Junction,211051286,Yarra Valley,Yarra Ranges,27450
3797,YARRA JUNCTION,VIC,Delivery Area,Updated 6-Feb-2020,-37.779,145.606,21105128657,Yarra Junction,211051286,Yarra Valley,Yarra Ranges,27450
3799,BIG PATS CREEK,VIC,Delivery Area,Updated 6-Feb-2020,-37.7638978,145.750833,21105128653,East Warburton,211051286,Yarra Valley,Yarra Ranges,27450
3799,EAST WARBURTON,VIC,Delivery Area,Updated 6-Feb-2020,-37.7370439,145.7421233,21105128653,East Warburton,211051286,Yarra Valley,Yarra Ranges,27450
3799,MCMAHONS CREEK,VIC,Delivery Area,Updated 6-Feb-2020,-37.6980957,145.8360275,21105128653,East Warburton,211051286,Yarra Valley,Yarra Ranges,27450
3799,MILLGROVE,VIC,Delivery Area,Updated 6-Feb-2020,-37.7448481,145.6507039,21105128653,East Warburton,211051286,Yarra Valley,Yarra Ranges,27450
3799,REEFTON,VIC,Delivery Area,Updated 6-Feb-2020,-37.6687532,145.8535353,21105128653,East Warburton,211051286,Yarra Valley,Yarra Ranges,27450
3799,WARBURTON,VIC,Delivery Area,Updated 6-Feb-2020,-37.7525378,145.6948397,21105128653,East Warburton,211051286,Yarra Valley,Yarra Ranges,27450
3799,WESBURN,VIC,Delivery Area,Updated 6-Feb-2020,-37.767,145.647,21105128653,East Warburton,211051286,Yarra Valley,Yarra Ranges,27450
3800,MONASH UNIVERSITY,VIC,Delivery Area,Updated 6-Feb-2020,-37.9105599,145.1362485,,,,,Monash,24970
3802,ENDEAVOUR HILLS,VIC,Delivery Area,Updated 6-Feb-2020,-37.9780214,145.2590707,21202145436,Endeavour Hills,212021454,Endeavour Hills - South,Casey,21610
3803,HALLAM,VIC,Delivery Area,Updated 6-Feb-2020,-38.0069505,145.2756505,21202145434,Hallam,212021454,Endeavour Hills - South,Casey,21610
3804,NARRE WARREN EAST,VIC,Delivery Area,Updated 6-Feb-2020,-37.961,145.367,21202145503,Narre Warren,212021455,Narre Warren - North East,Yarra Ranges,27450
3804,NARRE WARREN NORTH,VIC,Delivery Area,Updated 6-Feb-2020,-37.982,145.314,21202145503,Narre Warren,212021455,Narre Warren - North East,Yarra Ranges,27450
3805,FOUNTAIN GATE,VIC,Delivery Area,Updated 6-Feb-2020,-38.0175584,145.3038409,21203145837,Narre Warren South,212031458,Narre Warren South - West,Casey,21610
3805,NARRE WARREN,VIC,Delivery Area,Updated 6-Feb-2020,-38.0302499,145.3032906,21203145837,Narre Warren South,212031458,Narre Warren South - West,Casey,21610
3805,NARRE WARREN SOUTH,VIC,Delivery Area,Updated 6-Feb-2020,-38.055,145.303,21203145837,Narre Warren South,212031458,Narre Warren South - West,Casey,21610
3806,BERWICK,VIC,Delivery Area,Updated 6-Feb-2020,-38.0309443,145.3437469,21202155425,Berwick,212021554,Berwick - South West,Casey,21610
3806,HARKAWAY,VIC,Delivery Area,Updated 6-Feb-2020,-37.999,145.344,21202155425,Berwick,212021554,Berwick - South West,Casey,21610
3807,BEACONSFIELD,VIC,Delivery Area,Updated 6-Feb-2020,-38.049,145.371,21202155308,Beaconsfield (Vic.),212021553,Berwick - South East,Casey,21610
3807,GUYS HILL,VIC,Delivery Area,Updated 6-Feb-2020,-38.017,145.386,21202155308,Beaconsfield (Vic.),212021553,Berwick - South East,Casey,21610
3808,BEACONSFIELD UPPER,VIC,Delivery Area,Updated 6-Feb-2020,-37.9982063,145.4237893,21201154635,Guys Hill,212011546,Beaconsfield - Officer,Cardinia,21450
3808,DEWHURST,VIC,Delivery Area,Updated 6-Feb-2020,-37.9844362,145.4665466,21201154635,Guys Hill,212011546,Beaconsfield - Officer,Cardinia,21450
3809,OFFICER,VIC,Delivery Area,Updated 6-Feb-2020,-38.0611204,145.415089,21201155016,Officer,212011550,Pakenham - North West,Cardinia,21450
3809,OFFICER SOUTH,VIC,Delivery Area,Updated 6-Feb-2020,-38.1003957,145.4132472,21201155016,Officer,212011550,Pakenham - North West,Cardinia,21450
3810,PAKENHAM,VIC,Delivery Area,Updated 6-Feb-2020,-38.073568,145.4851308,21201155254,Pakenham,212011552,Pakenham - South West,Cardinia,21450
3810,PAKENHAM SOUTH,VIC,Delivery Area,Updated 6-Feb-2020,-38.134338,145.5025595,21201155254,Pakenham,212011552,Pakenham - South West,Cardinia,21450
3810,PAKENHAM UPPER,VIC,Delivery Area,Updated 6-Feb-2020,-38.0034676,145.5025595,21201155254,Pakenham,212011552,Pakenham - South West,Cardinia,21450
3810,RYTHDALE,VIC,Delivery Area,Updated 6-Feb-2020,-38.15,145.456,21201155254,Pakenham,212011552,Pakenham - South West,Cardinia,21450
3812,MARYKNOLL,VIC,Delivery Area,Updated 6-Feb-2020,-38.032,145.602,21201155114,Pakenham,212011551,Pakenham - South East,Cardinia,21450
3812,NAR NAR GOON,VIC,Delivery Area,Updated 6-Feb-2020,-38.081944,145.575,21201155114,Pakenham,212011551,Pakenham - South East,Cardinia,21450
3812,NAR NAR GOON NORTH,VIC,Delivery Area,Updated 6-Feb-2020,-38.019,145.551,21201155114,Pakenham,212011551,Pakenham - South East,Cardinia,21450
3813,TYNONG,VIC,Delivery Area,Updated 6-Feb-2020,-38.083333,145.616667,21201154723,Tynong North,212011547,Bunyip - Garfield,Cardinia,21450
3813,TYNONG NORTH,VIC,Delivery Area,Updated 6-Feb-2020,-38.0345542,145.6294143,21201154723,Tynong North,212011547,Bunyip - Garfield,Cardinia,21450
3814,CORA LYNN,VIC,Delivery Area,Updated 6-Feb-2020,-38.145278,145.605833,21201154727,Garfield,212011547,Bunyip - Garfield,Cardinia,21450
3814,GARFIELD,VIC,Delivery Area,Updated 6-Feb-2020,-38.0999051,145.6800684,21201154727,Garfield,212011547,Bunyip - Garfield,Cardinia,21450
3814,GARFIELD NORTH,VIC,Delivery Area,Updated 6-Feb-2020,-38.05,145.683333,21201154727,Garfield,212011547,Bunyip - Garfield,Cardinia,21450
3814,VERVALE,VIC,Delivery Area,Updated 6-Feb-2020,-38.133333,145.666667,21201154727,Garfield,212011547,Bunyip - Garfield,Cardinia,21450
3815,BUNYIP,VIC,Delivery Area,Updated 6-Feb-2020,-38.1000508,145.7189396,21201154726,Tonimbuk,212011547,Bunyip - Garfield,Cardinia,21450
3815,BUNYIP NORTH,VIC,Delivery Area,Updated 6-Feb-2020,-38.0738337,145.7467832,21201154726,Tonimbuk,212011547,Bunyip - Garfield,Cardinia,21450
3815,IONA,VIC,Delivery Area,Updated 6-Feb-2020,-38.15,145.683333,21201154726,Tonimbuk,212011547,Bunyip - Garfield,Cardinia,21450
3815,TONIMBUK,VIC,Delivery Area,Updated 6-Feb-2020,-38.0206756,145.7182515,21201154726,Tonimbuk,212011547,Bunyip - Garfield,Cardinia,21450
3816,LABERTOUCHE,VIC,Delivery Area,Updated 6-Feb-2020,-38.0306894,145.805379,21201154716,Vervale,212011547,Bunyip - Garfield,Cardinia,21450
3816,LONGWARRY,VIC,Delivery Area,Updated 6-Feb-2020,-38.1110794,145.7663288,21201154716,Vervale,212011547,Bunyip - Garfield,Cardinia,21450
3816,LONGWARRY NORTH,VIC,Delivery Area,Updated 6-Feb-2020,-38.0759968,145.763398,21201154716,Vervale,212011547,Bunyip - Garfield,Cardinia,21450
3816,MODELLA,VIC,Delivery Area,Updated 6-Feb-2020,-38.183333,145.716667,21201154716,Vervale,212011547,Bunyip - Garfield,Cardinia,21450
3818,ATHLONE,VIC,Delivery Area,Updated 6-Feb-2020,-38.2386755,145.758535,20501107920,Torwood,205011079,Warragul,Baw Baw,20830
3818,DROUIN,VIC,Delivery Area,Updated 6-Feb-2020,-38.1353835,145.8487441,20501107920,Torwood,205011079,Warragul,Baw Baw,20830
3818,DROUIN EAST,VIC,Delivery Area,Updated 6-Feb-2020,-38.1195925,145.8885379,20501107920,Torwood,205011079,Warragul,Baw Baw,20830
3818,DROUIN SOUTH,VIC,Delivery Area,Updated 6-Feb-2020,-38.1814401,145.8134331,20501107920,Torwood,205011079,Warragul,Baw Baw,20830
3818,DROUIN WEST,VIC,Delivery Area,Updated 6-Feb-2020,-38.0866074,145.8523685,20501107920,Torwood,205011079,Warragul,Baw Baw,20830
3818,HALLORA,VIC,Delivery Area,Updated 6-Feb-2020,-38.263584,145.8356799,20501107920,Torwood,205011079,Warragul,Baw Baw,20830
3818,JINDIVICK,VIC,Delivery Area,Updated 6-Feb-2020,-38.033333,145.9,20501107920,Torwood,205011079,Warragul,Baw Baw,20830
3818,RIPPLEBROOK,VIC,Delivery Area,Updated 6-Feb-2020,-38.2001,145.7725,20501107920,Torwood,205011079,Warragul,Baw Baw,20830
3818,TARAGO,VIC,Delivery Area,Updated 6-Feb-2020,-38.0598,145.912,20501107920,Torwood,205011079,Warragul,Baw Baw,20830
3820,BONA VISTA,VIC,Delivery Area,Updated 6-Feb-2020,-38.2075076,145.963705,20501107955,Warragul,205011079,Warragul,Baw Baw,20830
3820,LILLICO,VIC,Delivery Area,Updated 6-Feb-2020,-38.1232002,145.963705,20501107955,Warragul,205011079,Warragul,Baw Baw,20830
3820,WARRAGUL,VIC,Delivery Area,Updated 6-Feb-2020,-38.1537515,145.9297824,20501107955,Warragul,205011079,Warragul,Baw Baw,20830
3821,BRANDY CREEK,VIC,Delivery Area,Updated 6-Feb-2020,-38.1006308,145.9163703,20501107952,Warragul,205011079,Warragul,Baw Baw,20830
3821,BRAVINGTON,VIC,Delivery Area,Updated 6-Feb-2020,-38.0837116,145.9219378,20501107952,Warragul,205011079,Warragul,Baw Baw,20830
3821,BULN BULN,VIC,Delivery Area,Updated 6-Feb-2020,-38.083333,145.933333,20501107952,Warragul,205011079,Warragul,Baw Baw,20830
3821,BULN BULN EAST,VIC,Delivery Area,Updated 6-Feb-2020,-38.07216,146.0082778,20501107952,Warragul,205011079,Warragul,Baw Baw,20830
3821,CROSSOVER,VIC,Delivery Area,Updated 6-Feb-2020,-38.0664599,145.9635748,20501107952,Warragul,205011079,Warragul,Baw Baw,20830
3821,ELLINBANK,VIC,Delivery Area,Updated 6-Feb-2020,-38.2555216,145.9247217,20501107952,Warragul,205011079,Warragul,Baw Baw,20830
3821,FERNDALE,VIC,Delivery Area,Updated 6-Feb-2020,-38.3112721,145.9233883,20501107952,Warragul,205011079,Warragul,Baw Baw,20830
3821,LARDNER,VIC,Delivery Area,Updated 6-Feb-2020,-38.2156486,145.8746249,20501107952,Warragul,205011079,Warragul,Baw Baw,20830
3821,NAYOOK,VIC,Delivery Area,Updated 6-Feb-2020,-37.9151,145.93,20501107952,Warragul,205011079,Warragul,Baw Baw,20830
3821,NEERIM JUNCTION,VIC,Delivery Area,Updated 6-Feb-2020,-37.9227,145.968,20501107952,Warragul,205011079,Warragul,Baw Baw,20830
3821,NEERIM NORTH,VIC,Delivery Area,Updated 6-Feb-2020,-37.9167,146.0,20501107952,Warragul,205011079,Warragul,Baw Baw,20830
3821,NILMA,VIC,Delivery Area,Updated 6-Feb-2020,-38.1704499,145.9720608,20501107952,Warragul,205011079,Warragul,Baw Baw,20830
3821,NILMA NORTH,VIC,Delivery Area,Updated 6-Feb-2020,-38.1349479,146.013851,20501107952,Warragul,205011079,Warragul,Baw Baw,20830
3821,ROKEBY,VIC,Delivery Area,Updated 6-Feb-2020,-38.066667,145.933333,20501107952,Warragul,205011079,Warragul,Baw Baw,20830
3821,SEAVIEW,VIC,Delivery Area,Updated 6-Feb-2020,-38.2828086,145.9170662,20501107952,Warragul,205011079,Warragul,Baw Baw,20830
3821,SHADY CREEK,VIC,Delivery Area,Updated 6-Feb-2020,-38.0989012,146.0452061,20501107952,Warragul,205011079,Warragul,Baw Baw,20830
3821,TETOORA ROAD,VIC,Delivery Area,Updated 6-Feb-2020,-38.2786747,145.8885379,20501107952,Warragul,205011079,Warragul,Baw Baw,20830
3821,TORWOOD,VIC,Delivery Area,Updated 6-Feb-2020,-38.2624,145.875,20501107952,Warragul,205011079,Warragul,Baw Baw,20830
3821,WARRAGUL SOUTH,VIC,Delivery Area,Updated 6-Feb-2020,-38.2181003,145.9247217,20501107952,Warragul,205011079,Warragul,Baw Baw,20830
3821,WARRAGUL WEST,VIC,Delivery Area,Updated 6-Feb-2020,-38.1692678,145.8829724,20501107952,Warragul,205011079,Warragul,Baw Baw,20830
3822,CLOVERLEA,VIC,Delivery Area,Updated 6-Feb-2020,-38.2566511,146.0002671,20501107936,Warragul,205011079,Warragul,Baw Baw,20830
3822,DARNUM,VIC,Delivery Area,Updated 6-Feb-2020,-38.183333,146.016667,20501107936,Warragul,205011079,Warragul,Baw Baw,20830
3822,GAINSBOROUGH,VIC,Delivery Area,Updated 6-Feb-2020,-38.2266319,145.9720608,20501107936,Warragul,205011079,Warragul,Baw Baw,20830
3823,ALLAMBEE,VIC,Delivery Area,Updated 6-Feb-2020,-38.2905436,146.0196656,20503109012,Wild Dog Valley (Vic.),205031090,Leongatha,Baw Baw,20830
3823,YARRAGON,VIC,Delivery Area,Updated 6-Feb-2020,-38.2,146.066667,20503109012,Wild Dog Valley (Vic.),205031090,Leongatha,Baw Baw,20830
3823,YARRAGON SOUTH,VIC,Delivery Area,Updated 6-Feb-2020,-38.2363402,146.0814874,20503109012,Wild Dog Valley (Vic.),205031090,Leongatha,Baw Baw,20830
3824,CHILDERS,VIC,Delivery Area,Updated 6-Feb-2020,-38.3017794,146.1086461,20501107821,Trafalgar (Vic.),205011078,Trafalgar (Vic.),Latrobe (Vic.),23810
3824,NARRACAN,VIC,Delivery Area,Updated 6-Feb-2020,-38.264013,146.2370535,20501107821,Trafalgar (Vic.),205011078,Trafalgar (Vic.),Latrobe (Vic.),23810
3824,THORPDALE SOUTH,VIC,Delivery Area,Updated 6-Feb-2020,-38.3336714,146.1400336,20501107821,Trafalgar (Vic.),205011078,Trafalgar (Vic.),Latrobe (Vic.),23810
3824,TRAFALGAR,VIC,Delivery Area,Updated 6-Feb-2020,-38.2,146.15,20501107821,Trafalgar (Vic.),205011078,Trafalgar (Vic.),Latrobe (Vic.),23810
3824,TRAFALGAR EAST,VIC,Delivery Area,Updated 6-Feb-2020,-38.1556929,146.1923698,20501107821,Trafalgar (Vic.),205011078,Trafalgar (Vic.),Latrobe (Vic.),23810
3824,TRAFALGAR SOUTH,VIC,Delivery Area,Updated 6-Feb-2020,-38.242203,146.1700361,20501107821,Trafalgar (Vic.),205011078,Trafalgar (Vic.),Latrobe (Vic.),23810
3825,ABERFELDY,VIC,Delivery Area,Updated 6-Feb-2020,-37.7206048,146.3885869,20505110114,Yangoura,205051101,Maffra,Wellington,26810
3825,AMOR,VIC,Delivery Area,Updated 6-Feb-2020,-37.9393673,146.4104044,20505110114,Yangoura,205051101,Maffra,Wellington,26810
3825,BOOLA,VIC,Delivery Area,Updated 6-Feb-2020,-38.0485684,146.4605619,20505110114,Yangoura,205051101,Maffra,Wellington,26810
3825,CARINGAL,VIC,Delivery Area,Updated 6-Feb-2020,-37.9935883,146.3457099,20505110114,Yangoura,205051101,Maffra,Wellington,26810
3825,COALVILLE,VIC,Delivery Area,Updated 6-Feb-2020,-38.2402733,146.2649916,20505110114,Yangoura,205051101,Maffra,Wellington,26810
3825,COOPERS CREEK,VIC,Delivery Area,Updated 6-Feb-2020,-37.9886448,146.4243982,20505110114,Yangoura,205051101,Maffra,Wellington,26810
3825,ERICA,VIC,Delivery Area,Updated 6-Feb-2020,-37.9756695,146.3768277,20505110114,Yangoura,205051101,Maffra,Wellington,26810
3825,FUMINA,VIC,Delivery Area,Updated 6-Feb-2020,-37.95,146.116667,20505110114,Yangoura,205051101,Maffra,Wellington,26810
3825,FUMINA SOUTH,VIC,Delivery Area,Updated 6-Feb-2020,-37.95,146.116667,20505110114,Yangoura,205051101,Maffra,Wellington,26810
3825,HERNES OAK,VIC,Delivery Area,Updated 6-Feb-2020,-38.2172515,146.30971,20505110114,Yangoura,205051101,Maffra,Wellington,26810
3825,HILL END,VIC,Delivery Area,Updated 6-Feb-2020,-38.01021,146.1511962,20505110114,Yangoura,205051101,Maffra,Wellington,26810
3825,JACOB CREEK,VIC,Delivery Area,Updated 6-Feb-2020,-38.0053348,146.4104044,20505110114,Yangoura,205051101,Maffra,Wellington,26810
3825,JERICHO,VIC,Delivery Area,Updated 6-Feb-2020,-37.6662128,146.22889,20505110114,Yangoura,205051101,Maffra,Wellington,26810
3825,MOE,VIC,Delivery Area,Updated 6-Feb-2020,-38.172222,146.267778,20505110114,Yangoura,205051101,Maffra,Wellington,26810
3825,MOE SOUTH,VIC,Delivery Area,Updated 6-Feb-2020,-38.214256,146.2426404,20505110114,Yangoura,205051101,Maffra,Wellington,26810
3825,MOONDARRA,VIC,Delivery Area,Updated 6-Feb-2020,-38.0240777,146.370883,20505110114,Yangoura,205051101,Maffra,Wellington,26810
3825,NEWBOROUGH,VIC,Delivery Area,Updated 6-Feb-2020,-38.1760805,146.2985284,20505110114,Yangoura,205051101,Maffra,Wellington,26810
3825,NEWBOROUGH EAST,VIC,Delivery Area,Updated 6-Feb-2020,-38.1760805,146.2985284,20505110114,Yangoura,205051101,Maffra,Wellington,26810
3825,RAWSON,VIC,Delivery Area,Updated 6-Feb-2020,-37.95,146.4,20505110114,Yangoura,205051101,Maffra,Wellington,26810
3825,TANJIL,VIC,Delivery Area,Updated 6-Feb-2020,-37.9447547,146.229387,20505110114,Yangoura,205051101,Maffra,Wellington,26810
3825,TANJIL SOUTH,VIC,Delivery Area,Updated 6-Feb-2020,-38.1082873,146.2411224,20505110114,Yangoura,205051101,Maffra,Wellington,26810
3825,THALLOO,VIC,Delivery Area,Updated 6-Feb-2020,-38.087191,146.3069145,20505110114,Yangoura,205051101,Maffra,Wellington,26810
3825,THALOO,VIC,Delivery Area,Updated 6-Feb-2020,-38.0872,146.307,20505110114,Yangoura,205051101,Maffra,Wellington,26810
3825,THOMSON,VIC,Delivery Area,Updated 6-Feb-2020,-37.9933595,146.7419452,20505110114,Yangoura,205051101,Maffra,Wellington,26810
3825,TOOMBON,VIC,Delivery Area,Updated 6-Feb-2020,-37.721192,146.4393167,20505110114,Yangoura,205051101,Maffra,Wellington,26810
3825,WALHALLA,VIC,Delivery Area,Updated 6-Feb-2020,-37.9382725,146.4507298,20505110114,Yangoura,205051101,Maffra,Wellington,26810
3825,WALHALLA EAST,VIC,Delivery Area,Updated 6-Feb-2020,-37.9326,146.581,20505110114,Yangoura,205051101,Maffra,Wellington,26810
3825,WESTBURY,VIC,Delivery Area,Updated 6-Feb-2020,-38.1413053,146.2202946,20505110114,Yangoura,205051101,Maffra,Wellington,26810
3825,WILLOW GROVE,VIC,Delivery Area,Updated 6-Feb-2020,-38.0690534,146.1623601,20505110114,Yangoura,205051101,Maffra,Wellington,26810
3825,YALLOURN,VIC,Delivery Area,Updated 6-Feb-2020,-38.1802756,146.3182719,20505110114,Yangoura,205051101,Maffra,Wellington,26810
3825,YALLOURN NORTH,VIC,Delivery Area,Updated 6-Feb-2020,-38.1596163,146.3612622,20505110114,Yangoura,205051101,Maffra,Wellington,26810
3831,NEERIM,VIC,Delivery Area,Updated 6-Feb-2020,-37.966667,145.95,20501107722,Neerim North,205011077,Mount Baw Baw Region,Baw Baw,20830
3831,NEERIM EAST,VIC,Delivery Area,Updated 6-Feb-2020,-37.9622559,146.0006153,20501107722,Neerim North,205011077,Mount Baw Baw Region,Baw Baw,20830
3831,NEERIM SOUTH,VIC,Delivery Area,Updated 6-Feb-2020,-38.016667,145.966667,20501107722,Neerim North,205011077,Mount Baw Baw Region,Baw Baw,20830
3832,NAYOOK,VIC,Delivery Area,Updated 25-Mar-2020,-37.9151442,145.9302897,20501107722,Neerim North,205011077,Mount Baw Baw Region,Baw Baw,20830
3832,NEERIM JUNCTION,VIC,Delivery Area,Updated 25-Mar-2020,-37.9227365,145.9677767,20501107722,Neerim North,205011077,Mount Baw Baw Region,Baw Baw,20830
3832,NEERIM NORTH,VIC,Delivery Area,Updated 25-Mar-2020,-37.916667,146.0,20501107722,Neerim North,205011077,Mount Baw Baw Region,Baw Baw,20830
3833,ADA,VIC,Delivery Area,Updated 6-Feb-2020,-37.8422187,145.8518624,20501107718,Gentle Annie,205011077,Mount Baw Baw Region,Yarra Ranges,27450
3833,BAW BAW,VIC,Delivery Area,Updated 6-Feb-2020,-37.7865626,146.0696009,20501107718,Gentle Annie,205011077,Mount Baw Baw Region,Yarra Ranges,27450
3833,BAW BAW VILLAGE,VIC,Delivery Area,Updated 6-Feb-2020,-37.8414614,146.2580015,20501107718,Gentle Annie,205011077,Mount Baw Baw Region,Yarra Ranges,27450
3833,GENTLE ANNIE,VIC,Delivery Area,Updated 6-Feb-2020,-37.9383977,145.8366147,20501107718,Gentle Annie,205011077,Mount Baw Baw Region,Yarra Ranges,27450
3833,ICY CREEK,VIC,Delivery Area,Updated 6-Feb-2020,-37.883333,146.1,20501107718,Gentle Annie,205011077,Mount Baw Baw Region,Yarra Ranges,27450
3833,LOCH VALLEY,VIC,Delivery Area,Updated 6-Feb-2020,-37.8402239,145.9977047,20501107718,Gentle Annie,205011077,Mount Baw Baw Region,Yarra Ranges,27450
3833,MT BAW BAW,VIC,Delivery Area,Updated 6-Feb-2020,-37.8383333,146.2736111,20501107718,Gentle Annie,205011077,Mount Baw Baw Region,Yarra Ranges,27450
3833,NOOJEE,VIC,Delivery Area,Updated 6-Feb-2020,-37.883333,146.0,20501107718,Gentle Annie,205011077,Mount Baw Baw Region,Yarra Ranges,27450
3833,PIEDMONT,VIC,Delivery Area,Updated 6-Feb-2020,-37.8938569,145.9442113,20501107718,Gentle Annie,205011077,Mount Baw Baw Region,Yarra Ranges,27450
3833,TANJIL BREN,VIC,Delivery Area,Updated 6-Feb-2020,-37.824722,146.1775,20501107718,Gentle Annie,205011077,Mount Baw Baw Region,Yarra Ranges,27450
3833,TOORONGO,VIC,Delivery Area,Updated 6-Feb-2020,-37.7755298,146.0868854,20501107718,Gentle Annie,205011077,Mount Baw Baw Region,Yarra Ranges,27450
3833,VESPER,VIC,Delivery Area,Updated 6-Feb-2020,-37.8742225,146.0640244,20501107718,Gentle Annie,205011077,Mount Baw Baw Region,Yarra Ranges,27450
3835,THORPDALE,VIC,Delivery Area,Updated 6-Feb-2020,-38.2926842,146.1812023,20501107817,Thorpdale,205011078,Trafalgar (Vic.),South Gippsland,26170
3840,DRIFFIELD,VIC,Delivery Area,Updated 6-Feb-2020,-38.285052,146.296432,20504109638,Traralgon,205041096,Morwell,Latrobe (Vic.),23810
3840,HAZELWOOD,VIC,Delivery Area,Updated 6-Feb-2020,-38.3133743,146.3621416,20504109638,Traralgon,205041096,Morwell,Latrobe (Vic.),23810
3840,HAZELWOOD NORTH,VIC,Delivery Area,Updated 6-Feb-2020,-38.265189,146.4851099,20504109638,Traralgon,205041096,Morwell,Latrobe (Vic.),23810
3840,HAZELWOOD SOUTH,VIC,Delivery Area,Updated 6-Feb-2020,-38.3148097,146.4663922,20504109638,Traralgon,205041096,Morwell,Latrobe (Vic.),23810
3840,JEERALANG,VIC,Delivery Area,Updated 6-Feb-2020,-38.3655463,146.4386213,20504109638,Traralgon,205041096,Morwell,Latrobe (Vic.),23810
3840,JEERALANG JUNCTION,VIC,Delivery Area,Updated 6-Feb-2020,-38.3436308,146.4104044,20504109638,Traralgon,205041096,Morwell,Latrobe (Vic.),23810
3840,MARYVALE,VIC,Delivery Area,Updated 6-Feb-2020,-38.1988052,146.3932648,20504109638,Traralgon,205041096,Morwell,Latrobe (Vic.),23810
3840,MID VALLEY,VIC,Delivery Area,Updated 6-Feb-2020,-38.2364581,146.4289502,20504109638,Traralgon,205041096,Morwell,Latrobe (Vic.),23810
3840,MORWELL,VIC,Delivery Area,Updated 6-Feb-2020,-38.2275886,146.4146185,20504109638,Traralgon,205041096,Morwell,Latrobe (Vic.),23810
3840,MORWELL EAST,VIC,Delivery Area,Updated 6-Feb-2020,-38.2275886,146.4146185,20504109638,Traralgon,205041096,Morwell,Latrobe (Vic.),23810
3840,MORWELL UPPER,VIC,Delivery Area,Updated 6-Feb-2020,-38.2275886,146.4146185,20504109638,Traralgon,205041096,Morwell,Latrobe (Vic.),23810
3841,GIPPSLAND MC,VIC,,,-37.5832,147.463,,,,,Wellington,26810
3842,CHURCHILL,VIC,Delivery Area,Updated 6-Feb-2020,-38.3219988,146.4160017,20504109436,Churchill (Vic.),205041094,Churchill,Latrobe (Vic.),23810
3844,BLACKWARRY,VIC,Delivery Area,Updated 6-Feb-2020,-38.4193287,146.606259,20505110406,Woodside (Vic.),205051104,Yarram,Wellington,26810
3844,CALLIGNEE,VIC,Delivery Area,Updated 6-Feb-2020,-38.323816,146.5796363,20505110406,Woodside (Vic.),205051104,Yarram,Wellington,26810
3844,CALLIGNEE NORTH,VIC,Delivery Area,Updated 6-Feb-2020,-38.3200613,146.6040519,20505110406,Woodside (Vic.),205051104,Yarram,Wellington,26810
3844,CALLIGNEE SOUTH,VIC,Delivery Area,Updated 6-Feb-2020,-38.3756,146.614,20505110406,Woodside (Vic.),205051104,Yarram,Wellington,26810
3844,CARRAJUNG,VIC,Delivery Area,Updated 6-Feb-2020,-38.366667,146.683333,20505110406,Woodside (Vic.),205051104,Yarram,Wellington,26810
3844,CARRAJUNG LOWER,VIC,Delivery Area,Updated 6-Feb-2020,-38.3825,146.761,20505110406,Woodside (Vic.),205051104,Yarram,Wellington,26810
3844,CARRAJUNG SOUTH,VIC,Delivery Area,Updated 6-Feb-2020,-38.3871,146.799,20505110406,Woodside (Vic.),205051104,Yarram,Wellington,26810
3844,FLYNN,VIC,Delivery Area,Updated 6-Feb-2020,-38.1707159,146.7117693,20505110406,Woodside (Vic.),205051104,Yarram,Wellington,26810
3844,FLYNNS CREEK,VIC,Delivery Area,Updated 6-Feb-2020,-38.260963,146.6377088,20505110406,Woodside (Vic.),205051104,Yarram,Wellington,26810
3844,KOORNALLA,VIC,Delivery Area,Updated 6-Feb-2020,-38.3267086,146.5322429,20505110406,Woodside (Vic.),205051104,Yarram,Wellington,26810
3844,LOY YANG,VIC,Delivery Area,Updated 6-Feb-2020,-38.255137,146.6126403,20505110406,Woodside (Vic.),205051104,Yarram,Wellington,26810
3844,MOUNT TASSIE,VIC,Delivery Area,Updated 6-Feb-2020,-38.3886276,146.5618976,20505110406,Woodside (Vic.),205051104,Yarram,Wellington,26810
3844,TRARALGON,VIC,Delivery Area,Updated 6-Feb-2020,-38.2033531,146.519786,20505110406,Woodside (Vic.),205051104,Yarram,Wellington,26810
3844,TRARALGON EAST,VIC,Delivery Area,Updated 6-Feb-2020,-38.1836514,146.5825806,20505110406,Woodside (Vic.),205051104,Yarram,Wellington,26810
3844,TRARALGON SOUTH,VIC,Delivery Area,Updated 6-Feb-2020,-38.2986311,146.5368986,20505110406,Woodside (Vic.),205051104,Yarram,Wellington,26810
3844,TYERS,VIC,Delivery Area,Updated 6-Feb-2020,-38.15,146.466667,20505110406,Woodside (Vic.),205051104,Yarram,Wellington,26810
3844,WILLUNG SOUTH,VIC,Delivery Area,Updated 6-Feb-2020,-38.337633,146.7222533,20505110406,Woodside (Vic.),205051104,Yarram,Wellington,26810
3847,HIAMDALE,VIC,Delivery Area,Updated 6-Feb-2020,-38.2643115,146.7554393,20505110406,Woodside (Vic.),205051104,Yarram,Wellington,26810
3847,NAMBROK,VIC,Delivery Area,Updated 6-Feb-2020,-38.0532922,146.8388418,20505110406,Woodside (Vic.),205051104,Yarram,Wellington,26810
3847,ROSEDALE,VIC,Delivery Area,Updated 6-Feb-2020,-38.15,146.783,20505110406,Woodside (Vic.),205051104,Yarram,Wellington,26810
3847,WILLUNG,VIC,Delivery Area,Updated 6-Feb-2020,-38.2448484,146.8037101,20505110406,Woodside (Vic.),205051104,Yarram,Wellington,26810
3847,WILLUNG SOUTH,VIC,Delivery Area,Updated 6-Feb-2020,-38.3376,146.722,20505110406,Woodside (Vic.),205051104,Yarram,Wellington,26810
3850,GIFFARD,VIC,Delivery Area,Updated 6-Feb-2020,-38.3676479,147.1613237,20505110334,Sale,205051103,Sale,Wellington,26810
3850,GUTHRIDGE,VIC,Delivery Area,Updated 6-Feb-2020,-38.1075,147.082,20505110334,Sale,205051103,Sale,Wellington,26810
3850,SALE,VIC,Delivery Area,Updated 6-Feb-2020,-38.1026004,147.073027,20505110334,Sale,205051103,Sale,Wellington,26810
3850,SALE NORTH,VIC,Delivery Area,Updated 6-Feb-2020,-38.1026004,147.073027,20505110334,Sale,205051103,Sale,Wellington,26810
3850,WURRUK,VIC,Delivery Area,Updated 6-Feb-2020,-38.1077891,147.0280652,20505110334,Sale,205051103,Sale,Wellington,26810
3851,AIRLY,VIC,Delivery Area,Updated 6-Feb-2020,-38.0279745,147.1149275,20505110406,Woodside (Vic.),205051104,Yarram,Wellington,26810
3851,BUNDALAGUAH,VIC,Delivery Area,Updated 6-Feb-2020,-38.0307598,147.0217285,20505110406,Woodside (Vic.),205051104,Yarram,Wellington,26810
3851,CLYDEBANK,VIC,Delivery Area,Updated 6-Feb-2020,-38.0463162,147.1474819,20505110406,Woodside (Vic.),205051104,Yarram,Wellington,26810
3851,COBAINS,VIC,Delivery Area,Updated 6-Feb-2020,-38.0791967,147.1231644,20505110406,Woodside (Vic.),205051104,Yarram,Wellington,26810
3851,DARRIMAN,VIC,Delivery Area,Updated 6-Feb-2020,-38.4036751,146.839377,20505110406,Woodside (Vic.),205051104,Yarram,Wellington,26810
3851,DUTSON,VIC,Delivery Area,Updated 6-Feb-2020,-38.1738558,147.2074198,20505110406,Woodside (Vic.),205051104,Yarram,Wellington,26810
3851,DUTSON DOWNS,VIC,Delivery Area,Updated 6-Feb-2020,-38.2032935,147.3193881,20505110406,Woodside (Vic.),205051104,Yarram,Wellington,26810
3851,FLAMINGO BEACH,VIC,Delivery Area,Updated 6-Feb-2020,-38.270311,147.3129258,20505110406,Woodside (Vic.),205051104,Yarram,Wellington,26810
3851,FULHAM,VIC,Delivery Area,Updated 6-Feb-2020,-38.0779833,146.9541617,20505110406,Woodside (Vic.),205051104,Yarram,Wellington,26810
3851,GIFFARD,VIC,Delivery Area,Updated 6-Feb-2020,-38.3676,147.161,20505110406,Woodside (Vic.),205051104,Yarram,Wellington,26810
3851,GIFFARD WEST,VIC,Delivery Area,Updated 6-Feb-2020,-38.3506013,146.9896989,20505110406,Woodside (Vic.),205051104,Yarram,Wellington,26810
3851,GLOMAR BEACH,VIC,Delivery Area,Updated 6-Feb-2020,-38.2989768,147.2762157,20505110406,Woodside (Vic.),205051104,Yarram,Wellington,26810
3851,GOLDEN BEACH,VIC,Delivery Area,Updated 6-Feb-2020,-38.2280947,147.3757681,20505110406,Woodside (Vic.),205051104,Yarram,Wellington,26810
3851,KILMANY,VIC,Delivery Area,Updated 6-Feb-2020,-38.1140626,146.9077363,20505110406,Woodside (Vic.),205051104,Yarram,Wellington,26810
3851,LAKE WELLINGTON,VIC,Delivery Area,Updated 6-Feb-2020,-38.0904946,147.317466,20505110406,Woodside (Vic.),205051104,Yarram,Wellington,26810
3851,LOCH SPORT,VIC,Delivery Area,Updated 6-Feb-2020,-38.0739783,147.5419531,20505110406,Woodside (Vic.),205051104,Yarram,Wellington,26810
3851,LONGFORD,VIC,Delivery Area,Updated 6-Feb-2020,-38.164167,147.086944,20505110406,Woodside (Vic.),205051104,Yarram,Wellington,26810
3851,MONTGOMERY,VIC,Delivery Area,Updated 6-Feb-2020,-38.051866,147.0713502,20505110406,Woodside (Vic.),205051104,Yarram,Wellington,26810
3851,MYRTLEBANK,VIC,Delivery Area,Updated 6-Feb-2020,-38.0664383,147.0168002,20505110406,Woodside (Vic.),205051104,Yarram,Wellington,26810
3851,PARADISE BEACH,VIC,Delivery Area,Updated 6-Feb-2020,-38.1992076,147.4033451,20505110406,Woodside (Vic.),205051104,Yarram,Wellington,26810
3851,PEARSONDALE,VIC,Delivery Area,Updated 6-Feb-2020,-38.1343526,147.0134889,20505110406,Woodside (Vic.),205051104,Yarram,Wellington,26810
3851,SEACOMBE,VIC,Delivery Area,Updated 6-Feb-2020,-38.1194501,147.4402167,20505110406,Woodside (Vic.),205051104,Yarram,Wellington,26810
3851,SEASPRAY,VIC,Delivery Area,Updated 6-Feb-2020,-38.2936345,147.1467693,20505110406,Woodside (Vic.),205051104,Yarram,Wellington,26810
3851,SOMERTON PARK,VIC,Delivery Area,Updated 6-Feb-2020,-38.0976286,147.0973977,20505110406,Woodside (Vic.),205051104,Yarram,Wellington,26810
3851,STRADBROKE,VIC,Delivery Area,Updated 6-Feb-2020,-38.2720244,147.0569376,20505110406,Woodside (Vic.),205051104,Yarram,Wellington,26810
3851,THE HEART,VIC,Delivery Area,Updated 6-Feb-2020,-38.1028369,147.1693375,20505110406,Woodside (Vic.),205051104,Yarram,Wellington,26810
3851,THE HONEYSUCKLES,VIC,Delivery Area,Updated 6-Feb-2020,-38.3529876,147.2190598,20505110406,Woodside (Vic.),205051104,Yarram,Wellington,26810
3852,EAST SALE,VIC,Delivery Area,Updated 6-Feb-2020,-38.1054,147.141,20505110013,Sale,205051100,Longford - Loch Sport,Wellington,26810
3852,EAST SALE RAAF,VIC,Delivery Area,Updated 6-Feb-2020,-38.1054893,147.1233541,20505110013,Sale,205051100,Longford - Loch Sport,Wellington,26810
3852,SALE EAST RAAF,VIC,Delivery Area,Updated 6-Feb-2020,-38.1055,147.123,20505110013,Sale,205051100,Longford - Loch Sport,Wellington,26810
3854,GLENGARRY,VIC,Delivery Area,Updated 6-Feb-2020,-38.1352566,146.5637493,20505110201,Toongabbie (Vic.),205051102,Rosedale,Baw Baw,20830
3854,GLENGARRY NORTH,VIC,Delivery Area,Updated 6-Feb-2020,-38.088238,146.5749622,20505110201,Toongabbie (Vic.),205051102,Rosedale,Baw Baw,20830
3854,GLENGARRY WEST,VIC,Delivery Area,Updated 6-Feb-2020,-38.1520709,146.5245143,20505110201,Toongabbie (Vic.),205051102,Rosedale,Baw Baw,20830
3856,TOONGABBIE,VIC,Delivery Area,Updated 6-Feb-2020,-38.0326139,146.5392256,20505110201,Toongabbie (Vic.),205051102,Rosedale,Baw Baw,20830
3857,COWWARR,VIC,Delivery Area,Updated 6-Feb-2020,-38.0132354,146.6850587,20505110210,Winnindoo,205051102,Rosedale,Latrobe (Vic.),23810
3858,ARBUCKLE,VIC,Delivery Area,Updated 6-Feb-2020,-37.369,146.829,20505110210,Winnindoo,205051102,Rosedale,Mansfield,24250
3858,BILLABONG,VIC,Delivery Area,Updated 6-Feb-2020,-37.2589,146.828,20505110210,Winnindoo,205051102,Rosedale,Mansfield,24250
3858,BURAGWONDUC,VIC,Delivery Area,Updated 6-Feb-2020,-37.4909,146.771,20505110210,Winnindoo,205051102,Rosedale,Mansfield,24250
3858,CROOKAYAN,VIC,Delivery Area,Updated 6-Feb-2020,-37.4841,146.621,20505110210,Winnindoo,205051102,Rosedale,Mansfield,24250
3858,DAWSON,VIC,Delivery Area,Updated 6-Feb-2020,-37.9680283,146.6951743,20505110210,Winnindoo,205051102,Rosedale,Mansfield,24250
3858,DENISON,VIC,Delivery Area,Updated 6-Feb-2020,-38.0254826,146.8423556,20505110210,Winnindoo,205051102,Rosedale,Mansfield,24250
3858,GILLUM,VIC,Delivery Area,Updated 6-Feb-2020,-37.7535,146.735,20505110210,Winnindoo,205051102,Rosedale,Mansfield,24250
3858,GLEN FALLOCH,VIC,Delivery Area,Updated 6-Feb-2020,-37.6691937,146.6472521,20505110210,Winnindoo,205051102,Rosedale,Mansfield,24250
3858,GLENFALLOCH,VIC,Delivery Area,Updated 6-Feb-2020,-37.6692,146.647,20505110210,Winnindoo,205051102,Rosedale,Mansfield,24250
3858,GLENMAGGIE,VIC,Delivery Area,Updated 6-Feb-2020,-37.9163753,146.7461215,20505110210,Winnindoo,205051102,Rosedale,Mansfield,24250
3858,HEYFIELD,VIC,Delivery Area,Updated 6-Feb-2020,-37.9827396,146.7911606,20505110210,Winnindoo,205051102,Rosedale,Mansfield,24250
3858,HOWITT PLAINS,VIC,Delivery Area,Updated 6-Feb-2020,-37.2063,146.686,20505110210,Winnindoo,205051102,Rosedale,Mansfield,24250
3858,LICOLA,VIC,Delivery Area,Updated 6-Feb-2020,-37.5735428,146.6245602,20505110210,Winnindoo,205051102,Rosedale,Mansfield,24250
3858,LICOLA NORTH,VIC,Delivery Area,Updated 6-Feb-2020,-37.5148998,146.5518033,20505110210,Winnindoo,205051102,Rosedale,Mansfield,24250
3858,REYNARD,VIC,Delivery Area,Updated 6-Feb-2020,-37.3559,146.625,20505110210,Winnindoo,205051102,Rosedale,Mansfield,24250
3858,SARGOOD,VIC,Delivery Area,Updated 6-Feb-2020,-37.5864,146.739,20505110210,Winnindoo,205051102,Rosedale,Mansfield,24250
3858,SEATON,VIC,Delivery Area,Updated 6-Feb-2020,-37.9380632,146.684357,20505110210,Winnindoo,205051102,Rosedale,Mansfield,24250
3858,TAMBORITHA,VIC,Delivery Area,Updated 6-Feb-2020,-37.4334758,146.7101069,20505110210,Winnindoo,205051102,Rosedale,Mansfield,24250
3858,WINNINDOO,VIC,Delivery Area,Updated 6-Feb-2020,-38.0598736,146.7629732,20505110210,Winnindoo,205051102,Rosedale,Mansfield,24250
3858,WORROWING,VIC,Delivery Area,Updated 6-Feb-2020,-37.6689,146.742,20505110210,Winnindoo,205051102,Rosedale,Mansfield,24250
3858,YANGOURA,VIC,Delivery Area,Updated 6-Feb-2020,-37.822,146.568,20505110210,Winnindoo,205051102,Rosedale,Mansfield,24250
3859,MAFFRA WEST UPPER,VIC,Delivery Area,Updated 6-Feb-2020,-37.8729822,146.817681,20505110119,Tinamba,205051101,Maffra,Wellington,26810
3859,MEWBURN PARK,VIC,Delivery Area,Updated 6-Feb-2020,-37.9529871,146.9390043,20505110119,Tinamba,205051101,Maffra,Wellington,26810
3859,NEWRY,VIC,Delivery Area,Updated 6-Feb-2020,-37.905059,146.900704,20505110119,Tinamba,205051101,Maffra,Wellington,26810
3859,TINAMBA,VIC,Delivery Area,Updated 6-Feb-2020,-37.9655346,146.919692,20505110119,Tinamba,205051101,Maffra,Wellington,26810
3859,TINAMBA WEST,VIC,Delivery Area,Updated 6-Feb-2020,-37.9329967,146.8497352,20505110119,Tinamba,205051101,Maffra,Wellington,26810
3860,BOISDALE,VIC,Delivery Area,Updated 6-Feb-2020,-37.8840703,146.9945377,20505110138,Maffra (Vic.),205051101,Maffra,Wellington,26810
3860,BRIAGOLONG,VIC,Delivery Area,Updated 6-Feb-2020,-37.822072,147.0717292,20505110138,Maffra (Vic.),205051101,Maffra,Wellington,26810
3860,BUSHY PARK,VIC,Delivery Area,Updated 6-Feb-2020,-37.8381502,147.0030727,20505110138,Maffra (Vic.),205051101,Maffra,Wellington,26810
3860,COONGULLA,VIC,Delivery Area,Updated 6-Feb-2020,-37.8863058,146.7854467,20505110138,Maffra (Vic.),205051101,Maffra,Wellington,26810
3860,KOOROOL,VIC,Delivery Area,Updated 6-Feb-2020,-37.7262,146.943,20505110138,Maffra (Vic.),205051101,Maffra,Wellington,26810
3860,MAFFRA,VIC,Delivery Area,Updated 6-Feb-2020,-37.9619053,146.9886238,20505110138,Maffra (Vic.),205051101,Maffra,Wellington,26810
3860,MONOMAK,VIC,Delivery Area,Updated 6-Feb-2020,-37.7239,146.793,20505110138,Maffra (Vic.),205051101,Maffra,Wellington,26810
3860,MOROKA,VIC,Delivery Area,Updated 6-Feb-2020,-37.4899,146.939,20505110138,Maffra (Vic.),205051101,Maffra,Wellington,26810
3860,NAP NAP MARRA,VIC,Delivery Area,Updated 6-Feb-2020,-37.5786,146.846,20505110138,Maffra (Vic.),205051101,Maffra,Wellington,26810
3860,NUNTIN,VIC,Delivery Area,Updated 6-Feb-2020,-38.2243721,146.4301419,20505110138,Maffra (Vic.),205051101,Maffra,Wellington,26810
3860,RIVERSLEA,VIC,Delivery Area,Updated 6-Feb-2020,-38.0032475,146.9457191,20505110138,Maffra (Vic.),205051101,Maffra,Wellington,26810
3860,TOOLOME,VIC,Delivery Area,Updated 6-Feb-2020,-37.6165,147.053,20505110138,Maffra (Vic.),205051101,Maffra,Wellington,26810
3860,VALENCIA CREEK,VIC,Delivery Area,Updated 6-Feb-2020,-37.8236211,146.9766789,20505110138,Maffra (Vic.),205051101,Maffra,Wellington,26810
3860,WOOLENOOK,VIC,Delivery Area,Updated 6-Feb-2020,-37.7295,147.062,20505110138,Maffra (Vic.),205051101,Maffra,Wellington,26810
3860,WRATHUNG,VIC,Delivery Area,Updated 6-Feb-2020,-37.5955,146.949,20505110138,Maffra (Vic.),205051101,Maffra,Wellington,26810
3860,WRIXON,VIC,Delivery Area,Updated 6-Feb-2020,-37.6835,146.851,20505110138,Maffra (Vic.),205051101,Maffra,Wellington,26810
3862,BUDGEE BUDGEE,VIC,Delivery Area,Updated 6-Feb-2020,-37.5459,147.096,20505110133,Stratford (Vic.),205051101,Maffra,Alpine,20110
3862,CASTLEBURN,VIC,Delivery Area,Updated 6-Feb-2020,-37.576172,147.179993,20505110133,Stratford (Vic.),205051101,Maffra,Alpine,20110
3862,COBBANNAH,VIC,Delivery Area,Updated 6-Feb-2020,-37.705174,147.3162797,20505110133,Stratford (Vic.),205051101,Maffra,Alpine,20110
3862,COWA,VIC,Delivery Area,Updated 6-Feb-2020,-37.3889,147.18,20505110133,Stratford (Vic.),205051101,Maffra,Alpine,20110
3862,CROOKED RIVER,VIC,Delivery Area,Updated 6-Feb-2020,-37.3140719,147.1018714,20505110133,Stratford (Vic.),205051101,Maffra,Alpine,20110
3862,DARGO,VIC,Delivery Area,Updated 6-Feb-2020,-37.4619237,147.2510078,20505110133,Stratford (Vic.),205051101,Maffra,Alpine,20110
3862,HAWKHURST,VIC,Delivery Area,Updated 6-Feb-2020,-37.419557,147.1189167,20505110133,Stratford (Vic.),205051101,Maffra,Alpine,20110
3862,HOLLANDS LANDING,VIC,Delivery Area,Updated 6-Feb-2020,-38.048,147.461,20505110133,Stratford (Vic.),205051101,Maffra,Alpine,20110
3862,LLOWALONG,VIC,Delivery Area,Updated 6-Feb-2020,-37.9113511,147.0361627,20505110133,Stratford (Vic.),205051101,Maffra,Alpine,20110
3862,MEERLIEU,VIC,Delivery Area,Updated 6-Feb-2020,-38.0071158,147.3856872,20505110133,Stratford (Vic.),205051101,Maffra,Alpine,20110
3862,MIOWERA,VIC,Delivery Area,Updated 6-Feb-2020,-37.48,147.153,20505110133,Stratford (Vic.),205051101,Maffra,Alpine,20110
3862,MOORNAPA,VIC,Delivery Area,Updated 6-Feb-2020,-37.628,147.203,20505110133,Stratford (Vic.),205051101,Maffra,Alpine,20110
3862,MUNRO,VIC,Delivery Area,Updated 6-Feb-2020,-37.9318234,147.2007191,20505110133,Stratford (Vic.),205051101,Maffra,Alpine,20110
3862,PERRY BRIDGE,VIC,Delivery Area,Updated 6-Feb-2020,-38.0044156,147.2652758,20505110133,Stratford (Vic.),205051101,Maffra,Alpine,20110
3862,STOCKDALE,VIC,Delivery Area,Updated 6-Feb-2020,-37.8097884,147.1622868,20505110133,Stratford (Vic.),205051101,Maffra,Alpine,20110
3862,STRATFORD,VIC,Delivery Area,Updated 6-Feb-2020,-37.966667,147.083333,20505110133,Stratford (Vic.),205051101,Maffra,Alpine,20110
3862,WATERFORD,VIC,Delivery Area,Updated 6-Feb-2020,-37.516238,147.201491,20505110133,Stratford (Vic.),205051101,Maffra,Alpine,20110
3862,WONGUNGARRA,VIC,Delivery Area,Updated 6-Feb-2020,-37.3442,147.153,20505110133,Stratford (Vic.),205051101,Maffra,Alpine,20110
3864,FERNBANK,VIC,Delivery Area,Updated 6-Feb-2020,-37.8151682,147.3291671,20502108224,Woodglen,205021082,Bruthen - Omeo,Wellington,26810
3864,GLENALADALE,VIC,Delivery Area,Updated 6-Feb-2020,-37.7510906,147.3266955,20502108224,Woodglen,205021082,Bruthen - Omeo,Wellington,26810
3864,THE FINGERBOARD,VIC,Delivery Area,Updated 6-Feb-2020,-37.8199648,147.304453,20502108224,Woodglen,205021082,Bruthen - Omeo,Wellington,26810
3865,LINDENOW,VIC,Delivery Area,Updated 6-Feb-2020,-37.7994292,147.468383,20502108202,Walpa,205021082,Bruthen - Omeo,East Gippsland,22110
3869,JUMBUK,VIC,Delivery Area,Updated 6-Feb-2020,-38.3747997,146.4051598,20504109437,Yinnar,205041094,Churchill,Latrobe (Vic.),23810
3869,YINNAR,VIC,Delivery Area,Updated 6-Feb-2020,-38.316667,146.316667,20504109437,Yinnar,205041094,Churchill,Latrobe (Vic.),23810
3869,YINNAR SOUTH,VIC,Delivery Area,Updated 6-Feb-2020,-38.383333,146.383333,20504109437,Yinnar,205041094,Churchill,Latrobe (Vic.),23810
3870,BOOLARRA,VIC,Delivery Area,Updated 6-Feb-2020,-38.383333,146.266667,20505110404,Wonyip,205051104,Yarram,Wellington,26810
3870,BOOLARRA SOUTH,VIC,Delivery Area,Updated 6-Feb-2020,-38.419077,146.2666008,20505110404,Wonyip,205051104,Yarram,Wellington,26810
3870,BUDGEREE,VIC,Delivery Area,Updated 6-Feb-2020,-38.4201593,146.3411655,20505110404,Wonyip,205051104,Yarram,Wellington,26810
3870,BUDGEREE EAST,VIC,Delivery Area,Updated 6-Feb-2020,-38.45,146.38,20505110404,Wonyip,205051104,Yarram,Wellington,26810
3870,GRAND RIDGE,VIC,Delivery Area,Updated 6-Feb-2020,-38.4431454,146.3184541,20505110404,Wonyip,205051104,Yarram,Wellington,26810
3870,JOHNSTONES HILL,VIC,Delivery Area,Updated 6-Feb-2020,-38.3804,146.291,20505110404,Wonyip,205051104,Yarram,Wellington,26810
3870,MIRBOO EAST,VIC,Delivery Area,Updated 6-Feb-2020,-38.3950602,146.1498411,20505110404,Wonyip,205051104,Yarram,Wellington,26810
3871,ALLAMBEE RESERVE,VIC,Delivery Area,Updated 6-Feb-2020,-38.3022517,146.0528724,20504109409,Mirboo,205041094,Churchill,Baw Baw,20830
3871,ALLAMBEE SOUTH,VIC,Delivery Area,Updated 6-Feb-2020,-38.3485607,146.1086461,20504109409,Mirboo,205041094,Churchill,Baw Baw,20830
3871,BAROMI,VIC,Delivery Area,Updated 6-Feb-2020,-38.4024468,146.1770148,20504109409,Mirboo,205041094,Churchill,Baw Baw,20830
3871,DARLIMURLA,VIC,Delivery Area,Updated 6-Feb-2020,-38.4148139,146.2122654,20504109409,Mirboo,205041094,Churchill,Baw Baw,20830
3871,DELBURN,VIC,Delivery Area,Updated 6-Feb-2020,-38.3188255,146.2264351,20504109409,Mirboo,205041094,Churchill,Baw Baw,20830
3871,DOLLAR,VIC,Delivery Area,Updated 6-Feb-2020,-38.5573,146.176,20504109409,Mirboo,205041094,Churchill,Baw Baw,20830
3871,LIMONITE,VIC,Delivery Area,Updated 6-Feb-2020,-38.4187,146.237,20504109409,Mirboo,205041094,Churchill,Baw Baw,20830
3871,MIRBOO,VIC,Delivery Area,Updated 6-Feb-2020,-38.3950602,146.1498411,20504109409,Mirboo,205041094,Churchill,Baw Baw,20830
3871,MIRBOO NORTH,VIC,Delivery Area,Updated 6-Feb-2020,-38.3950602,146.1498411,20504109409,Mirboo,205041094,Churchill,Baw Baw,20830
3871,TARWIN EAST,VIC,Delivery Area,Updated 6-Feb-2020,-38.405,146.181,20504109409,Mirboo,205041094,Churchill,Baw Baw,20830
3873,GORMANDALE,VIC,Delivery Area,Updated 6-Feb-2020,-38.3016024,146.6738329,20505110206,Willung,205051102,Rosedale,Wellington,26810
3874,CARRAJUNG SOUTH,VIC,Delivery Area,Updated 6-Feb-2020,-38.3871131,146.7991439,20505110411,Woodside Beach,205051104,Yarram,Wellington,26810
3874,CHERRILONG,VIC,Delivery Area,Updated 6-Feb-2020,-38.58,146.88,20505110411,Woodside Beach,205051104,Yarram,Wellington,26810
3874,MCLOUGHLINS BEACH,VIC,Delivery Area,Updated 6-Feb-2020,-38.608611,146.903889,20505110411,Woodside Beach,205051104,Yarram,Wellington,26810
3874,WOODSIDE,VIC,Delivery Area,Updated 6-Feb-2020,-38.5206202,146.8950786,20505110411,Woodside Beach,205051104,Yarram,Wellington,26810
3874,WOODSIDE BEACH,VIC,Delivery Area,Updated 6-Feb-2020,-38.5452519,146.9745677,20505110411,Woodside Beach,205051104,Yarram,Wellington,26810
3874,WOODSIDE NORTH,VIC,Delivery Area,Updated 6-Feb-2020,-38.4219075,146.8226797,20505110411,Woodside Beach,205051104,Yarram,Wellington,26810
3875,BAIRNSDALE,VIC,Delivery Area,Updated 6-Feb-2020,-37.833333,147.616667,20502108617,Raymond Island,205021086,Paynesville,East Gippsland,22110
3875,BANKSIA PENINSULA,VIC,Delivery Area,Updated 6-Feb-2020,-37.9518,147.674,20502108617,Raymond Island,205021086,Paynesville,East Gippsland,22110
3875,BENGWORDEN,VIC,Delivery Area,Updated 6-Feb-2020,-37.9749719,147.4629594,20502108617,Raymond Island,205021086,Paynesville,East Gippsland,22110
3875,BROADLANDS,VIC,Delivery Area,Updated 6-Feb-2020,-37.8468121,147.6799159,20502108617,Raymond Island,205021086,Paynesville,East Gippsland,22110
3875,BULLUMWAAL,VIC,Delivery Area,Updated 6-Feb-2020,-37.6716417,147.5657205,20502108617,Raymond Island,205021086,Paynesville,East Gippsland,22110
3875,CALULU,VIC,Delivery Area,Updated 6-Feb-2020,-37.7818188,147.5193106,20502108617,Raymond Island,205021086,Paynesville,East Gippsland,22110
3875,CLIFTON CREEK,VIC,Delivery Area,Updated 6-Feb-2020,-37.7114587,147.691206,20502108617,Raymond Island,205021086,Paynesville,East Gippsland,22110
3875,DEPTFORD,VIC,Delivery Area,Updated 6-Feb-2020,-37.5662068,147.6883849,20502108617,Raymond Island,205021086,Paynesville,East Gippsland,22110
3875,EAST BAIRNSDALE,VIC,Delivery Area,Updated 6-Feb-2020,-37.8361684,147.6495717,20502108617,Raymond Island,205021086,Paynesville,East Gippsland,22110
3875,EASTWOOD,VIC,Delivery Area,Updated 6-Feb-2020,-37.8134,147.63,20502108617,Raymond Island,205021086,Paynesville,East Gippsland,22110
3875,ELLASWOOD,VIC,Delivery Area,Updated 6-Feb-2020,-37.7837112,147.5751417,20502108617,Raymond Island,205021086,Paynesville,East Gippsland,22110
3875,FAIRY DELL,VIC,Delivery Area,Updated 6-Feb-2020,-37.6887426,147.7573626,20502108617,Raymond Island,205021086,Paynesville,East Gippsland,22110
3875,FLAGGY CREEK,VIC,Delivery Area,Updated 6-Feb-2020,-37.7553132,147.4796981,20502108617,Raymond Island,205021086,Paynesville,East Gippsland,22110
3875,FORGE CREEK,VIC,Delivery Area,Updated 6-Feb-2020,-37.9311827,147.6141587,20502108617,Raymond Island,205021086,Paynesville,East Gippsland,22110
3875,GOON NURE,VIC,Delivery Area,Updated 6-Feb-2020,-37.9767763,147.5871797,20502108617,Raymond Island,205021086,Paynesville,East Gippsland,22110
3875,GRANITE ROCK,VIC,Delivery Area,Updated 6-Feb-2020,-37.7573323,147.6722422,20502108617,Raymond Island,205021086,Paynesville,East Gippsland,22110
3875,HILLSIDE,VIC,Delivery Area,Updated 6-Feb-2020,-37.826996,147.5366825,20502108617,Raymond Island,205021086,Paynesville,East Gippsland,22110
3875,HOLLANDS LANDING,VIC,Delivery Area,Updated 6-Feb-2020,-38.048,147.461,20502108617,Raymond Island,205021086,Paynesville,East Gippsland,22110
3875,IGUANA CREEK,VIC,Delivery Area,Updated 6-Feb-2020,-37.7524046,147.3644833,20502108617,Raymond Island,205021086,Paynesville,East Gippsland,22110
3875,LINDENOW SOUTH,VIC,Delivery Area,Updated 6-Feb-2020,-37.8261072,147.4388572,20502108617,Raymond Island,205021086,Paynesville,East Gippsland,22110
3875,LUCKNOW,VIC,Delivery Area,Updated 6-Feb-2020,-37.8115088,147.6779106,20502108617,Raymond Island,205021086,Paynesville,East Gippsland,22110
3875,MARTHAVALE,VIC,Delivery Area,Updated 6-Feb-2020,-37.4443,147.508,20502108617,Raymond Island,205021086,Paynesville,East Gippsland,22110
3875,MELWOOD,VIC,Delivery Area,Updated 6-Feb-2020,-37.7417323,147.5051616,20502108617,Raymond Island,205021086,Paynesville,East Gippsland,22110
3875,MERRIJIG,VIC,Delivery Area,Updated 6-Feb-2020,-37.7074693,147.5375304,20502108617,Raymond Island,205021086,Paynesville,East Gippsland,22110
3875,MOUNT TAYLOR,VIC,Delivery Area,Updated 6-Feb-2020,-37.7322467,147.5893027,20502108617,Raymond Island,205021086,Paynesville,East Gippsland,22110
3875,NEWLANDS ARM,VIC,Delivery Area,Updated 6-Feb-2020,-37.9277583,147.692083,20502108617,Raymond Island,205021086,Paynesville,East Gippsland,22110
3875,RYANS,VIC,Delivery Area,Updated 6-Feb-2020,-37.5519,147.474,20502108617,Raymond Island,205021086,Paynesville,East Gippsland,22110
3875,SARSFIELD,VIC,Delivery Area,Updated 6-Feb-2020,-37.7438718,147.7686461,20502108617,Raymond Island,205021086,Paynesville,East Gippsland,22110
3875,TABBERABBERA,VIC,Delivery Area,Updated 6-Feb-2020,-37.5480156,147.4014224,20502108617,Raymond Island,205021086,Paynesville,East Gippsland,22110
3875,WALPA,VIC,Delivery Area,Updated 6-Feb-2020,-37.7939691,147.3892119,20502108617,Raymond Island,205021086,Paynesville,East Gippsland,22110
3875,WATERHOLES,VIC,Delivery Area,Updated 6-Feb-2020,-37.6486269,147.719636,20502108617,Raymond Island,205021086,Paynesville,East Gippsland,22110
3875,WENTWORTH,VIC,Delivery Area,Updated 6-Feb-2020,-37.3086,147.488,20502108617,Raymond Island,205021086,Paynesville,East Gippsland,22110
3875,WOODGLEN,VIC,Delivery Area,Updated 6-Feb-2020,-37.7749385,147.3892119,20502108617,Raymond Island,205021086,Paynesville,East Gippsland,22110
3875,WUK WUK,VIC,Delivery Area,Updated 6-Feb-2020,-37.7563119,147.4309105,20502108617,Raymond Island,205021086,Paynesville,East Gippsland,22110
3875,WY YUNG,VIC,Delivery Area,Updated 6-Feb-2020,-37.8035174,147.6191276,20502108617,Raymond Island,205021086,Paynesville,East Gippsland,22110
3878,EAGLE POINT,VIC,Delivery Area,Updated 6-Feb-2020,-37.9067566,147.6779106,20502108617,Raymond Island,205021086,Paynesville,East Gippsland,22110
3880,BOOLE POOLE,VIC,Delivery Area,Updated 6-Feb-2020,-37.8993247,147.7902372,20505110007,Seacombe,205051100,Longford - Loch Sport,Wellington,26810
3880,OCEAN GRANGE,VIC,Delivery Area,Updated 6-Feb-2020,-37.9968555,147.6893783,20505110007,Seacombe,205051100,Longford - Loch Sport,Wellington,26810
3880,PAYNESVILLE,VIC,Delivery Area,Updated 6-Feb-2020,-37.9112576,147.7123335,20505110007,Seacombe,205051100,Longford - Loch Sport,Wellington,26810
3880,RAYMOND ISLAND,VIC,Delivery Area,Updated 6-Feb-2020,-37.916667,147.733333,20505110007,Seacombe,205051100,Longford - Loch Sport,Wellington,26810
3882,NICHOLSON,VIC,Delivery Area,Updated 6-Feb-2020,-37.8071978,147.7573,20502108301,Raymond Island,205021083,Lake King,East Gippsland,22110
3885,BRUMBY,VIC,Delivery Area,Updated 6-Feb-2020,-37.0161,148.07,20502108515,Wulgulmerang West,205021085,Orbost,East Gippsland,22110
3885,BRUTHEN,VIC,Delivery Area,Updated 6-Feb-2020,-37.7135193,147.8339017,20502108515,Wulgulmerang West,205021085,Orbost,East Gippsland,22110
3885,BUCHAN,VIC,Delivery Area,Updated 6-Feb-2020,-37.5121541,148.165845,20502108515,Wulgulmerang West,205021085,Orbost,East Gippsland,22110
3885,BUCHAN SOUTH,VIC,Delivery Area,Updated 6-Feb-2020,-37.539995,148.1239027,20502108515,Wulgulmerang West,205021085,Orbost,East Gippsland,22110
3885,BUTCHERS RIDGE,VIC,Delivery Area,Updated 6-Feb-2020,-37.2471181,148.2507284,20502108515,Wulgulmerang West,205021085,Orbost,East Gippsland,22110
3885,GELANTIPY,VIC,Delivery Area,Updated 6-Feb-2020,-37.147539,148.2526703,20502108515,Wulgulmerang West,205021085,Orbost,East Gippsland,22110
3885,MOSSIFACE,VIC,Delivery Area,Updated 6-Feb-2020,-37.7451219,147.8197188,20502108515,Wulgulmerang West,205021085,Orbost,East Gippsland,22110
3885,MURRINDAL,VIC,Delivery Area,Updated 6-Feb-2020,-37.3987231,148.2152799,20502108515,Wulgulmerang West,205021085,Orbost,East Gippsland,22110
3885,SUGGAN BUGGAN,VIC,Delivery Area,Updated 6-Feb-2020,-36.9406813,148.3478487,20502108515,Wulgulmerang West,205021085,Orbost,East Gippsland,22110
3885,TAMBO UPPER,VIC,Delivery Area,Updated 6-Feb-2020,-37.7718005,147.8116993,20502108515,Wulgulmerang West,205021085,Orbost,East Gippsland,22110
3885,TIMBARRA,VIC,Delivery Area,Updated 6-Feb-2020,-37.4912025,147.9333322,20502108515,Wulgulmerang West,205021085,Orbost,East Gippsland,22110
3885,W TREE,VIC,Delivery Area,Updated 6-Feb-2020,-37.3217231,148.238042,20502108515,Wulgulmerang West,205021085,Orbost,East Gippsland,22110
3885,WISELEIGH,VIC,Delivery Area,Updated 6-Feb-2020,-37.7125989,147.7913421,20502108515,Wulgulmerang West,205021085,Orbost,East Gippsland,22110
3885,WULGULMERANG,VIC,Delivery Area,Updated 6-Feb-2020,-37.0087952,148.2747684,20502108515,Wulgulmerang West,205021085,Orbost,East Gippsland,22110
3885,WULGULMERANG EAST,VIC,Delivery Area,Updated 6-Feb-2020,-37.0982656,148.2544511,20502108515,Wulgulmerang West,205021085,Orbost,East Gippsland,22110
3885,WULGULMERANG WEST,VIC,Delivery Area,Updated 6-Feb-2020,-37.2249496,148.1086105,20502108515,Wulgulmerang West,205021085,Orbost,East Gippsland,22110
3885,YALMY,VIC,Delivery Area,Updated 6-Feb-2020,-37.4809794,148.281616,20502108515,Wulgulmerang West,205021085,Orbost,East Gippsland,22110
3886,NEWMERELLA,VIC,Delivery Area,Updated 6-Feb-2020,-37.7514308,148.42875,20502108517,Newmerella,205021085,Orbost,East Gippsland,22110
3887,LAKE TYERS,VIC,Delivery Area,Updated 6-Feb-2020,-37.8396304,148.1238154,20502108518,Toorloo Arm,205021085,Orbost,East Gippsland,22110
3887,NOWA NOWA,VIC,Delivery Area,Updated 6-Feb-2020,-37.7343937,148.0867723,20502108518,Toorloo Arm,205021085,Orbost,East Gippsland,22110
3887,WAIREWA,VIC,Delivery Area,Updated 6-Feb-2020,-37.7175268,148.1639603,20502108518,Toorloo Arm,205021085,Orbost,East Gippsland,22110
3888,BENDOC,VIC,Delivery Area,Updated 6-Feb-2020,-37.1347462,148.9105482,20502108517,Newmerella,205021085,Orbost,East Gippsland,22110
3888,BETE BOLONG,VIC,Delivery Area,Updated 6-Feb-2020,-37.7092607,148.3937975,20502108517,Newmerella,205021085,Orbost,East Gippsland,22110
3888,BETE BOLONG NORTH,VIC,Delivery Area,Updated 6-Feb-2020,-37.5892422,148.290893,20502108517,Newmerella,205021085,Orbost,East Gippsland,22110
3888,BONANG,VIC,Delivery Area,Updated 6-Feb-2020,-37.1764711,148.6825219,20502108517,Newmerella,205021085,Orbost,East Gippsland,22110
3888,BRODRIBB RIVER,VIC,Delivery Area,Updated 6-Feb-2020,-37.7784742,148.5439613,20502108517,Newmerella,205021085,Orbost,East Gippsland,22110
3888,CABANANDRA,VIC,Delivery Area,Updated 6-Feb-2020,-37.0999706,148.6910549,20502108517,Newmerella,205021085,Orbost,East Gippsland,22110
3888,CAPE CONRAN,VIC,Delivery Area,Updated 6-Feb-2020,-37.7927389,148.7188591,20502108517,Newmerella,205021085,Orbost,East Gippsland,22110
3888,CORRINGLE,VIC,Delivery Area,Updated 6-Feb-2020,-37.7824449,148.4433762,20502108517,Newmerella,205021085,Orbost,East Gippsland,22110
3888,DEDDICK VALLEY,VIC,Delivery Area,Updated 6-Feb-2020,-37.0804727,148.4112283,20502108517,Newmerella,205021085,Orbost,East Gippsland,22110
3888,DELEGATE RIVER,VIC,Delivery Area,Updated 6-Feb-2020,-37.0634,148.798,20502108517,Newmerella,205021085,Orbost,East Gippsland,22110
3888,DELEGATE RIVER EAST,VIC,Delivery Area,Updated 6-Feb-2020,-37.0634036,148.7979127,20502108517,Newmerella,205021085,Orbost,East Gippsland,22110
3888,DELLICKNORA,VIC,Delivery Area,Updated 6-Feb-2020,-37.114129,148.671541,20502108517,Newmerella,205021085,Orbost,East Gippsland,22110
3888,GOONGERAH,VIC,Delivery Area,Updated 6-Feb-2020,-37.35,148.7,20502108517,Newmerella,205021085,Orbost,East Gippsland,22110
3888,HAYDENS BOG,VIC,Delivery Area,Updated 6-Feb-2020,-37.1049248,148.8696613,20502108517,Newmerella,205021085,Orbost,East Gippsland,22110
3888,JARRAHMOND,VIC,Delivery Area,Updated 6-Feb-2020,-37.6902765,148.4156549,20502108517,Newmerella,205021085,Orbost,East Gippsland,22110
3888,LOCHEND,VIC,Delivery Area,Updated 6-Feb-2020,-37.7404294,148.5052663,20502108517,Newmerella,205021085,Orbost,East Gippsland,22110
3888,MARLO,VIC,Delivery Area,Updated 6-Feb-2020,-37.796,148.531,20502108517,Newmerella,205021085,Orbost,East Gippsland,22110
3888,MARTINS CREEK,VIC,Delivery Area,Updated 6-Feb-2020,-32.55,151.616667,20502108517,Newmerella,205021085,Orbost,East Gippsland,22110
3888,NURRAN,VIC,Delivery Area,Updated 6-Feb-2020,-37.396581,148.5912894,20502108517,Newmerella,205021085,Orbost,East Gippsland,22110
3888,OMEO VALLEY,VIC,Delivery Area,Updated 6-Feb-2020,-36.9546793,147.6360481,20502108517,Newmerella,205021085,Orbost,East Gippsland,22110
3888,ORBOST,VIC,Delivery Area,Updated 6-Feb-2020,-37.7028259,148.4653469,20502108517,Newmerella,205021085,Orbost,East Gippsland,22110
3888,SIMPSONS CREEK,VIC,Delivery Area,Updated 6-Feb-2020,-37.7450776,148.3523807,20502108517,Newmerella,205021085,Orbost,East Gippsland,22110
3888,TOSTAREE,VIC,Delivery Area,Updated 6-Feb-2020,-37.7503304,148.189648,20502108517,Newmerella,205021085,Orbost,East Gippsland,22110
3888,TUBBUT,VIC,Delivery Area,Updated 6-Feb-2020,-37.1051517,148.6354972,20502108517,Newmerella,205021085,Orbost,East Gippsland,22110
3888,WAYGARA,VIC,Delivery Area,Updated 6-Feb-2020,-37.750452,148.3186102,20502108517,Newmerella,205021085,Orbost,East Gippsland,22110
3888,WOMBAT CREEK,VIC,Delivery Area,Updated 6-Feb-2020,-37.7573077,148.2891394,20502108517,Newmerella,205021085,Orbost,East Gippsland,22110
3889,BELL BIRD CREEK,VIC,Delivery Area,Updated 6-Feb-2020,-37.6535,148.814,20502108517,Newmerella,205021085,Orbost,East Gippsland,22110
3889,BELLBIRD CREEK,VIC,Delivery Area,Updated 6-Feb-2020,-37.6535235,148.8137548,20502108517,Newmerella,205021085,Orbost,East Gippsland,22110
3889,BEMM RIVER,VIC,Delivery Area,Updated 6-Feb-2020,-37.7590189,148.9606122,20502108517,Newmerella,205021085,Orbost,East Gippsland,22110
3889,CABBAGE TREE CREEK,VIC,Delivery Area,Updated 6-Feb-2020,-37.6983515,148.715807,20502108517,Newmerella,205021085,Orbost,East Gippsland,22110
3889,CLUB TERRACE,VIC,Delivery Area,Updated 6-Feb-2020,-37.5187171,148.9303017,20502108517,Newmerella,205021085,Orbost,East Gippsland,22110
3889,COMBIENBAR,VIC,Delivery Area,Updated 6-Feb-2020,-37.4059446,149.008783,20502108517,Newmerella,205021085,Orbost,East Gippsland,22110
3889,ERRINUNDRA,VIC,Delivery Area,Updated 6-Feb-2020,-37.4648602,148.7505879,20502108517,Newmerella,205021085,Orbost,East Gippsland,22110
3889,MANORINA,VIC,Delivery Area,Updated 6-Feb-2020,-37.6725526,148.7936448,20502108517,Newmerella,205021085,Orbost,East Gippsland,22110
3890,BULDAH,VIC,Delivery Area,Updated 6-Feb-2020,-37.2788614,149.1440045,20502108512,Tonghi Creek,205021085,Orbost,East Gippsland,22110
3890,CANN RIVER,VIC,Delivery Area,Updated 6-Feb-2020,-37.566667,149.15,20502108512,Tonghi Creek,205021085,Orbost,East Gippsland,22110
3890,CHANDLERS CREEK,VIC,Delivery Area,Updated 6-Feb-2020,-37.334385,149.2043105,20502108512,Tonghi Creek,205021085,Orbost,East Gippsland,22110
3890,NOORINBEE,VIC,Delivery Area,Updated 6-Feb-2020,-37.5096536,149.1705795,20502108512,Tonghi Creek,205021085,Orbost,East Gippsland,22110
3890,NOORINBEE NORTH,VIC,Delivery Area,Updated 6-Feb-2020,-37.424735,149.1942574,20502108512,Tonghi Creek,205021085,Orbost,East Gippsland,22110
3890,TAMBOON,VIC,Delivery Area,Updated 6-Feb-2020,-37.7989269,149.2752202,20502108512,Tonghi Creek,205021085,Orbost,East Gippsland,22110
3890,TONGHI CREEK,VIC,Delivery Area,Updated 6-Feb-2020,-37.5619138,149.0618209,20502108512,Tonghi Creek,205021085,Orbost,East Gippsland,22110
3890,WEERAGUA,VIC,Delivery Area,Updated 6-Feb-2020,-37.5621735,149.1960526,20502108512,Tonghi Creek,205021085,Orbost,East Gippsland,22110
3891,GENOA,VIC,Delivery Area,Updated 6-Feb-2020,-37.4510835,149.696092,20502108521,Wroxham,205021085,Orbost,East Gippsland,22110
3891,GIPSY POINT,VIC,Delivery Area,Updated 6-Feb-2020,-37.4835989,149.673809,20502108521,Wroxham,205021085,Orbost,East Gippsland,22110
3891,MARAMINGO CREEK,VIC,Delivery Area,Updated 6-Feb-2020,-37.4323557,149.6308682,20502108521,Wroxham,205021085,Orbost,East Gippsland,22110
3891,WALLAGARAUGH,VIC,Delivery Area,Updated 6-Feb-2020,-37.3427729,149.6726338,20502108521,Wroxham,205021085,Orbost,East Gippsland,22110
3891,WANGARABELL,VIC,Delivery Area,Updated 6-Feb-2020,-37.3898326,149.511036,20502108521,Wroxham,205021085,Orbost,East Gippsland,22110
3891,WINGAN RIVER,VIC,Delivery Area,Updated 6-Feb-2020,-37.5346078,149.3921944,20502108521,Wroxham,205021085,Orbost,East Gippsland,22110
3891,WROXHAM,VIC,Delivery Area,Updated 6-Feb-2020,-37.3425735,149.4808994,20502108521,Wroxham,205021085,Orbost,East Gippsland,22110
3892,MALLACOOTA,VIC,Delivery Area,Updated 6-Feb-2020,-37.5130708,149.7718067,20502108522,Mallacoota,205021085,Orbost,East Gippsland,22110
3893,DOUBLE BRIDGES,VIC,Delivery Area,Updated 6-Feb-2020,-37.6278133,147.8483965,20502108223,Wentworth (Vic.),205021082,Bruthen - Omeo,East Gippsland,22110
3893,STIRLING,VIC,Delivery Area,Updated 6-Feb-2020,-37.4518888,147.7101041,20502108223,Wentworth (Vic.),205021082,Bruthen - Omeo,East Gippsland,22110
3893,TAMBO CROSSING,VIC,Delivery Area,Updated 6-Feb-2020,-37.4960033,147.8548453,20502108223,Wentworth (Vic.),205021082,Bruthen - Omeo,East Gippsland,22110
3895,DOCTORS FLAT,VIC,Delivery Area,Updated 6-Feb-2020,-37.2996064,147.740283,20502108220,Timbarra (Vic.),205021082,Bruthen - Omeo,East Gippsland,22110
3895,ENSAY,VIC,Delivery Area,Updated 6-Feb-2020,-37.3820435,147.8151071,20502108220,Timbarra (Vic.),205021082,Bruthen - Omeo,East Gippsland,22110
3895,ENSAY NORTH,VIC,Delivery Area,Updated 6-Feb-2020,-37.323719,147.837458,20502108220,Timbarra (Vic.),205021082,Bruthen - Omeo,East Gippsland,22110
3895,REEDY CREEK,VIC,Delivery Area,Updated 6-Feb-2020,-37.2652467,145.1486206,20502108220,Timbarra (Vic.),205021082,Bruthen - Omeo,East Gippsland,22110
3895,REEDY FLAT,VIC,Delivery Area,Updated 6-Feb-2020,-37.3997,147.913,20502108220,Timbarra (Vic.),205021082,Bruthen - Omeo,East Gippsland,22110
3896,BINDI,VIC,Delivery Area,Updated 6-Feb-2020,-37.1429517,147.8151071,20502108223,Wentworth (Vic.),205021082,Bruthen - Omeo,East Gippsland,22110
3896,BROOKVILLE,VIC,Delivery Area,Updated 6-Feb-2020,-37.3125256,147.640009,20502108223,Wentworth (Vic.),205021082,Bruthen - Omeo,East Gippsland,22110
3896,NUNNIONG,VIC,Delivery Area,Updated 6-Feb-2020,-37.2241522,147.9541666,20502108223,Wentworth (Vic.),205021082,Bruthen - Omeo,East Gippsland,22110
3896,SWIFTS CREEK,VIC,Delivery Area,Updated 6-Feb-2020,-37.250278,147.712222,20502108223,Wentworth (Vic.),205021082,Bruthen - Omeo,East Gippsland,22110
3896,TONGIO,VIC,Delivery Area,Updated 6-Feb-2020,-37.1875811,147.7253954,20502108223,Wentworth (Vic.),205021082,Bruthen - Omeo,East Gippsland,22110
3898,ANGLERS REST,VIC,Delivery Area,Updated 6-Feb-2020,-36.9939045,147.4819571,20502108211,Tongio,205021082,Bruthen - Omeo,Alpine,20110
3898,BINGO,VIC,Delivery Area,Updated 6-Feb-2020,-37.0162321,147.5748824,20502108211,Tongio,205021082,Bruthen - Omeo,Alpine,20110
3898,BINGO MUNJIE,VIC,Delivery Area,Updated 6-Feb-2020,-37.0162321,147.5748824,20502108211,Tongio,205021082,Bruthen - Omeo,Alpine,20110
3898,BUNDARA,VIC,Delivery Area,Updated 6-Feb-2020,-36.9778224,147.3397643,20502108211,Tongio,205021082,Bruthen - Omeo,Alpine,20110
3898,CASSILIS,VIC,Delivery Area,Updated 6-Feb-2020,-37.2109679,147.5988028,20502108211,Tongio,205021082,Bruthen - Omeo,Alpine,20110
3898,COBUNGRA,VIC,Delivery Area,Updated 6-Feb-2020,-37.0881747,147.403641,20502108211,Tongio,205021082,Bruthen - Omeo,Alpine,20110
3898,DINNER PLAIN,VIC,Delivery Area,Updated 6-Feb-2020,-37.0238277,147.2413889,20502108211,Tongio,205021082,Bruthen - Omeo,Alpine,20110
3898,GLEN VALLEY,VIC,Delivery Area,Updated 6-Feb-2020,-36.8805567,147.4694437,20502108211,Tongio,205021082,Bruthen - Omeo,Alpine,20110
3898,GLEN WILLS,VIC,Delivery Area,Updated 6-Feb-2020,-36.8368292,147.4971151,20502108211,Tongio,205021082,Bruthen - Omeo,Alpine,20110
3898,HINNOMUNJIE,VIC,Delivery Area,Updated 6-Feb-2020,-37.0180032,147.6490239,20502108211,Tongio,205021082,Bruthen - Omeo,Alpine,20110
3898,OMEO,VIC,Delivery Area,Updated 6-Feb-2020,-37.1,147.6,20502108211,Tongio,205021082,Bruthen - Omeo,Alpine,20110
3898,OMEO VALLEY,VIC,Delivery Area,Updated 6-Feb-2020,-36.9547,147.636,20502108211,Tongio,205021082,Bruthen - Omeo,Alpine,20110
3898,SHANNONVALE,VIC,Delivery Area,Updated 6-Feb-2020,-36.9334829,147.4231349,20502108211,Tongio,205021082,Bruthen - Omeo,Alpine,20110
3900,BENAMBRA,VIC,Delivery Area,Updated 6-Feb-2020,-36.9180065,147.7736105,20502108209,Omeo Valley,205021082,Bruthen - Omeo,Snowy Valleys,17080
3900,COBBERAS,VIC,Delivery Area,Updated 6-Feb-2020,-36.8515428,148.0918337,20502108209,Omeo Valley,205021082,Bruthen - Omeo,Snowy Valleys,17080
3900,UPLANDS,VIC,Delivery Area,Updated 6-Feb-2020,-36.9009009,147.8708157,20502108209,Omeo Valley,205021082,Bruthen - Omeo,Snowy Valleys,17080
3902,BUMBERRAH,VIC,Delivery Area,Updated 6-Feb-2020,-37.7900179,147.8339099,20502108216,Johnsonville,205021082,Bruthen - Omeo,East Gippsland,22110
3902,JOHNSONVILLE,VIC,Delivery Area,Updated 6-Feb-2020,-37.8177196,147.8044654,20502108216,Johnsonville,205021082,Bruthen - Omeo,East Gippsland,22110
3903,SWAN REACH,VIC,Delivery Area,Updated 6-Feb-2020,-37.8097254,147.8594587,20502108406,Tambo Upper,205021084,Lakes Entrance,East Gippsland,22110
3904,METUNG,VIC,Delivery Area,Updated 6-Feb-2020,-37.8600459,147.8367484,20502108428,Metung,205021084,Lakes Entrance,East Gippsland,22110
3909,KALIMNA,VIC,Delivery Area,Updated 6-Feb-2020,-37.866369,147.9673981,20505110007,Seacombe,205051100,Longford - Loch Sport,East Gippsland,22110
3909,KALIMNA WEST,VIC,Delivery Area,Updated 6-Feb-2020,-37.8479661,147.9297636,20505110007,Seacombe,205051100,Longford - Loch Sport,East Gippsland,22110
3909,LAKE BUNGA,VIC,Delivery Area,Updated 6-Feb-2020,-37.8616357,148.0384692,20505110007,Seacombe,205051100,Longford - Loch Sport,East Gippsland,22110
3909,LAKE TYERS BEACH,VIC,Delivery Area,Updated 6-Feb-2020,-37.8606804,148.0669106,20505110007,Seacombe,205051100,Longford - Loch Sport,East Gippsland,22110
3909,LAKES ENTRANCE,VIC,Delivery Area,Updated 6-Feb-2020,-37.8511185,147.995821,20505110007,Seacombe,205051100,Longford - Loch Sport,East Gippsland,22110
3909,NUNGURNER,VIC,Delivery Area,Updated 6-Feb-2020,-37.8552118,147.8992133,20505110007,Seacombe,205051100,Longford - Loch Sport,East Gippsland,22110
3909,NYERIMILANG,VIC,Delivery Area,Updated 6-Feb-2020,-37.8710154,147.921537,20505110007,Seacombe,205051100,Longford - Loch Sport,East Gippsland,22110
3909,TOORLOO ARM,VIC,Delivery Area,Updated 6-Feb-2020,-37.7894568,148.0505559,20505110007,Seacombe,205051100,Longford - Loch Sport,East Gippsland,22110
3910,LANGWARRIN,VIC,Delivery Area,Updated 6-Feb-2020,-38.1608986,145.1927835,21401137455,Langwarrin,214011374,Langwarrin,Frankston,22170
3911,BAXTER,VIC,Delivery Area,Updated 6-Feb-2020,-38.196,145.157,21402138535,Baxter,214021385,Somerville,Frankston,22170
3911,LANGWARRIN SOUTH,VIC,Delivery Area,Updated 6-Feb-2020,-38.189,145.189,21402138535,Baxter,214021385,Somerville,Frankston,22170
3912,PEARCEDALE,VIC,Delivery Area,Updated 6-Feb-2020,-38.203,145.231,21402138546,Somerville (Vic.),214021385,Somerville,Casey,21610
3912,SOMERVILLE,VIC,Delivery Area,Updated 6-Feb-2020,-38.226,145.177,21402138546,Somerville (Vic.),214021385,Somerville,Casey,21610
3913,TYABB,VIC,Delivery Area,Updated 6-Feb-2020,-38.2651079,145.1706992,21402138543,Tyabb,214021385,Somerville,Mornington Peninsula,25340
3915,HASTINGS,VIC,Delivery Area,Updated 6-Feb-2020,-38.306,145.189,21402137958,Hastings (Vic.),214021379,Hastings - Somers,Mornington Peninsula,25340
3915,TUERONG,VIC,Delivery Area,Updated 6-Feb-2020,-38.3,145.105,21402137958,Hastings (Vic.),214021379,Hastings - Somers,Mornington Peninsula,25340
3916,MERRICKS,VIC,Delivery Area,Updated 6-Feb-2020,-38.39,145.089,21402137818,Point Leo,214021378,Flinders,Mornington Peninsula,25340
3916,POINT LEO,VIC,Delivery Area,Updated 6-Feb-2020,-38.421,145.075,21402137818,Point Leo,214021378,Flinders,Mornington Peninsula,25340
3916,SHOREHAM,VIC,Delivery Area,Updated 6-Feb-2020,-38.427,145.05,21402137818,Point Leo,214021378,Flinders,Mornington Peninsula,25340
3918,BITTERN,VIC,Delivery Area,Updated 6-Feb-2020,-38.3329437,145.165179,21402137937,Bittern,214021379,Hastings - Somers,Mornington Peninsula,25340
3919,CRIB POINT,VIC,Delivery Area,Updated 6-Feb-2020,-38.3534427,145.1983055,21402137945,Crib Point,214021379,Hastings - Somers,Mornington Peninsula,25340
3920,FLINDERS NAVAL DEPOT,VIC,,Updated 6-Feb-2020,-38.3943,145.209,21402137940,Hmas Cerberus,214021379,Hastings - Somers,Mornington Peninsula,25340
3920,HMAS CERBERUS,VIC,,Updated 6-Feb-2020,-38.3943,145.209,21402137940,Hmas Cerberus,214021379,Hastings - Somers,Mornington Peninsula,25340
3921,ELIZABETH ISLAND,VIC,Delivery Area,Updated 6-Feb-2020,-38.4168,145.369,20503108801,French Island,205031088,French Island,Unincorporated Vic,29399
3921,FRENCH ISLAND,VIC,Delivery Area,Updated 6-Feb-2020,-38.3489348,145.3364703,20503108801,French Island,205031088,French Island,Unincorporated Vic,29399
3921,TANKERTON,VIC,Delivery Area,Updated 6-Feb-2020,-38.387343,145.291498,20503108801,French Island,205031088,French Island,Unincorporated Vic,29399
3922,COWES,VIC,Delivery Area,Updated 6-Feb-2020,-38.451111,145.241944,20503109144,Cowes,205031091,Phillip Island,Bass Coast,20740
3922,SILVERLEAVES,VIC,Delivery Area,Updated 6-Feb-2020,-38.453056,145.264722,20503109144,Cowes,205031091,Phillip Island,Bass Coast,20740
3922,SMITHS BEACH,VIC,Delivery Area,Updated 6-Feb-2020,-38.5006654,145.2563077,20503109144,Cowes,205031091,Phillip Island,Bass Coast,20740
3922,SUMMERLANDS,VIC,Delivery Area,Updated 6-Feb-2020,-38.511111,145.146111,20503109144,Cowes,205031091,Phillip Island,Bass Coast,20740
3922,SUNDERLAND BAY,VIC,Delivery Area,Updated 6-Feb-2020,-38.5016289,145.272887,20503109144,Cowes,205031091,Phillip Island,Bass Coast,20740
3922,SUNSET STRIP,VIC,Delivery Area,Updated 6-Feb-2020,-38.4958178,145.2659786,20503109144,Cowes,205031091,Phillip Island,Bass Coast,20740
3922,SURF BEACH,VIC,Delivery Area,Updated 6-Feb-2020,-38.5090925,145.2949976,20503109144,Cowes,205031091,Phillip Island,Bass Coast,20740
3922,VENTNOR,VIC,Delivery Area,Updated 6-Feb-2020,-38.4834062,145.1727694,20503109144,Cowes,205031091,Phillip Island,Bass Coast,20740
3922,WIMBLEDON HEIGHTS,VIC,Delivery Area,Updated 6-Feb-2020,-38.4799767,145.2328259,20503109144,Cowes,205031091,Phillip Island,Bass Coast,20740
3923,RHYLL,VIC,Delivery Area,Updated 6-Feb-2020,-38.4724137,145.2756505,20503109115,Rhyll,205031091,Phillip Island,Bass Coast,20740
3925,CAPE WOOLAMAI,VIC,Delivery Area,Updated 6-Feb-2020,-38.526111,145.336944,20503109338,San Remo (Vic.),205031093,Wonthaggi - Inverloch,Bass Coast,20740
3925,CHURCHILL ISLAND,VIC,Delivery Area,Updated 6-Feb-2020,-38.4997104,145.33812,20503109338,San Remo (Vic.),205031093,Wonthaggi - Inverloch,Bass Coast,20740
3925,NEWHAVEN,VIC,Delivery Area,Updated 6-Feb-2020,-38.5125,145.358333,20503109338,San Remo (Vic.),205031093,Wonthaggi - Inverloch,Bass Coast,20740
3925,SAN REMO,VIC,Delivery Area,Updated 6-Feb-2020,-38.5254247,145.3768484,20503109338,San Remo (Vic.),205031093,Wonthaggi - Inverloch,Bass Coast,20740
3926,BALNARRING,VIC,Delivery Area,Updated 6-Feb-2020,-38.371,145.118,21402137957,Merricks Beach,214021379,Hastings - Somers,Mornington Peninsula,25340
3926,BALNARRING BEACH,VIC,Delivery Area,Updated 6-Feb-2020,-38.3889938,145.1182718,21402137957,Merricks Beach,214021379,Hastings - Somers,Mornington Peninsula,25340
3926,MERRICKS BEACH,VIC,Delivery Area,Updated 6-Feb-2020,-38.398,145.106,21402137957,Merricks Beach,214021379,Hastings - Somers,Mornington Peninsula,25340
3926,MERRICKS NORTH,VIC,Delivery Area,Updated 6-Feb-2020,-38.354,145.075,21402137957,Merricks Beach,214021379,Hastings - Somers,Mornington Peninsula,25340
3927,SOMERS,VIC,Delivery Area,Updated 6-Feb-2020,-38.3793743,145.165179,21402137956,Somers,214021379,Hastings - Somers,Mornington Peninsula,25340
3928,MAIN RIDGE,VIC,Delivery Area,Updated 6-Feb-2020,-38.4018779,144.9721978,21402137813,Main Ridge,214021378,Flinders,Mornington Peninsula,25340
3929,FLINDERS,VIC,Delivery Area,Updated 6-Feb-2020,-38.4574538,144.9721978,21402137816,Flinders (Vic.),214021378,Flinders,Mornington Peninsula,25340
3930,KUNYUNG,VIC,Delivery Area,Updated 6-Feb-2020,-38.1912818,145.0789201,21402138144,Mount Eliza,214021381,Mount Eliza,Mornington Peninsula,25340
3930,MOUNT ELIZA,VIC,Delivery Area,Updated 6-Feb-2020,-38.1952209,145.0879338,21402138144,Mount Eliza,214021381,Mount Eliza,Mornington Peninsula,25340
3931,MORNINGTON,VIC,Delivery Area,Updated 6-Feb-2020,-38.2277083,145.0603633,21402159223,Mornington (Vic.),214021592,Mornington - West,Mornington Peninsula,25340
3933,MOOROODUC,VIC,Delivery Area,Updated 6-Feb-2020,-38.2501593,145.1265477,21402138547,Moorooduc,214021385,Somerville,Mornington Peninsula,25340
3934,MOUNT MARTHA,VIC,Delivery Area,Updated 6-Feb-2020,-38.287039,145.016269,21402138240,Mount Martha,214021382,Mount Martha,Mornington Peninsula,25340
3936,ARTHURS SEAT,VIC,Delivery Area,Updated 6-Feb-2020,-38.352,144.953,21402137725,Dromana,214021377,Dromana,Mornington Peninsula,25340
3936,DROMANA,VIC,Delivery Area,Updated 6-Feb-2020,-38.338,144.965,21402137725,Dromana,214021377,Dromana,Mornington Peninsula,25340
3936,SAFETY BEACH,VIC,Delivery Area,Updated 6-Feb-2020,-38.322,144.986,21402137725,Dromana,214021377,Dromana,Mornington Peninsula,25340
3937,RED HILL,VIC,Delivery Area,Updated 6-Feb-2020,-38.355,145.016,21402137815,Shoreham,214021378,Flinders,Mornington Peninsula,25340
3937,RED HILL SOUTH,VIC,Delivery Area,Updated 6-Feb-2020,-38.384,145.024,21402137815,Shoreham,214021378,Flinders,Mornington Peninsula,25340
3938,MCCRAE,VIC,Delivery Area,Updated 6-Feb-2020,-38.3562816,144.9336544,21402138450,Rosebud,214021384,Rosebud - McCrae,Mornington Peninsula,25340
3939,BONEO,VIC,Delivery Area,Updated 6-Feb-2020,-38.413,144.888,21402138465,Rosebud,214021384,Rosebud - McCrae,Mornington Peninsula,25340
3939,CAPE SCHANCK,VIC,Delivery Area,Updated 6-Feb-2020,-38.461,144.905,21402138465,Rosebud,214021384,Rosebud - McCrae,Mornington Peninsula,25340
3939,FINGAL,VIC,Delivery Area,Updated 6-Feb-2020,-38.421111,144.861111,21402138465,Rosebud,214021384,Rosebud - McCrae,Mornington Peninsula,25340
3939,ROSEBUD,VIC,Delivery Area,Updated 6-Feb-2020,-38.356,144.918,21402138465,Rosebud,214021384,Rosebud - McCrae,Mornington Peninsula,25340
3939,ROSEBUD PLAZA,VIC,Delivery Area,Updated 6-Feb-2020,-38.3615692,144.8913632,21402138465,Rosebud,214021384,Rosebud - McCrae,Mornington Peninsula,25340
3940,CAPEL SOUND,VIC,Delivery Area,Updated 6-Feb-2020,-38.3745,144.879,21402138470,Capel Sound,214021384,Rosebud - McCrae,Mornington Peninsula,25340
3940,ROSEBUD WEST,VIC,Delivery Area,Updated 6-Feb-2020,-38.3745,144.879,21402138470,Capel Sound,214021384,Rosebud - McCrae,Mornington Peninsula,25340
3941,RYE,VIC,Delivery Area,Updated 6-Feb-2020,-38.377,144.838,21402138347,Tootgarook,214021383,Point Nepean,Mornington Peninsula,25340
3941,ST ANDREWS BEACH,VIC,Delivery Area,Updated 6-Feb-2020,-38.419,144.83,21402138347,Tootgarook,214021383,Point Nepean,Mornington Peninsula,25340
3941,TOOTGAROOK,VIC,Delivery Area,Updated 6-Feb-2020,-38.374,144.849,21402138347,Tootgarook,214021383,Point Nepean,Mornington Peninsula,25340
3942,BLAIRGOWRIE,VIC,Delivery Area,Updated 6-Feb-2020,-38.3645949,144.7686693,21402138319,Blairgowrie,214021383,Point Nepean,Mornington Peninsula,25340
3943,SORRENTO,VIC,Delivery Area,Updated 6-Feb-2020,-38.3477833,144.746696,21402138348,Sorrento (Vic.),214021383,Point Nepean,Mornington Peninsula,25340
3944,PORTSEA,VIC,Delivery Area,Updated 6-Feb-2020,-38.32,144.713,21402138341,Portsea,214021383,Point Nepean,Mornington Peninsula,25340
3945,BELLVIEW,VIC,Delivery Area,Updated 6-Feb-2020,-38.381582,145.697053,20503109320,Woodleigh (Vic.),205031093,Wonthaggi - Inverloch,Bass Coast,20740
3945,JEETHO,VIC,Delivery Area,Updated 6-Feb-2020,-38.4130762,145.7251956,20503109320,Woodleigh (Vic.),205031093,Wonthaggi - Inverloch,Bass Coast,20740
3945,KROWERA,VIC,Delivery Area,Updated 6-Feb-2020,-38.4419698,145.6642077,20503109320,Woodleigh (Vic.),205031093,Wonthaggi - Inverloch,Bass Coast,20740
3945,LOCH,VIC,Delivery Area,Updated 6-Feb-2020,-38.3738374,145.6877037,20503109320,Woodleigh (Vic.),205031093,Wonthaggi - Inverloch,Bass Coast,20740
3945,WOODLEIGH,VIC,Delivery Area,Updated 6-Feb-2020,-38.3954374,145.6335765,20503109320,Woodleigh (Vic.),205031093,Wonthaggi - Inverloch,Bass Coast,20740
3946,BENA,VIC,Delivery Area,Updated 6-Feb-2020,-38.4506894,145.7245012,20503108917,Whitelaw,205031089,Korumburra,South Gippsland,26170
3950,KARDELLA SOUTH,VIC,Delivery Area,Updated 6-Feb-2020,-38.4584478,145.8746249,20503108925,Korumburra,205031089,Korumburra,Baw Baw,20830
3950,KORUMBURRA,VIC,Delivery Area,Updated 6-Feb-2020,-38.4378364,145.8150854,20503108925,Korumburra,205031089,Korumburra,Baw Baw,20830
3950,KORUMBURRA SOUTH,VIC,Delivery Area,Updated 6-Feb-2020,-38.4661814,145.8470086,20503108925,Korumburra,205031089,Korumburra,Baw Baw,20830
3950,STRZELECKI,VIC,Delivery Area,Updated 6-Feb-2020,-38.3416551,145.902453,20503108925,Korumburra,205031089,Korumburra,Baw Baw,20830
3950,WHITELAW,VIC,Delivery Area,Updated 6-Feb-2020,-38.4360763,145.7717353,20503108925,Korumburra,205031089,Korumburra,Baw Baw,20830
3951,ARAWATA,VIC,Delivery Area,Updated 6-Feb-2020,-38.3950636,145.8892336,20503109013,Wooreen,205031090,Leongatha,Bass Coast,20740
3951,FAIRBANK,VIC,Delivery Area,Updated 6-Feb-2020,-38.4078396,145.919154,20503109013,Wooreen,205031090,Leongatha,Bass Coast,20740
3951,JUMBUNNA,VIC,Delivery Area,Updated 6-Feb-2020,-38.4623193,145.7762516,20503109013,Wooreen,205031090,Leongatha,Bass Coast,20740
3951,KARDELLA,VIC,Delivery Area,Updated 6-Feb-2020,-38.421149,145.8746249,20503109013,Wooreen,205031090,Leongatha,Bass Coast,20740
3951,KONGWAK,VIC,Delivery Area,Updated 6-Feb-2020,-38.5174647,145.7096128,20503109013,Wooreen,205031090,Leongatha,Bass Coast,20740
3951,MOYARRA,VIC,Delivery Area,Updated 6-Feb-2020,-38.4800272,145.7217235,20503109013,Wooreen,205031090,Leongatha,Bass Coast,20740
3951,OUTTRIM,VIC,Delivery Area,Updated 6-Feb-2020,-38.5116349,145.7696509,20503109013,Wooreen,205031090,Leongatha,Bass Coast,20740
3951,RANCEBY,VIC,Delivery Area,Updated 6-Feb-2020,-38.3790882,145.8364124,20503109013,Wooreen,205031090,Leongatha,Bass Coast,20740
3953,BERRYS CREEK,VIC,Delivery Area,Updated 6-Feb-2020,-38.41889,146.080755,20503109029,Leongatha,205031090,Leongatha,Baw Baw,20830
3953,BOOROOL,VIC,Delivery Area,Updated 6-Feb-2020,-38.4463913,146.0378905,20503109029,Leongatha,205031090,Leongatha,Baw Baw,20830
3953,HALLSTON,VIC,Delivery Area,Updated 6-Feb-2020,-38.363981,146.0207222,20503109029,Leongatha,205031090,Leongatha,Baw Baw,20830
3953,KOOROOMAN,VIC,Delivery Area,Updated 6-Feb-2020,-38.4840904,146.042782,20503109029,Leongatha,205031090,Leongatha,Baw Baw,20830
3953,LEONGATHA,VIC,Delivery Area,Updated 6-Feb-2020,-38.4740327,145.9436663,20503109029,Leongatha,205031090,Leongatha,Baw Baw,20830
3953,LEONGATHA NORTH,VIC,Delivery Area,Updated 6-Feb-2020,-38.4196665,145.9692754,20503109029,Leongatha,205031090,Leongatha,Baw Baw,20830
3953,LEONGATHA SOUTH,VIC,Delivery Area,Updated 6-Feb-2020,-38.5330704,145.906628,20503109029,Leongatha,205031090,Leongatha,Baw Baw,20830
3953,MARDAN,VIC,Delivery Area,Updated 6-Feb-2020,-38.4779623,146.0953967,20503109029,Leongatha,205031090,Leongatha,Baw Baw,20830
3953,MOUNT ECCLES,VIC,Delivery Area,Updated 6-Feb-2020,-38.3691862,145.9808134,20503109029,Leongatha,205031090,Leongatha,Baw Baw,20830
3953,MOUNT ECCLES SOUTH,VIC,Delivery Area,Updated 6-Feb-2020,-38.4146119,145.9929535,20503109029,Leongatha,205031090,Leongatha,Baw Baw,20830
3953,NERRENA,VIC,Delivery Area,Updated 6-Feb-2020,-38.4925267,146.011761,20503109029,Leongatha,205031090,Leongatha,Baw Baw,20830
3953,RUBY,VIC,Delivery Area,Updated 6-Feb-2020,-38.4358301,145.919154,20503109029,Leongatha,205031090,Leongatha,Baw Baw,20830
3953,TRIDA,VIC,Delivery Area,Updated 6-Feb-2020,-38.327028,145.9769353,20503109029,Leongatha,205031090,Leongatha,Baw Baw,20830
3953,WILD DOG VALLEY,VIC,Delivery Area,Updated 6-Feb-2020,-38.3669582,145.9454696,20503109029,Leongatha,205031090,Leongatha,Baw Baw,20830
3953,WOOREEN,VIC,Delivery Area,Updated 6-Feb-2020,-38.4023,146.038,20503109029,Leongatha,205031090,Leongatha,Baw Baw,20830
3954,KOONWARRA,VIC,Delivery Area,Updated 6-Feb-2020,-38.5615123,145.9469958,20503109014,Koonwarra,205031090,Leongatha,South Gippsland,26170
3956,DUMBALK,VIC,Delivery Area,Updated 6-Feb-2020,-38.533889,146.094444,20503109019,Mirboo,205031090,Leongatha,South Gippsland,26170
3956,DUMBALK NORTH,VIC,Delivery Area,Updated 6-Feb-2020,-38.504782,146.159569,20503109019,Mirboo,205031090,Leongatha,South Gippsland,26170
3956,MEENIYAN,VIC,Delivery Area,Updated 6-Feb-2020,-38.5835106,146.013851,20503109019,Mirboo,205031090,Leongatha,South Gippsland,26170
3956,MIDDLE TARWIN,VIC,Delivery Area,Updated 6-Feb-2020,-38.6773,145.923,20503109019,Mirboo,205031090,Leongatha,South Gippsland,26170
3956,MIRBOO SOUTH,VIC,Delivery Area,Updated 6-Feb-2020,-38.3950602,146.1498411,20503109019,Mirboo,205031090,Leongatha,South Gippsland,26170
3956,TARWIN,VIC,Delivery Area,Updated 6-Feb-2020,-38.7377901,145.9087155,20503109019,Mirboo,205031090,Leongatha,South Gippsland,26170
3956,TARWIN LOWER,VIC,Delivery Area,Updated 6-Feb-2020,-38.7377901,145.9087155,20503109019,Mirboo,205031090,Leongatha,South Gippsland,26170
3956,VENUS BAY,VIC,Delivery Area,Updated 6-Feb-2020,-38.683333,145.8,20503109019,Mirboo,205031090,Leongatha,South Gippsland,26170
3956,WALKERVILLE,VIC,Delivery Area,Updated 6-Feb-2020,-38.8249059,145.9696236,20503109019,Mirboo,205031090,Leongatha,South Gippsland,26170
3956,WALKERVILLE NORTH,VIC,Delivery Area,Updated 6-Feb-2020,-38.8419,145.999,20503109019,Mirboo,205031090,Leongatha,South Gippsland,26170
3956,WALKERVILLE SOUTH,VIC,Delivery Area,Updated 6-Feb-2020,-38.8611677,145.9978291,20503109019,Mirboo,205031090,Leongatha,South Gippsland,26170
3957,GRASSY SPUR,VIC,Delivery Area,Updated 6-Feb-2020,-38.6203815,146.108203,20503108716,Stony Creek (South Gippsland - Vic.),205031087,Foster,South Gippsland,26170
3957,STONY CREEK,VIC,Delivery Area,Updated 6-Feb-2020,-38.5941498,146.1030672,20503108716,Stony Creek (South Gippsland - Vic.),205031087,Foster,South Gippsland,26170
3958,BUFFALO,VIC,Delivery Area,Updated 6-Feb-2020,-38.6765966,146.013851,20503108719,Middle Tarwin,205031087,Foster,South Gippsland,26170
3958,BUFFALO CREEK,VIC,Delivery Area,Updated 6-Feb-2020,-38.6592993,146.0196197,20503108719,Middle Tarwin,205031087,Foster,South Gippsland,26170
3959,FISH CREEK,VIC,Delivery Area,Updated 6-Feb-2020,-38.7043519,146.087727,20503108725,Fish Creek,205031087,Foster,South Gippsland,26170
3959,HODDLE,VIC,Delivery Area,Updated 6-Feb-2020,-38.6878834,146.1282062,20503108725,Fish Creek,205031087,Foster,South Gippsland,26170
3959,SANDY POINT,VIC,Delivery Area,Updated 6-Feb-2020,-38.8256023,146.134104,20503108725,Fish Creek,205031087,Foster,South Gippsland,26170
3959,WARATAH BAY,VIC,Delivery Area,Updated 6-Feb-2020,-38.79999,146.0640244,20503108725,Fish Creek,205031087,Foster,South Gippsland,26170
3959,WARATAH NORTH,VIC,Delivery Area,Updated 6-Feb-2020,-38.770885,146.073309,20503108725,Fish Creek,205031087,Foster,South Gippsland,26170
3960,BENNISON,VIC,Delivery Area,Updated 6-Feb-2020,-38.6707482,146.2733747,20503109201,Wilsons Promontory,205031092,Wilsons Promontory,South Gippsland,26170
3960,BOOLARONG,VIC,Delivery Area,Updated 6-Feb-2020,-38.5813154,146.2387806,20503109201,Wilsons Promontory,205031092,Wilsons Promontory,South Gippsland,26170
3960,FOSTER,VIC,Delivery Area,Updated 6-Feb-2020,-38.65,146.2,20503109201,Wilsons Promontory,205031092,Wilsons Promontory,South Gippsland,26170
3960,FOSTER NORTH,VIC,Delivery Area,Updated 6-Feb-2020,-38.5974169,146.1700361,20503109201,Wilsons Promontory,205031092,Wilsons Promontory,South Gippsland,26170
3960,GUNYAH,VIC,Delivery Area,Updated 6-Feb-2020,-38.5256055,146.2551168,20503109201,Wilsons Promontory,205031092,Wilsons Promontory,South Gippsland,26170
3960,MOUNT BEST,VIC,Delivery Area,Updated 6-Feb-2020,-38.5879921,146.2985284,20503109201,Wilsons Promontory,205031092,Wilsons Promontory,South Gippsland,26170
3960,RUMBUG,VIC,Delivery Area,Updated 6-Feb-2020,-38.5792,146.195,20503109201,Wilsons Promontory,205031092,Wilsons Promontory,South Gippsland,26170
3960,SHALLOW INLET,VIC,Delivery Area,Updated 6-Feb-2020,-38.8166667,146.1666667,20503109201,Wilsons Promontory,205031092,Wilsons Promontory,South Gippsland,26170
3960,TIDAL RIVER,VIC,Delivery Area,Updated 6-Feb-2020,-39.0317235,146.3213055,20503109201,Wilsons Promontory,205031092,Wilsons Promontory,South Gippsland,26170
3960,TURTONS CREEK,VIC,Delivery Area,Updated 6-Feb-2020,-38.5539398,146.2279754,20503109201,Wilsons Promontory,205031092,Wilsons Promontory,South Gippsland,26170
3960,WILSONS PROMONTORY,VIC,Delivery Area,Updated 6-Feb-2020,-38.9588559,146.3682269,20503109201,Wilsons Promontory,205031092,Wilsons Promontory,South Gippsland,26170
3960,WONGA,VIC,Delivery Area,Updated 6-Feb-2020,-38.5988034,146.2475293,20503109201,Wilsons Promontory,205031092,Wilsons Promontory,South Gippsland,26170
3960,WOORARRA WEST,VIC,Delivery Area,Updated 6-Feb-2020,-38.5919298,146.2175017,20503109201,Wilsons Promontory,205031092,Wilsons Promontory,South Gippsland,26170
3960,YANAKIE,VIC,Delivery Area,Updated 6-Feb-2020,-38.8071478,146.2223893,20503109201,Wilsons Promontory,205031092,Wilsons Promontory,South Gippsland,26170
3962,AGNES,VIC,Delivery Area,Updated 6-Feb-2020,-38.6577757,146.3819528,20505110404,Wonyip,205051104,Yarram,Wellington,26810
3962,CHRISTIES,VIC,Delivery Area,Updated 6-Feb-2020,-35.135,138.477,20505110404,Wonyip,205051104,Yarram,Wellington,26810
3962,GRAND RIDGE,VIC,Delivery Area,Updated 6-Feb-2020,-38.6183,146.349,20505110404,Wonyip,205051104,Yarram,Wellington,26810
3962,TOORA,VIC,Delivery Area,Updated 6-Feb-2020,-38.6597789,146.3041191,20505110404,Wonyip,205051104,Yarram,Wellington,26810
3962,TOORA NORTH,VIC,Delivery Area,Updated 6-Feb-2020,-38.6183432,146.3488562,20505110404,Wonyip,205051104,Yarram,Wellington,26810
3962,WONYIP,VIC,Delivery Area,Updated 6-Feb-2020,-38.5773275,146.3789259,20505110404,Wonyip,205051104,Yarram,Wellington,26810
3962,WOORARRA,VIC,Delivery Area,Updated 6-Feb-2020,-38.5717941,146.3893475,20505110404,Wonyip,205051104,Yarram,Wellington,26810
3962,WOORARRA EAST,VIC,Delivery Area,Updated 6-Feb-2020,-38.6040803,146.3768277,20505110404,Wonyip,205051104,Yarram,Wellington,26810
3964,PORT FRANKLIN,VIC,Delivery Area,Updated 6-Feb-2020,-38.6847281,146.2733747,20503108711,Toora (Vic.),205031087,Foster,South Gippsland,26170
3965,PORT WELSHPOOL,VIC,Delivery Area,Updated 6-Feb-2020,-38.692708,146.4775937,20503108709,Welshpool (Vic.),205031087,Foster,South Gippsland,26170
3966,BINGINWARRI,VIC,Delivery Area,Updated 6-Feb-2020,-38.5970662,146.4544127,20505110404,Wonyip,205051104,Yarram,Wellington,26810
3966,HAZEL PARK,VIC,Delivery Area,Updated 6-Feb-2020,-38.6357142,146.3880186,20505110404,Wonyip,205051104,Yarram,Wellington,26810
3966,WELSHPOOL,VIC,Delivery Area,Updated 6-Feb-2020,-38.666667,146.433333,20505110404,Wonyip,205051104,Yarram,Wellington,26810
3967,HEDLEY,VIC,Delivery Area,Updated 6-Feb-2020,-38.6705951,146.5392256,20505110407,Woodside (Vic.),205051104,Yarram,Wellington,26810
3971,ALBERTON,VIC,Delivery Area,Updated 6-Feb-2020,-38.616667,146.666667,20505110416,Yarram,205051104,Yarram,,
3971,ALBERTON WEST,VIC,Delivery Area,Updated 6-Feb-2020,-38.6,146.590556,20505110416,Yarram,205051104,Yarram,,
3971,BALOOK,VIC,Delivery Area,Updated 6-Feb-2020,-38.4312045,146.5425534,20505110416,Yarram,205051104,Yarram,,
3971,BAROMI,VIC,Delivery Area,Updated 6-Feb-2020,-38.4024,146.177,20505110416,Yarram,205051104,Yarram,,
3971,CALROSSIE,VIC,Delivery Area,Updated 6-Feb-2020,-38.5015718,146.6682205,20505110416,Yarram,205051104,Yarram,,
3971,DEVON NORTH,VIC,Delivery Area,Updated 6-Feb-2020,-38.5188799,146.6436701,20505110416,Yarram,205051104,Yarram,,
3971,GELLIONDALE,VIC,Delivery Area,Updated 6-Feb-2020,-38.6277438,146.604753,20505110416,Yarram,205051104,Yarram,,
3971,HIAWATHA,VIC,Delivery Area,Updated 6-Feb-2020,-38.5385525,146.4730429,20505110416,Yarram,205051104,Yarram,,
3971,HUNTERSTON,VIC,Delivery Area,Updated 6-Feb-2020,-38.5994635,146.7829884,20505110416,Yarram,205051104,Yarram,,
3971,JACK RIVER,VIC,Delivery Area,Updated 6-Feb-2020,-38.570278,146.553889,20505110416,Yarram,205051104,Yarram,,
3971,LANGSBOROUGH,VIC,Delivery Area,Updated 6-Feb-2020,-38.649903,146.6710267,20505110416,Yarram,205051104,Yarram,,
3971,MACKS CREEK,VIC,Delivery Area,Updated 6-Feb-2020,-38.4790153,146.6426181,20505110416,Yarram,205051104,Yarram,,
3971,MADALYA,VIC,Delivery Area,Updated 6-Feb-2020,-38.5083216,146.4989502,20505110416,Yarram,205051104,Yarram,,
3971,MANNS BEACH,VIC,Delivery Area,Updated 6-Feb-2020,-38.6450517,146.7755155,20505110416,Yarram,205051104,Yarram,,
3971,PORT ALBERT,VIC,Delivery Area,Updated 6-Feb-2020,-38.665278,146.688333,20505110416,Yarram,205051104,Yarram,,
3971,ROBERTSONS BEACH,VIC,Delivery Area,Updated 6-Feb-2020,-38.6544922,146.7282198,20505110416,Yarram,205051104,Yarram,,
3971,SNAKE ISLAND,VIC,Delivery Area,Updated 6-Feb-2020,-38.7704,146.545,20505110416,Yarram,205051104,Yarram,,
3971,STACEYS BRIDGE,VIC,Delivery Area,Updated 6-Feb-2020,-38.5603115,146.5287173,20505110416,Yarram,205051104,Yarram,,
3971,TARRA VALLEY,VIC,Delivery Area,Updated 6-Feb-2020,-38.4671826,146.5802188,20505110416,Yarram,205051104,Yarram,,
3971,TARRAVILLE,VIC,Delivery Area,Updated 6-Feb-2020,-38.6280474,146.7204985,20505110416,Yarram,205051104,Yarram,,
3971,WON WRON,VIC,Delivery Area,Updated 6-Feb-2020,-38.4610555,146.7082159,20505110416,Yarram,205051104,Yarram,,
3971,YARRAM,VIC,Delivery Area,Updated 6-Feb-2020,-38.565594,146.6751045,20505110416,Yarram,205051104,Yarram,,
3975,LYNBROOK,VIC,Delivery Area,Updated 6-Feb-2020,-38.05,145.252,21204156405,Lyndhurst (Vic.),212041564,Dandenong - South,Greater Dandenong,22670
3975,LYNDHURST,VIC,Delivery Area,Updated 6-Feb-2020,-38.0704681,145.2424941,21204156405,Lyndhurst (Vic.),212041564,Dandenong - South,Greater Dandenong,22670
3976,HAMPTON PARK,VIC,Delivery Area,Updated 6-Feb-2020,-38.0349647,145.2756505,21203156227,Hampton Park,212031562,Hampton Park - West,Casey,21610
3977,BOTANIC RIDGE,VIC,Delivery Area,Updated 6-Feb-2020,-38.144,145.267,21401137632,Sandhurst,214011376,Skye - Sandhurst,Frankston,22170
3977,CANNONS CREEK,VIC,Delivery Area,Updated 6-Feb-2020,-38.213,145.315,21401137632,Sandhurst,214011376,Skye - Sandhurst,Frankston,22170
3977,CRANBOURNE,VIC,Delivery Area,Updated 6-Feb-2020,-38.105,145.279,21401137632,Sandhurst,214011376,Skye - Sandhurst,Frankston,22170
3977,CRANBOURNE EAST,VIC,Delivery Area,Updated 6-Feb-2020,-38.1163346,145.307612,21401137632,Sandhurst,214011376,Skye - Sandhurst,Frankston,22170
3977,CRANBOURNE NORTH,VIC,Delivery Area,Updated 6-Feb-2020,-38.07,145.291,21401137632,Sandhurst,214011376,Skye - Sandhurst,Frankston,22170
3977,CRANBOURNE SOUTH,VIC,Delivery Area,Updated 6-Feb-2020,-38.1581064,145.2535448,21401137632,Sandhurst,214011376,Skye - Sandhurst,Frankston,22170
3977,CRANBOURNE WEST,VIC,Delivery Area,Updated 6-Feb-2020,-38.1021731,145.2535448,21401137632,Sandhurst,214011376,Skye - Sandhurst,Frankston,22170
3977,DEVON MEADOWS,VIC,Delivery Area,Updated 6-Feb-2020,-38.162,145.303,21401137632,Sandhurst,214011376,Skye - Sandhurst,Frankston,22170
3977,FIVE WAYS,VIC,Delivery Area,Updated 6-Feb-2020,-38.1671,145.32,21401137632,Sandhurst,214011376,Skye - Sandhurst,Frankston,22170
3977,JUNCTION VILLAGE,VIC,Delivery Area,Updated 6-Feb-2020,-38.132,145.293,21401137632,Sandhurst,214011376,Skye - Sandhurst,Frankston,22170
3977,SANDHURST,VIC,Delivery Area,Updated 6-Feb-2020,-38.081,145.207,21401137632,Sandhurst,214011376,Skye - Sandhurst,Frankston,22170
3977,SKYE,VIC,Delivery Area,Updated 6-Feb-2020,-38.119,145.2,21401137632,Sandhurst,214011376,Skye - Sandhurst,Frankston,22170
3978,CARDINIA,VIC,Delivery Area,Updated 6-Feb-2020,-38.147,145.423,21203155826,Clyde (Vic.),212031558,Cranbourne East - South,Cardinia,21450
3978,CLYDE,VIC,Delivery Area,Updated 6-Feb-2020,-38.132,145.327,21203155826,Clyde (Vic.),212031558,Cranbourne East - South,Cardinia,21450
3978,CLYDE NORTH,VIC,Delivery Area,Updated 6-Feb-2020,-38.1062834,145.3484256,21203155826,Clyde (Vic.),212031558,Cranbourne East - South,Cardinia,21450
3979,ALMURTA,VIC,Delivery Area,Updated 6-Feb-2020,-38.4723141,145.6211838,20503109309,Krowera,205031093,Wonthaggi - Inverloch,Bass Coast,20740
3979,GLEN ALVIE,VIC,Delivery Area,Updated 6-Feb-2020,-38.5287872,145.6488124,20503109309,Krowera,205031093,Wonthaggi - Inverloch,Bass Coast,20740
3979,KERNOT,VIC,Delivery Area,Updated 6-Feb-2020,-38.4401032,145.6200499,20503109309,Krowera,205031093,Wonthaggi - Inverloch,Bass Coast,20740
3979,KORRINE,VIC,Delivery Area,Updated 6-Feb-2020,-38.5131586,145.6419624,20503109309,Krowera,205031093,Wonthaggi - Inverloch,Bass Coast,20740
3980,BLIND BIGHT,VIC,Delivery Area,Updated 6-Feb-2020,-38.2138627,145.339912,21203130822,Warneet,212031308,Pearcedale - Tooradin,Cardinia,21450
3980,TOORADIN,VIC,Delivery Area,Updated 6-Feb-2020,-38.211111,145.38,21203130822,Warneet,212031308,Pearcedale - Tooradin,Cardinia,21450
3980,WARNEET,VIC,Delivery Area,Updated 6-Feb-2020,-38.224,145.309,21203130822,Warneet,212031308,Pearcedale - Tooradin,Cardinia,21450
3981,BAYLES,VIC,Delivery Area,Updated 6-Feb-2020,-38.182,145.575,21201154826,Koo Wee Rup,212011548,Koo Wee Rup,Baw Baw,20830
3981,CATANI,VIC,Delivery Area,Updated 6-Feb-2020,-38.183333,145.65,21201154826,Koo Wee Rup,212011548,Koo Wee Rup,Baw Baw,20830
3981,DALMORE,VIC,Delivery Area,Updated 6-Feb-2020,-38.19,145.425,21201154826,Koo Wee Rup,212011548,Koo Wee Rup,Baw Baw,20830
3981,HEATH HILL,VIC,Delivery Area,Updated 6-Feb-2020,-38.244,145.692,21201154826,Koo Wee Rup,212011548,Koo Wee Rup,Baw Baw,20830
3981,KOO WEE RUP,VIC,Delivery Area,Updated 6-Feb-2020,-38.198,145.489,21201154826,Koo Wee Rup,212011548,Koo Wee Rup,Baw Baw,20830
3981,KOO WEE RUP NORTH,VIC,Delivery Area,Updated 6-Feb-2020,-38.1486911,145.5385871,21201154826,Koo Wee Rup,212011548,Koo Wee Rup,Baw Baw,20830
3981,YANNATHAN,VIC,Delivery Area,Updated 6-Feb-2020,-38.233333,145.633333,21201154826,Koo Wee Rup,212011548,Koo Wee Rup,Baw Baw,20830
3984,ADAMS ESTATE,VIC,Delivery Area,Updated 6-Feb-2020,-38.4256676,145.5323505,21201154824,Lang Lang,212011548,Koo Wee Rup,South Gippsland,26170
3984,CALDERMEADE,VIC,Delivery Area,Updated 6-Feb-2020,-38.2380228,145.576448,21201154824,Lang Lang,212011548,Koo Wee Rup,South Gippsland,26170
3984,CORINELLA,VIC,Delivery Area,Updated 6-Feb-2020,-38.4242265,145.463777,21201154824,Lang Lang,212011548,Koo Wee Rup,South Gippsland,26170
3984,CORONET BAY,VIC,Delivery Area,Updated 6-Feb-2020,-38.433333,145.45,21201154824,Lang Lang,212011548,Koo Wee Rup,South Gippsland,26170
3984,GRANTVILLE,VIC,Delivery Area,Updated 6-Feb-2020,-38.4,145.533333,21201154824,Lang Lang,212011548,Koo Wee Rup,South Gippsland,26170
3984,JAM JERRUP,VIC,Delivery Area,Updated 6-Feb-2020,-38.3217802,145.5204241,21201154824,Lang Lang,212011548,Koo Wee Rup,South Gippsland,26170
3984,LANG LANG,VIC,Delivery Area,Updated 6-Feb-2020,-38.266667,145.566667,21201154824,Lang Lang,212011548,Koo Wee Rup,South Gippsland,26170
3984,LANG LANG EAST,VIC,Delivery Area,Updated 6-Feb-2020,-38.2728983,145.6523091,21201154824,Lang Lang,212011548,Koo Wee Rup,South Gippsland,26170
3984,MONOMEITH,VIC,Delivery Area,Updated 6-Feb-2020,-38.2155589,145.5378941,21201154824,Lang Lang,212011548,Koo Wee Rup,South Gippsland,26170
3984,PIONEER BAY,VIC,Delivery Area,Updated 6-Feb-2020,-38.3805015,145.5503685,21201154824,Lang Lang,212011548,Koo Wee Rup,South Gippsland,26170
3984,QUEENSFERRY,VIC,Delivery Area,Updated 6-Feb-2020,-38.4193115,145.5011741,21201154824,Lang Lang,212011548,Koo Wee Rup,South Gippsland,26170
3984,TENBY POINT,VIC,Delivery Area,Updated 6-Feb-2020,-38.4146878,145.473471,21201154824,Lang Lang,212011548,Koo Wee Rup,South Gippsland,26170
3984,THE GURDIES,VIC,Delivery Area,Updated 6-Feb-2020,-38.3863916,145.5659261,21201154824,Lang Lang,212011548,Koo Wee Rup,South Gippsland,26170
3987,NYORA,VIC,Delivery Area,Updated 6-Feb-2020,-38.3054452,145.6800684,21201154819,Nyora (Vic.),212011548,Koo Wee Rup,Baw Baw,20830
3988,MOUNTAIN VIEW,VIC,Delivery Area,Updated 6-Feb-2020,-38.2975183,145.850207,20503108916,Poowong North,205031089,Korumburra,Baw Baw,20830
3988,POOWONG,VIC,Delivery Area,Updated 6-Feb-2020,-38.35,145.75,20503108916,Poowong North,205031089,Korumburra,Baw Baw,20830
3988,POOWONG EAST,VIC,Delivery Area,Updated 6-Feb-2020,-38.3182611,145.8264786,20503108916,Poowong North,205031089,Korumburra,Baw Baw,20830
3988,POOWONG NORTH,VIC,Delivery Area,Updated 6-Feb-2020,-38.286259,145.7911919,20503108916,Poowong North,205031089,Korumburra,Baw Baw,20830
3989,ST HELIER,VIC,Delivery Area,Updated 25-Jan-2020,-31.8251,144.963937,,,,,Mildura,24780
3990,GLEN FORBES,VIC,Delivery Area,Updated 6-Feb-2020,-38.4399786,145.5247285,20503109310,Tenby Point,205031093,Wonthaggi - Inverloch,Bass Coast,20740
3991,BASS,VIC,Delivery Area,Updated 6-Feb-2020,-38.4734903,145.4582381,20503109338,San Remo (Vic.),205031093,Wonthaggi - Inverloch,Bass Coast,20740
3992,BLACKWOOD FOREST,VIC,Delivery Area,Updated 6-Feb-2020,-38.496757,145.613081,20503109313,West Creek,205031093,Wonthaggi - Inverloch,Bass Coast,20740
3992,DALYSTON,VIC,Delivery Area,Updated 6-Feb-2020,-38.5648841,145.5342757,20503109313,West Creek,205031093,Wonthaggi - Inverloch,Bass Coast,20740
3992,RYANSTON,VIC,Delivery Area,Updated 6-Feb-2020,-38.4993994,145.5912693,20503109313,West Creek,205031093,Wonthaggi - Inverloch,Bass Coast,20740
3992,WEST CREEK,VIC,Delivery Area,Updated 6-Feb-2020,-38.5522052,145.6294143,20503109313,West Creek,205031093,Wonthaggi - Inverloch,Bass Coast,20740
3995,ANDERSON,VIC,Delivery Area,Updated 6-Feb-2020,-38.5227147,145.4526995,20503109366,Cape Paterson,205031093,Wonthaggi - Inverloch,Bass Coast,20740
3995,ARCHIES CREEK,VIC,Delivery Area,Updated 6-Feb-2020,-38.548056,145.563611,20503109366,Cape Paterson,205031093,Wonthaggi - Inverloch,Bass Coast,20740
3995,CAPE PATERSON,VIC,Delivery Area,Updated 6-Feb-2020,-38.6717,145.6198,20503109366,Cape Paterson,205031093,Wonthaggi - Inverloch,Bass Coast,20740
3995,HARMERS HAVEN,VIC,Delivery Area,Updated 6-Feb-2020,-38.6549515,145.5774025,20503109366,Cape Paterson,205031093,Wonthaggi - Inverloch,Bass Coast,20740
3995,HICKSBOROUGH,VIC,Delivery Area,Updated 6-Feb-2020,-38.592247,145.5896427,20503109366,Cape Paterson,205031093,Wonthaggi - Inverloch,Bass Coast,20740
3995,KILCUNDA,VIC,Delivery Area,Updated 6-Feb-2020,-38.5498,145.4761,20503109366,Cape Paterson,205031093,Wonthaggi - Inverloch,Bass Coast,20740
3995,LANCE CREEK,VIC,Delivery Area,Updated 6-Feb-2020,-38.5514088,145.6540438,20503109366,Cape Paterson,205031093,Wonthaggi - Inverloch,Bass Coast,20740
3995,NORTH WONTHAGGI,VIC,Delivery Area,Updated 6-Feb-2020,-38.6089501,145.5911028,20503109366,Cape Paterson,205031093,Wonthaggi - Inverloch,Bass Coast,20740
3995,POWLETT RIVER,VIC,Delivery Area,Updated 6-Feb-2020,-38.5787598,145.5332945,20503109366,Cape Paterson,205031093,Wonthaggi - Inverloch,Bass Coast,20740
3995,SOUTH DUDLEY,VIC,Delivery Area,Updated 6-Feb-2020,-38.5899957,145.5774025,20503109366,Cape Paterson,205031093,Wonthaggi - Inverloch,Bass Coast,20740
3995,ST CLAIR,VIC,Delivery Area,Updated 6-Feb-2020,-38.5778035,145.6552581,20503109366,Cape Paterson,205031093,Wonthaggi - Inverloch,Bass Coast,20740
3995,WATTLE BANK,VIC,Delivery Area,Updated 6-Feb-2020,-38.5739972,145.6994958,20503109366,Cape Paterson,205031093,Wonthaggi - Inverloch,Bass Coast,20740
3995,WONTHAGGI,VIC,Delivery Area,Updated 6-Feb-2020,-38.6089501,145.5911028,20503109366,Cape Paterson,205031093,Wonthaggi - Inverloch,Bass Coast,20740
3995,WOOLAMAI,VIC,Delivery Area,Updated 6-Feb-2020,-38.5133112,145.4921696,20503109366,Cape Paterson,205031093,Wonthaggi - Inverloch,Bass Coast,20740
3996,INVERLOCH,VIC,Delivery Area,Updated 6-Feb-2020,-38.6334,145.7278,20503109368,Inverloch,205031093,Wonthaggi - Inverloch,South Gippsland,26170
3996,POUND CREEK,VIC,Delivery Area,Updated 6-Feb-2020,-38.6041152,145.8628005,20503109368,Inverloch,205031093,Wonthaggi - Inverloch,South Gippsland,26170
8003,COLLINS STREET EAST,VIC,,Updated 4-Dec-2022,-37.8183,144.957,,,,,Melbourne,24600
8007,COLLINS STREET WEST,VIC,,Updated 4-Dec-2022,-37.8183,144.957,,,,,Melbourne,24600
8008,ST KILDA ROAD CENTRAL,VIC,,Updated 25-Mar-2020 SA3,-37.8428,144.978,,,,,Port Phillip,25900
8012,DOCKLANDS,VIC,,Updated 25-Mar-2020 SA3,-37.819,144.947,,,,,Melbourne,24600
8045,MELBOURNE,VIC,LVR,Updated 17-Mar-2024 AUSPOST,-37.8136276,144.9630576,,,,,Port Phillip,25900
8051,MELBOURNE,VIC,LVR,Updated 17-Mar-2024 AUSPOST,-37.8136276,144.9630576,,,,,Port Phillip,25900
8066,MELBOURNE,VIC,LVR,Updated 17-Mar-2024 AUSPOST,-37.8136276,144.9630576,,,,,Port Phillip,25900
8069,MELBOURNE,VIC,LVR,Updated 17-Mar-2024 AUSPOST,-37.8136276,144.9630576,,,,,Port Phillip,25900
8070,MELBOURNE,VIC,LVR,Updated 17-Mar-2024 AUSPOST,-37.8136276,144.9630576,,,,,Port Phillip,25900
8071,MELBOURNE,VIC,LVR,Updated 17-Mar-2024 AUSPOST,-37.8136276,144.9630576,,,,,Port Phillip,25900
8102,MELBOURNE,VIC,LVR,Updated 17-Mar-2024 AUSPOST,-37.8136276,144.9630576,,,,,Port Phillip,25900
8107,MELBOURNE,VIC,LVR,Updated 17-Mar-2024 AUSPOST,-37.8136276,144.9630576,,,,,Port Phillip,25900
8111,MELBOURNE,VIC,LVR,Updated 17-Mar-2024 AUSPOST,-37.8136276,144.9630576,,,,,Port Phillip,25900
8120,MELBOURNE,VIC,LVR,Updated 17-Mar-2024 AUSPOST,-37.8136276,144.9630576,,,,,Port Phillip,25900
8205,MELBOURNE,VIC,LVR,Updated 17-Mar-2024 AUSPOST,-37.8136276,144.9630576,,,,,Port Phillip,25900
8383,MELBOURNE,VIC,LVR,Updated 17-Mar-2024 AUSPOST,-37.8144373,144.9825846,,,,,Mildura,
8511,SUNSHINE WEST,VIC,LVR,Updated 17-Mar-2024 AUSPOST,-37.7980994,144.8110787,,,,,South Gippsland,
8785,DANDENONG SOUTH,VIC,LVR,Updated 6-Sep-2025,-37.9847811,145.2139907,,,,,Greater Dandenong,22670
9999,NORTH POLE,VIC,Delivery Area,Added 1-July-2021,-37.8152065,144.963937,,,,,Melbourne,24600
